architecture,strain,cycle_sequence,delta_R_over_R0_percent
CNT/CB single layer,30%,0.0,0.0
CNT/CB single layer,30%,0.0016812373907195695,3.1236251649802003
CNT/CB single layer,30%,0.003362474781439139,3.2556093268807698
CNT/CB single layer,30%,0.00504371217215871,3.2556093268807698
CNT/CB single layer,30%,0.006724949562878278,3.2556093268807698
CNT/CB single layer,30%,0.008406186953597848,3.2556093268807698
CNT/CB single layer,30%,0.01008742434431742,3.2556093268807698
CNT/CB single layer,30%,0.011768661735036988,3.2996040475143014
CNT/CB single layer,30%,0.013449899125756556,3.34359876814782
CNT/CB single layer,30%,0.015131136516476126,3.34359876814782
CNT/CB single layer,30%,0.016812373907195696,3.3875934887813397
CNT/CB single layer,30%,0.018493611297915265,3.431588209414871
CNT/CB single layer,30%,0.02017484868863484,3.4755829300483896
CNT/CB single layer,30%,0.021856086079354405,3.5195776506819207
CNT/CB single layer,30%,0.023537323470073975,3.5195776506819207
CNT/CB single layer,30%,0.025218560860793545,3.6515618125824907
CNT/CB single layer,30%,0.02689979825151311,3.7395512538495415
CNT/CB single layer,30%,0.02858103564223268,3.7395512538495415
CNT/CB single layer,30%,0.03026227303295225,3.871535415750111
CNT/CB single layer,30%,0.03194351042367182,3.9595248570171613
CNT/CB single layer,30%,0.03362474781439139,4.003519577650681
CNT/CB single layer,30%,0.03530598520511096,4.13550373955125
CNT/CB single layer,30%,0.03698722259583053,4.2234931808183
CNT/CB single layer,30%,0.0386684599865501,4.26748790145182
CNT/CB single layer,30%,0.04034969737726968,4.487461504619439
CNT/CB single layer,30%,0.04203093476798924,4.619445666520021
CNT/CB single layer,30%,0.04371217215870881,4.79542454905411
CNT/CB single layer,30%,0.045393409549428373,4.971403431588212
CNT/CB single layer,30%,0.04707464694014795,5.1473823141223
CNT/CB single layer,30%,0.04875588433086751,5.279366476022882
CNT/CB single layer,30%,0.05043712172158709,5.587329520457541
CNT/CB single layer,30%,0.05211835911230666,5.895292564892211
CNT/CB single layer,30%,0.05379959650302622,6.115266168059831
CNT/CB single layer,30%,0.0554808338937458,6.33523977122745
CNT/CB single layer,30%,0.05716207128446536,6.467223933128021
CNT/CB single layer,30%,0.05884330867518494,6.555213374395071
CNT/CB single layer,30%,0.0605245460659045,6.731192256929172
CNT/CB single layer,30%,0.06220578345662407,6.81918169819621
CNT/CB single layer,30%,0.06388702084734364,6.995160580730311
CNT/CB single layer,30%,0.06556825823806321,7.215134183897931
CNT/CB single layer,30%,0.06724949562878278,7.347118345798501
CNT/CB single layer,30%,0.06893073301950235,7.655081390233172
CNT/CB single layer,30%,0.07061197041022192,7.963044434667841
CNT/CB single layer,30%,0.07229320780094149,8.271007479102513
CNT/CB single layer,30%,0.07397444519166106,8.578970523537171
CNT/CB single layer,30%,0.07565568258238063,8.930928288605362
CNT/CB single layer,30%,0.0773369199731002,9.15090189177298
CNT/CB single layer,30%,0.07901815736381977,9.414870215574132
CNT/CB single layer,30%,0.08069939475453936,9.81082270127584
CNT/CB single layer,30%,0.0823806321452589,10.07479102507698
CNT/CB single layer,30%,0.08406186953597848,10.206775186977563
CNT/CB single layer,30%,0.08574310692669805,10.426748790145183
CNT/CB single layer,30%,0.08742434431741762,10.73471183457984
CNT/CB single layer,30%,0.08910558170813718,10.998680158381005
CNT/CB single layer,30%,0.09078681909885675,11.306643202815662
CNT/CB single layer,30%,0.09246805648957633,11.570611526616801
CNT/CB single layer,30%,0.0941492938802959,11.878574571051484
CNT/CB single layer,30%,0.09583053127101547,12.362516498020243
CNT/CB single layer,30%,0.09751176866173503,12.6704795424549
CNT/CB single layer,30%,0.0991930060524546,12.890453145622521
CNT/CB single layer,30%,0.10087424344317418,13.19841619005718
CNT/CB single layer,30%,0.10255548083389375,13.506379234491863
CNT/CB single layer,30%,0.10423671822461332,13.814342278926523
CNT/CB single layer,30%,0.10591795561533288,14.122305323361203
CNT/CB single layer,30%,0.10759919300605245,14.342278926528824
CNT/CB single layer,30%,0.10928043039677203,14.694236691597002
CNT/CB single layer,30%,0.1109616677874916,14.958205015398141
CNT/CB single layer,30%,0.11264290517821116,15.266168059832824
CNT/CB single layer,30%,0.11432414256893073,15.39815222173338
CNT/CB single layer,30%,0.1160053799596503,15.706115266168064
CNT/CB single layer,30%,0.11768661735036988,16.014078310602724
CNT/CB single layer,30%,0.11936785474108945,16.190057193136823
CNT/CB single layer,30%,0.121049092131809,16.410030796304444
CNT/CB single layer,30%,0.12273032952252858,16.7179938407391
CNT/CB single layer,30%,0.12441156691324814,16.93796744390672
CNT/CB single layer,30%,0.12609280430396771,17.201935767707884
CNT/CB single layer,30%,0.12777404169468728,17.377914650241962
CNT/CB single layer,30%,0.12945527908540685,17.641882974043124
CNT/CB single layer,30%,0.13113651647612642,17.905851297844265
CNT/CB single layer,30%,0.132817753866846,18.213814342278923
CNT/CB single layer,30%,0.13449899125756556,18.653761548614163
CNT/CB single layer,30%,0.13618022864828513,18.873735151781784
CNT/CB single layer,30%,0.1378614660390047,19.049714034315883
CNT/CB single layer,30%,0.13954270342972427,19.269687637483504
CNT/CB single layer,30%,0.14122394082044384,19.533655961284644
CNT/CB single layer,30%,0.14290517821116341,19.753629564452265
CNT/CB single layer,30%,0.14458641560188298,20.105587329520468
CNT/CB single layer,30%,0.14626765299260255,20.325560932688084
CNT/CB single layer,30%,0.14794889038332212,20.457545094588642
CNT/CB single layer,30%,0.1496301277740417,20.589529256489225
CNT/CB single layer,30%,0.15131136516476126,20.853497580290366
CNT/CB single layer,30%,0.15299260255548083,21.073471183457983
CNT/CB single layer,30%,0.1546738399462004,21.337439507259123
CNT/CB single layer,30%,0.15635507733691995,21.513418389793223
CNT/CB single layer,30%,0.15803631472763954,21.777386713594364
CNT/CB single layer,30%,0.1597175521183591,21.997360316761984
CNT/CB single layer,30%,0.1613987895090787,22.173339199296084
CNT/CB single layer,30%,0.16308002689979825,22.305323361196667
CNT/CB single layer,30%,0.1647612642905178,22.437307523097225
CNT/CB single layer,30%,0.1664425016812374,22.657281126264845
CNT/CB single layer,30%,0.16812373907195696,22.877254729432465
CNT/CB single layer,30%,0.16980497646267656,23.053233611966565
CNT/CB single layer,30%,0.1714862138533961,23.361196656401223
CNT/CB single layer,30%,0.17316745124411564,23.493180818301802
CNT/CB single layer,30%,0.17484868863483524,23.669159700835905
CNT/CB single layer,30%,0.1765299260255548,23.84513858336998
CNT/CB single layer,30%,0.17821116341627435,24.021117465904084
CNT/CB single layer,30%,0.17989240080699395,24.197096348438187
CNT/CB single layer,30%,0.1815736381977135,24.417069951605804
CNT/CB single layer,30%,0.1832548755884331,24.505059392872845
CNT/CB single layer,30%,0.18493611297915266,24.769027716674007
CNT/CB single layer,30%,0.1866173503698722,25.032996040475147
CNT/CB single layer,30%,0.1882985877605918,25.164980202375702
CNT/CB single layer,30%,0.18997982515131134,25.296964364276285
CNT/CB single layer,30%,0.19166106254203094,25.560932688077425
CNT/CB single layer,30%,0.1933422999327505,25.780906291245042
CNT/CB single layer,30%,0.19502353732347005,26.000879894412666
CNT/CB single layer,30%,0.19670477471418965,26.13286405631325
CNT/CB single layer,30%,0.1983860121049092,26.264848218213803
CNT/CB single layer,30%,0.2000672494956288,26.48482182138142
CNT/CB single layer,30%,0.20174848688634836,26.660800703915527
CNT/CB single layer,30%,0.2034297242770679,26.836779586449627
CNT/CB single layer,30%,0.2051109616677875,27.100747910250767
CNT/CB single layer,30%,0.20679219905850704,27.232732072151343
CNT/CB single layer,30%,0.20847343644922664,27.496700395952484
CNT/CB single layer,30%,0.2101546738399462,27.672679278486584
CNT/CB single layer,30%,0.21183591123066575,27.84865816102069
CNT/CB single layer,30%,0.21351714862138535,28.156621205455345
CNT/CB single layer,30%,0.2151983860121049,28.288605367355927
CNT/CB single layer,30%,0.21687962340282446,28.55257369115707
CNT/CB single layer,30%,0.21856086079354406,28.81654201495821
CNT/CB single layer,30%,0.2202420981842636,29.036515618125826
CNT/CB single layer,30%,0.2219233355749832,29.344478662560487
CNT/CB single layer,30%,0.22360457296570274,29.696436427628687
CNT/CB single layer,30%,0.2252858103564223,30.00439947206334
CNT/CB single layer,30%,0.2269670477471419,30.224373075230965
CNT/CB single layer,30%,0.22864828513786145,30.488341399032105
CNT/CB single layer,30%,0.23032952252858105,30.884293884733825
CNT/CB single layer,30%,0.2320107599193006,31.104267487901442
CNT/CB single layer,30%,0.23369199731002016,31.324241091069066
CNT/CB single layer,30%,0.23537323470073976,31.63220413550375
CNT/CB single layer,30%,0.2370544720914593,31.852177738671365
CNT/CB single layer,30%,0.2387357094821789,32.11614606247251
CNT/CB single layer,30%,0.24041694687289844,32.38011438627365
CNT/CB single layer,30%,0.242098184263618,32.644082710074784
CNT/CB single layer,30%,0.2437794216543376,32.86405631324241
CNT/CB single layer,30%,0.24546065904505715,33.084029916410024
CNT/CB single layer,30%,0.24714189643577675,33.523977122745265
CNT/CB single layer,30%,0.2488231338264963,33.7879454465464
CNT/CB single layer,30%,0.25050437121721586,34.007919049714026
CNT/CB single layer,30%,0.25218560860793543,34.271887373515185
CNT/CB single layer,30%,0.253866845998655,34.53585569731633
CNT/CB single layer,30%,0.25554808338937457,34.84381874175099
CNT/CB single layer,30%,0.25722932078009414,35.107787065552124
CNT/CB single layer,30%,0.2589105581708137,35.50373955125385
CNT/CB single layer,30%,0.2605917955615333,35.72371315442147
CNT/CB single layer,30%,0.26227303295225285,36.11966564012319
CNT/CB single layer,30%,0.2639542703429724,36.427628684557845
CNT/CB single layer,30%,0.265635507733692,36.69159700835898
CNT/CB single layer,30%,0.26731674512441156,37.08754949406071
CNT/CB single layer,30%,0.26899798251513113,37.43950725912891
CNT/CB single layer,30%,0.2706792199058507,37.659480862296526
CNT/CB single layer,30%,0.27236045729657027,37.967443906731184
CNT/CB single layer,30%,0.27404169468728984,38.27540695116587
CNT/CB single layer,30%,0.2757229320780094,38.67135943686756
CNT/CB single layer,30%,0.277404169468729,39.02331720193577
CNT/CB single layer,30%,0.27908540685944855,39.37527496700397
CNT/CB single layer,30%,0.2807666442501681,39.683238011438625
CNT/CB single layer,30%,0.2824478816408877,40.29916410030797
CNT/CB single layer,30%,0.28412911903160726,40.69511658600967
CNT/CB single layer,30%,0.28581035642232683,41.04707435107787
CNT/CB single layer,30%,0.2874915938130464,41.39903211614607
CNT/CB single layer,30%,0.28917283120376597,41.794984601847766
CNT/CB single layer,30%,0.29085406859448554,42.190937087549486
CNT/CB single layer,30%,0.2925353059852051,42.76286845578531
CNT/CB single layer,30%,0.2942165433759247,43.15882094148703
CNT/CB single layer,30%,0.29589778076664425,43.68675758908931
CNT/CB single layer,30%,0.2975790181573638,44.08271007479103
CNT/CB single layer,30%,0.2992602555480834,44.52265728112627
CNT/CB single layer,30%,0.30094149293880296,44.91860976682799
CNT/CB single layer,30%,0.3026227303295225,45.35855697316323
CNT/CB single layer,30%,0.3043039677202421,45.798504179498444
CNT/CB single layer,30%,0.30598520511096167,46.282446106467226
CNT/CB single layer,30%,0.30766644250168124,46.72239331280247
CNT/CB single layer,30%,0.3093476798924008,47.33831940167178
CNT/CB single layer,30%,0.3110289172831204,47.86625604927409
CNT/CB single layer,30%,0.3127101546738399,48.350197976242846
CNT/CB single layer,30%,0.31439139206455957,49.45006599208095
CNT/CB single layer,30%,0.3160726294552791,50.10998680158381
CNT/CB single layer,30%,0.31775386684599866,51.51781786185657
CNT/CB single layer,30%,0.3194351042367182,52.79366476022878
CNT/CB single layer,30%,0.32111634162743774,53.54157501099866
CNT/CB single layer,30%,0.3227975790181574,54.33347998240211
CNT/CB single layer,30%,0.32447881640887694,55.08139023317201
CNT/CB single layer,30%,0.3261600537995965,56.00527936647603
CNT/CB single layer,30%,0.3278412911903161,56.92916849978003
CNT/CB single layer,30%,0.3295225285810356,58.07303123625165
CNT/CB single layer,30%,0.33120376597175527,59.12890453145623
CNT/CB single layer,30%,0.3328850033624748,60.360756709194895
CNT/CB single layer,30%,0.33456624075319435,61.72459304883413
CNT/CB single layer,30%,0.3362474781439139,61.02067751869775
CNT/CB single layer,30%,0.33792871553463344,60.14078310602727
CNT/CB single layer,30%,0.3396099529253531,59.70083589969203
CNT/CB single layer,30%,0.34129119031607263,59.39287285525737
CNT/CB single layer,30%,0.3429724277067922,59.17289925208975
CNT/CB single layer,30%,0.3446536650975118,58.90893092828862
CNT/CB single layer,30%,0.3463349024882313,58.732952045754516
CNT/CB single layer,30%,0.34801613987895097,58.55697316322042
CNT/CB single layer,30%,0.3496973772696705,58.380994280686316
CNT/CB single layer,30%,0.35137861466039005,58.29300483941927
CNT/CB single layer,30%,0.3530598520511096,58.07303123625165
CNT/CB single layer,30%,0.35474108944182914,57.94104707435107
CNT/CB single layer,30%,0.3564223268325487,57.76506819181697
CNT/CB single layer,30%,0.35810356422326833,57.54509458864935
CNT/CB single layer,30%,0.3597848016139879,57.413110426748794
CNT/CB single layer,30%,0.3614660390047075,57.23713154421469
CNT/CB single layer,30%,0.363147276395427,57.19313682358117
CNT/CB single layer,30%,0.36482851378614656,57.061152661680595
CNT/CB single layer,30%,0.3665097511768662,56.92916849978003
CNT/CB single layer,30%,0.36819098856758575,56.88517377914649
CNT/CB single layer,30%,0.3698722259583053,56.75318961724594
CNT/CB single layer,30%,0.37155346334902484,56.53321601407831
CNT/CB single layer,30%,0.3732347007397444,56.44522657281127
CNT/CB single layer,30%,0.37491593813046403,56.40123185217772
CNT/CB single layer,30%,0.3765971755211836,56.31324241091069
CNT/CB single layer,30%,0.3782784129119032,56.225252969643655
CNT/CB single layer,30%,0.3799596503026227,56.181258249010114
CNT/CB single layer,30%,0.38164088769334226,56.04927408710956
CNT/CB single layer,30%,0.3833221250840619,55.96128464584249
CNT/CB single layer,30%,0.38500336247478145,55.91728992520897
CNT/CB single layer,30%,0.386684599865501,55.87329520457545
CNT/CB single layer,30%,0.38836583725622054,55.829300483941935
CNT/CB single layer,30%,0.3900470746469401,55.697316322041345
CNT/CB single layer,30%,0.39172831203765973,55.65332160140783
CNT/CB single layer,30%,0.3934095494283793,55.60932688077431
CNT/CB single layer,30%,0.39509078681909887,55.52133743950725
CNT/CB single layer,30%,0.3967720242098184,55.477342718873736
CNT/CB single layer,30%,0.39845326160053796,55.433347998240215
CNT/CB single layer,30%,0.4001344989912576,55.38935327760669
CNT/CB single layer,30%,0.40181573638197715,55.30136383633963
CNT/CB single layer,30%,0.4034969737726967,55.25736911570611
CNT/CB single layer,30%,0.40517821116341624,55.21337439507259
CNT/CB single layer,30%,0.4068594485541358,55.16937967443907
CNT/CB single layer,30%,0.40854068594485543,55.08139023317201
CNT/CB single layer,30%,0.410221923335575,55.03739551253849
CNT/CB single layer,30%,0.41190316072629457,54.99340079190497
CNT/CB single layer,30%,0.4135843981170141,54.949406071271454
CNT/CB single layer,30%,0.41526563550773365,54.86141663000439
CNT/CB single layer,30%,0.4169468728984533,54.817421909370864
CNT/CB single layer,30%,0.41862811028917285,54.68543774747031
CNT/CB single layer,30%,0.4203093476798924,54.68543774747031
CNT/CB single layer,30%,0.42199058507061193,54.64144302683677
CNT/CB single layer,30%,0.4236718224613315,54.553453585569734
CNT/CB single layer,30%,0.42535305985205113,54.509458864936214
CNT/CB single layer,30%,0.4270342972427707,54.509458864936214
CNT/CB single layer,30%,0.42871553463349027,54.465464144302686
CNT/CB single layer,30%,0.4303967720242098,54.421469423669144
CNT/CB single layer,30%,0.43207800941492935,54.421469423669144
CNT/CB single layer,30%,0.4337592468056489,54.37747470303563
CNT/CB single layer,30%,0.43544048419636855,54.33347998240211
CNT/CB single layer,30%,0.4371217215870881,54.28948526176859
CNT/CB single layer,30%,0.43880295897780763,54.24549054113508
CNT/CB single layer,30%,0.4404841963685272,54.201495820501535
CNT/CB single layer,30%,0.4421654337592468,54.157501099868014
CNT/CB single layer,30%,0.4438466711499664,54.11350637923449
CNT/CB single layer,30%,0.44552790854068597,54.069511658600966
CNT/CB single layer,30%,0.4472091459314055,54.02551693796745
CNT/CB single layer,30%,0.44889038332212505,54.02551693796745
CNT/CB single layer,30%,0.4505716207128446,53.98152221733391
CNT/CB single layer,30%,0.45225285810356425,53.93752749670039
CNT/CB single layer,30%,0.4539340954942838,53.89353277606686
CNT/CB single layer,30%,0.45561533288500333,53.84953805543336
CNT/CB single layer,30%,0.4572965702757229,53.84953805543336
CNT/CB single layer,30%,0.45897780766644247,53.805543334799836
CNT/CB single layer,30%,0.4606590450571621,53.71755389353277
CNT/CB single layer,30%,0.46234028244788167,53.01363836339639
CNT/CB single layer,30%,0.4640215198386012,51.82578090629125
CNT/CB single layer,30%,0.46570275722932075,50.54993400791905
CNT/CB single layer,30%,0.4673839946200403,49.582050153981534
CNT/CB single layer,30%,0.46906523201075995,48.57017157941047
CNT/CB single layer,30%,0.4707464694014795,47.69027716673999
CNT/CB single layer,30%,0.47242770679219903,46.238451385833685
CNT/CB single layer,30%,0.4741089441829186,45.490541135063786
CNT/CB single layer,30%,0.47579018157363817,44.78662560492741
CNT/CB single layer,30%,0.4774714189643578,44.08271007479103
CNT/CB single layer,30%,0.47915265635507737,43.422789265288166
CNT/CB single layer,30%,0.4808338937457969,42.80686317641883
CNT/CB single layer,30%,0.48251513113651645,42.278926528816555
CNT/CB single layer,30%,0.484196368527236,41.794984601847766
CNT/CB single layer,30%,0.48587760591795565,41.311042674879005
CNT/CB single layer,30%,0.4875588433086752,40.82710074791025
CNT/CB single layer,30%,0.48924008069939473,40.21117465904091
CNT/CB single layer,30%,0.4909213180901143,39.63924329080511
CNT/CB single layer,30%,0.49260255548083387,39.243290805103385
CNT/CB single layer,30%,0.4942837928715535,38.847338319401665
CNT/CB single layer,30%,0.49596503026227307,38.36339639243291
CNT/CB single layer,30%,0.4976462676529926,38.011438627364704
CNT/CB single layer,30%,0.49932750504371215,37.659480862296526
CNT/CB single layer,30%,0.5010087424344317,37.30752309722833
CNT/CB single layer,30%,0.5026899798251514,37.04355477342719
CNT/CB single layer,30%,0.5043712172158709,36.73559172899253
CNT/CB single layer,30%,0.5060524546065904,36.427628684557845
CNT/CB single layer,30%,0.50773369199731,36.16366036075671
CNT/CB single layer,30%,0.5094149293880296,35.987681478222605
CNT/CB single layer,30%,0.5110961667787491,35.72371315442147
CNT/CB single layer,30%,0.5127774041694687,35.41575010998681
CNT/CB single layer,30%,0.5144586415601883,35.151781786185644
CNT/CB single layer,30%,0.5161398789509078,34.84381874175099
CNT/CB single layer,30%,0.5178211163416274,34.49186097668281
CNT/CB single layer,30%,0.519502353732347,34.13990321161461
CNT/CB single layer,30%,0.5211835911230666,33.87593488781347
CNT/CB single layer,30%,0.5228648285137861,33.65596128464585
CNT/CB single layer,30%,0.5245460659045057,33.43598768147823
CNT/CB single layer,30%,0.5262273032952253,33.21601407831061
CNT/CB single layer,30%,0.5279085406859448,33.040035195776504
CNT/CB single layer,30%,0.5295897780766644,32.86405631324241
CNT/CB single layer,30%,0.531271015467384,32.644082710074784
CNT/CB single layer,30%,0.5329522528581035,32.46810382754069
CNT/CB single layer,30%,0.5346334902488231,32.20413550373954
CNT/CB single layer,30%,0.5363147276395427,32.02815662120545
CNT/CB single layer,30%,0.5379959650302623,31.940167179938406
CNT/CB single layer,30%,0.5396772024209818,31.764188297404306
CNT/CB single layer,30%,0.5413584398117014,31.45622525296965
CNT/CB single layer,30%,0.543039677202421,31.23625164980203
CNT/CB single layer,30%,0.5447209145931405,31.016278046634405
CNT/CB single layer,30%,0.5464021519838601,30.796304443466788
CNT/CB single layer,30%,0.5480833893745797,30.576330840299164
CNT/CB single layer,30%,0.5497646267652992,30.356357237131547
CNT/CB single layer,30%,0.5514458641560188,30.224373075230965
CNT/CB single layer,30%,0.5531271015467384,30.048394192696865
CNT/CB single layer,30%,0.554808338937458,29.872415310162786
CNT/CB single layer,30%,0.5564895763281775,29.696436427628687
CNT/CB single layer,30%,0.5581708137188971,29.520457545094587
CNT/CB single layer,30%,0.5598520511096167,29.388473383194004
CNT/CB single layer,30%,0.5615332885003362,29.256489221293446
CNT/CB single layer,30%,0.5632145258910558,28.860536735591722
CNT/CB single layer,30%,0.5648957632817754,28.640563132424106
CNT/CB single layer,30%,0.566577000672495,28.55257369115707
CNT/CB single layer,30%,0.5682582380632145,28.37659480862297
CNT/CB single layer,30%,0.5699394754539341,28.244610646722386
CNT/CB single layer,30%,0.5716207128446537,28.068631764188307
CNT/CB single layer,30%,0.5733019502353732,27.980642322921245
CNT/CB single layer,30%,0.5749831876260928,27.760668719753625
CNT/CB single layer,30%,0.5766644250168124,27.58468983721952
CNT/CB single layer,30%,0.5783456624075319,27.496700395952484
CNT/CB single layer,30%,0.5800268997982515,27.364716234051905
CNT/CB single layer,30%,0.5817081371889711,27.188737351517826
CNT/CB single layer,30%,0.5833893745796906,27.056753189617243
CNT/CB single layer,30%,0.5850706119704102,26.880774307083144
CNT/CB single layer,30%,0.5867518493611298,26.616805983282006
CNT/CB single layer,30%,0.5884330867518494,26.440827100747903
CNT/CB single layer,30%,0.5901143241425689,26.30884293884735
CNT/CB single layer,30%,0.5917955615332885,26.264848218213803
CNT/CB single layer,30%,0.5934767989240081,26.176858776946766
CNT/CB single layer,30%,0.5951580363147276,26.044874615046183
CNT/CB single layer,30%,0.5968392737054472,25.516937967443905
CNT/CB single layer,30%,0.5985205110961668,25.428948526176864
CNT/CB single layer,30%,0.6002017484868863,25.3409590849098
CNT/CB single layer,30%,0.6018829858776059,25.252969643642764
CNT/CB single layer,30%,0.6035642232683255,25.164980202375702
CNT/CB single layer,30%,0.605245460659045,25.032996040475147
CNT/CB single layer,30%,0.6069266980497646,24.901011878574565
CNT/CB single layer,30%,0.6086079354404842,24.681038275406944
CNT/CB single layer,30%,0.6102891728312038,24.549054113506386
CNT/CB single layer,30%,0.6119704102219233,24.373075230972287
CNT/CB single layer,30%,0.6136516476126429,24.197096348438187
CNT/CB single layer,30%,0.6153328850033625,24.021117465904084
CNT/CB single layer,30%,0.617014122394082,23.84513858336998
CNT/CB single layer,30%,0.6186953597848016,23.669159700835905
CNT/CB single layer,30%,0.6203765971755212,23.44918609766829
CNT/CB single layer,30%,0.6220578345662408,23.317201935767702
CNT/CB single layer,30%,0.6237390719569603,23.229212494500665
CNT/CB single layer,30%,0.6254203093476798,23.097228332600082
CNT/CB single layer,30%,0.6271015467383995,22.833260008798945
CNT/CB single layer,30%,0.6287827841291191,22.657281126264845
CNT/CB single layer,30%,0.6304640215198386,22.525296964364287
CNT/CB single layer,30%,0.6321452589105582,22.393312802463704
CNT/CB single layer,30%,0.6338264963012776,22.26132864056312
CNT/CB single layer,30%,0.6355077336919973,22.129344478662567
CNT/CB single layer,30%,0.637188971082717,21.997360316761984
CNT/CB single layer,30%,0.6388702084734365,21.777386713594364
CNT/CB single layer,30%,0.640551445864156,21.601407831060264
CNT/CB single layer,30%,0.6422326832548755,21.469423669159703
CNT/CB single layer,30%,0.6439139206455952,21.337439507259123
CNT/CB single layer,30%,0.6455951580363148,21.249450065992086
CNT/CB single layer,30%,0.6472763954270343,21.029476462824466
CNT/CB single layer,30%,0.6489576328177539,20.853497580290366
CNT/CB single layer,30%,0.6506388702084733,20.765508139023325
CNT/CB single layer,30%,0.652320107599193,20.589529256489225
CNT/CB single layer,30%,0.6540013449899127,20.457545094588642
CNT/CB single layer,30%,0.6556825823806322,20.369555653321605
CNT/CB single layer,30%,0.6573638197713517,20.281566212054543
CNT/CB single layer,30%,0.6590450571620712,20.149582050153985
CNT/CB single layer,30%,0.6607262945527909,20.017597888253402
CNT/CB single layer,30%,0.6624075319435105,19.79762428508578
CNT/CB single layer,30%,0.66408876933423,19.62164540255168
CNT/CB single layer,30%,0.6657700067249496,19.489661240651124
CNT/CB single layer,30%,0.667451244115669,19.313682358117024
CNT/CB single layer,30%,0.6691324815063887,19.225692916849983
CNT/CB single layer,30%,0.6708137188971084,19.18169819621644
CNT/CB single layer,30%,0.6724949562878278,19.005719313682366
CNT/CB single layer,30%,0.6741761936785474,18.829740431148263
CNT/CB single layer,30%,0.6758574310692669,18.69775626924768
CNT/CB single layer,30%,0.6775386684599866,18.47778266608006
CNT/CB single layer,30%,0.6792199058507062,18.169819621645402
CNT/CB single layer,30%,0.6809011432414257,18.037835459744823
CNT/CB single layer,30%,0.6825823806321453,17.72987241531016
CNT/CB single layer,30%,0.6842636180228647,17.553893532776062
CNT/CB single layer,30%,0.6859448554135844,17.421909370875504
CNT/CB single layer,30%,0.6876260928043041,17.289925208974925
CNT/CB single layer,30%,0.6893073301950235,17.157941047074342
CNT/CB single layer,30%,0.6909885675857431,16.981962164540263
CNT/CB single layer,30%,0.6926698049764626,16.805983282006164
CNT/CB single layer,30%,0.6943510423671823,16.63000439947206
CNT/CB single layer,30%,0.6960322797579019,16.49802023757148
CNT/CB single layer,30%,0.6977135171486214,16.27804663440386
CNT/CB single layer,30%,0.699394754539341,16.146062472503303
CNT/CB single layer,30%,0.7010759919300604,15.970083589969203
CNT/CB single layer,30%,0.7027572293207801,15.794104707435103
CNT/CB single layer,30%,0.7044384667114996,15.618125824901002
CNT/CB single layer,30%,0.7061197041022192,15.13418389793224
CNT/CB single layer,30%,0.7078009414929388,14.73823141223052
CNT/CB single layer,30%,0.7094821788836583,14.562252529696446
CNT/CB single layer,30%,0.711163416274378,14.298284205895282
CNT/CB single layer,30%,0.7128446536650974,14.122305323361203
CNT/CB single layer,30%,0.7145258910558171,13.946326440827104
CNT/CB single layer,30%,0.7162071284465367,13.814342278926523
CNT/CB single layer,30%,0.7178883658372561,13.682358117025965
CNT/CB single layer,30%,0.7195696032279758,13.506379234491863
CNT/CB single layer,30%,0.7212508406186953,13.37439507259128
CNT/CB single layer,30%,0.722932078009415,13.242410910690724
CNT/CB single layer,30%,0.7246133154001345,13.022437307523106
CNT/CB single layer,30%,0.726294552790854,12.802463704355485
CNT/CB single layer,30%,0.7279757901815737,12.714474263088421
CNT/CB single layer,30%,0.7296570275722931,12.538495380554346
CNT/CB single layer,30%,0.7313382649630128,12.362516498020243
CNT/CB single layer,30%,0.7330195023537324,12.142542894852623
CNT/CB single layer,30%,0.7347007397444518,11.966564012318523
CNT/CB single layer,30%,0.7363819771351715,11.790585129784422
CNT/CB single layer,30%,0.738063214525891,11.658600967883864
CNT/CB single layer,30%,0.7397444519166106,11.526616805983283
CNT/CB single layer,30%,0.7414256893073302,11.3946326440827
CNT/CB single layer,30%,0.7431069266980497,11.218653761548623
CNT/CB single layer,30%,0.7447881640887694,11.086669599648042
CNT/CB single layer,30%,0.7464694014794888,10.91069071711394
CNT/CB single layer,30%,0.7481506388702085,10.778706555213384
CNT/CB single layer,30%,0.7498318762609281,10.51473823141222
CNT/CB single layer,30%,0.7515131136516475,10.2947646282446
CNT/CB single layer,30%,0.7531943510423672,10.162780466344042
CNT/CB single layer,30%,0.7548755884330867,10.07479102507698
CNT/CB single layer,30%,0.7565568258238063,10.030796304443461
CNT/CB single layer,30%,0.7582380632145259,9.854817421909372
CNT/CB single layer,30%,0.7599193006052454,9.766827980642322
CNT/CB single layer,30%,0.761600537995965,9.678838539375272
CNT/CB single layer,30%,0.7632817753866845,9.634843818741752
CNT/CB single layer,30%,0.7649630127774042,9.634843818741752
CNT/CB single layer,30%,0.7666442501681238,9.458864936207652
CNT/CB single layer,30%,0.7683254875588432,9.15090189177298
CNT/CB single layer,30%,0.7700067249495629,8.974923009238891
CNT/CB single layer,30%,0.7716879623402824,8.842938847338322
CNT/CB single layer,30%,0.773369199731002,8.754949406071272
CNT/CB single layer,30%,0.7750504371217216,8.66695996480422
CNT/CB single layer,30%,0.7767316745124411,8.534975802903652
CNT/CB single layer,30%,0.7784129119031608,8.4469863616366
CNT/CB single layer,30%,0.7800941492938802,8.402991641003082
CNT/CB single layer,30%,0.7817753866845999,8.35899692036955
CNT/CB single layer,30%,0.7834566240753195,8.271007479102513
CNT/CB single layer,30%,0.7851378614660389,8.22701275846898
CNT/CB single layer,30%,0.7868190988567586,8.13902331720193
CNT/CB single layer,30%,0.7885003362474781,8.095028596568412
CNT/CB single layer,30%,0.7901815736381977,8.007039155301362
CNT/CB single layer,30%,0.7918628110289173,7.963044434667841
CNT/CB single layer,30%,0.7935440484196368,7.875054993400791
CNT/CB single layer,30%,0.7952252858103565,7.7870655521337415
CNT/CB single layer,30%,0.7969065232010759,7.69907611086669
CNT/CB single layer,30%,0.7985877605917956,7.611086669599652
CNT/CB single layer,30%,0.8002689979825152,7.5230972283326025
CNT/CB single layer,30%,0.8019502353732346,7.4791025076990705
CNT/CB single layer,30%,0.8036314727639543,7.391113066432033
CNT/CB single layer,30%,0.8053127101546738,7.303123625164981
CNT/CB single layer,30%,0.8069939475453934,7.215134183897931
CNT/CB single layer,30%,0.808675184936113,7.127144742630881
CNT/CB single layer,30%,0.8103564223268325,7.083150021997361
CNT/CB single layer,30%,0.8120376597175522,6.995160580730311
CNT/CB single layer,30%,0.8137188971082716,6.951165860096792
CNT/CB single layer,30%,0.8154001344989913,6.863176418829742
CNT/CB single layer,30%,0.8170813718897109,6.775186977562692
CNT/CB single layer,30%,0.8187626092804303,6.731192256929172
CNT/CB single layer,30%,0.82044384667115,6.68719753629564
CNT/CB single layer,30%,0.8221250840618695,6.59920809502859
CNT/CB single layer,30%,0.8238063214525891,6.555213374395071
CNT/CB single layer,30%,0.8254875588433087,6.467223933128021
CNT/CB single layer,30%,0.8271687962340282,6.423229212494501
CNT/CB single layer,30%,0.8288500336247479,6.33523977122745
CNT/CB single layer,30%,0.8305312710154673,6.15926088869335
CNT/CB single layer,30%,0.832212508406187,6.071271447426311
CNT/CB single layer,30%,0.8338937457969066,6.02727672679278
CNT/CB single layer,30%,0.835574983187626,5.93928728552573
CNT/CB single layer,30%,0.8372562205783457,5.895292564892211
CNT/CB single layer,30%,0.8389374579690652,5.851297844258692
CNT/CB single layer,30%,0.8406186953597848,5.763308402991641
CNT/CB single layer,30%,0.8422999327505044,5.7193136823581225
CNT/CB single layer,30%,0.8439811701412239,5.675318961724591
CNT/CB single layer,30%,0.8456624075319435,5.587329520457541
CNT/CB single layer,30%,0.847343644922663,5.499340079190502
CNT/CB single layer,30%,0.8490248823133827,5.4113506379234515
CNT/CB single layer,30%,0.8507061197041023,5.4113506379234515
CNT/CB single layer,30%,0.8523873570948217,5.323361196656401
CNT/CB single layer,30%,0.8540685944855414,5.279366476022882
CNT/CB single layer,30%,0.8557498318762609,5.235371755389351
CNT/CB single layer,30%,0.8574310692669805,5.191377034755831
CNT/CB single layer,30%,0.8591123066577001,5.103387593488781
CNT/CB single layer,30%,0.8607935440484196,5.059392872855262
CNT/CB single layer,30%,0.8624747814391392,5.059392872855262
CNT/CB single layer,30%,0.8641560188298587,5.015398152221731
CNT/CB single layer,30%,0.8658372562205784,4.971403431588212
CNT/CB single layer,30%,0.8675184936112978,4.927408710954681
CNT/CB single layer,30%,0.8691997310020174,4.883413990321161
CNT/CB single layer,30%,0.8708809683927371,4.79542454905411
CNT/CB single layer,30%,0.8725622057834566,4.663440387153541
CNT/CB single layer,30%,0.8742434431741762,4.619445666520021
CNT/CB single layer,30%,0.8759246805648957,4.619445666520021
CNT/CB single layer,30%,0.8776059179556153,4.57545094588649
CNT/CB single layer,30%,0.879287155346335,4.487461504619439
CNT/CB single layer,30%,0.8809683927370544,4.4434667839859205
CNT/CB single layer,30%,0.8826496301277741,4.399472063352402
CNT/CB single layer,30%,0.8843308675184935,4.311482622085351
CNT/CB single layer,30%,0.8860121049092131,4.26748790145182
CNT/CB single layer,30%,0.8876933422999328,4.26748790145182
CNT/CB single layer,30%,0.8893745796906523,4.2234931808183
CNT/CB single layer,30%,0.8910558170813719,4.1794984601847815
CNT/CB single layer,30%,0.8927370544720914,4.1794984601847815
CNT/CB single layer,30%,0.894418291862811,4.13550373955125
CNT/CB single layer,30%,0.8960995292535306,4.091509018917731
CNT/CB single layer,30%,0.8977807666442501,4.091509018917731
CNT/CB single layer,30%,0.8994620040349698,4.0475142982842
CNT/CB single layer,30%,0.9011432414256892,4.003519577650681
CNT/CB single layer,30%,0.9028244788164088,4.003519577650681
CNT/CB single layer,30%,0.9045057162071285,3.9155301363836297
CNT/CB single layer,30%,0.906186953597848,3.871535415750111
CNT/CB single layer,30%,0.9078681909885676,3.82754069511658
CNT/CB single layer,30%,0.9095494283792871,3.78354597448306
CNT/CB single layer,30%,0.9112306657700067,3.7395512538495415
CNT/CB single layer,30%,0.9129119031607263,3.69555653321601
CNT/CB single layer,30%,0.9145931405514458,3.6515618125824907
CNT/CB single layer,30%,0.9162743779421655,3.6515618125824907
CNT/CB single layer,30%,0.9179556153328849,3.607567091948959
CNT/CB single layer,30%,0.9196368527236045,3.5635723713154404
CNT/CB single layer,30%,0.9213180901143242,3.5195776506819207
CNT/CB single layer,30%,0.9229993275050437,3.5195776506819207
CNT/CB single layer,30%,0.9246805648957633,3.4755829300483896
CNT/CB single layer,30%,0.9263618022864828,3.431588209414871
CNT/CB single layer,30%,0.9280430396772024,3.34359876814782
CNT/CB single layer,30%,0.929724277067922,3.3875934887813397
CNT/CB single layer,30%,0.9314055144586415,3.34359876814782
CNT/CB single layer,30%,0.9330867518493612,3.2996040475143014
CNT/CB single layer,30%,0.9347679892400806,3.2996040475143014
CNT/CB single layer,30%,0.9364492266308002,3.2116146062472506
CNT/CB single layer,30%,0.9381304640215199,3.2116146062472506
CNT/CB single layer,30%,0.9398117014122394,3.1236251649802003
CNT/CB single layer,30%,0.941492938802959,3.1236251649802003
CNT/CB single layer,30%,0.9431741761936785,3.1236251649802003
CNT/CB single layer,30%,0.9448554135843981,3.079630444346681
CNT/CB single layer,30%,0.9465366509751177,3.079630444346681
CNT/CB single layer,30%,0.9482178883658372,3.079630444346681
CNT/CB single layer,30%,0.9498991257565569,3.03563572371315
CNT/CB single layer,30%,0.9515803631472763,2.9476462824461116
CNT/CB single layer,30%,0.9532616005379959,2.9036515618125804
CNT/CB single layer,30%,0.9549428379287156,2.8596568411790613
CNT/CB single layer,30%,0.956624075319435,2.8596568411790613
CNT/CB single layer,30%,0.9583053127101547,2.8156621205455297
CNT/CB single layer,30%,0.9599865501008742,2.7716673999120105
CNT/CB single layer,30%,0.9616677874915938,2.7276726792784913
CNT/CB single layer,30%,0.9633490248823134,2.68367795864496
CNT/CB single layer,30%,0.9650302622730329,2.68367795864496
CNT/CB single layer,30%,0.9667114996637526,2.639683238011441
CNT/CB single layer,30%,0.968392737054472,2.5516937967443907
CNT/CB single layer,30%,0.9700739744451916,2.5516937967443907
CNT/CB single layer,30%,0.9717552118359113,2.5516937967443907
CNT/CB single layer,30%,0.9734364492266308,2.5076990761108715
CNT/CB single layer,30%,0.9751176866173504,2.5076990761108715
CNT/CB single layer,30%,0.9767989240080699,2.5076990761108715
CNT/CB single layer,30%,0.9784801613987895,2.4637043554773403
CNT/CB single layer,30%,0.9801613987895091,2.419709634843821
CNT/CB single layer,30%,0.9818426361802286,2.3757149142102896
CNT/CB single layer,30%,0.9835238735709483,2.419709634843821
CNT/CB single layer,30%,0.9852051109616677,2.4637043554773403
CNT/CB single layer,30%,0.9868863483523873,2.419709634843821
CNT/CB single layer,30%,0.988567585743107,2.4637043554773403
CNT/CB single layer,30%,0.9902488231338265,2.419709634843821
CNT/CB single layer,30%,0.9919300605245461,2.4637043554773403
CNT/CB single layer,30%,0.9936112979152656,2.4637043554773403
CNT/CB single layer,30%,0.9952925353059852,2.4637043554773403
CNT/CB single layer,30%,0.9969737726967048,2.4637043554773403
CNT/CB single layer,30%,0.9986550100874243,2.4637043554773403
CNT/CB single layer,30%,1.0003362474781439,2.5076990761108715
CNT/CB single layer,30%,1.0020174848688634,2.5516937967443907
CNT/CB single layer,30%,1.003698722259583,2.59568851737791
CNT/CB single layer,30%,1.0053799596503028,2.639683238011441
CNT/CB single layer,30%,1.0070611970410221,2.68367795864496
CNT/CB single layer,30%,1.0087424344317417,2.7276726792784913
CNT/CB single layer,30%,1.0104236718224613,2.8156621205455297
CNT/CB single layer,30%,1.0121049092131809,2.8596568411790613
CNT/CB single layer,30%,1.0137861466039007,2.9036515618125804
CNT/CB single layer,30%,1.01546738399462,2.9916410030796308
CNT/CB single layer,30%,1.0171486213853396,3.079630444346681
CNT/CB single layer,30%,1.0188298587760591,3.167619885613719
CNT/CB single layer,30%,1.0205110961667787,3.2556093268807698
CNT/CB single layer,30%,1.0221923335574983,3.34359876814782
CNT/CB single layer,30%,1.0238735709482178,3.431588209414871
CNT/CB single layer,30%,1.0255548083389374,3.5635723713154404
CNT/CB single layer,30%,1.027236045729657,3.69555653321601
CNT/CB single layer,30%,1.0289172831203766,3.82754069511658
CNT/CB single layer,30%,1.0305985205110961,4.003519577650681
CNT/CB single layer,30%,1.0322797579018157,4.1794984601847815
CNT/CB single layer,30%,1.0339609952925353,4.311482622085351
CNT/CB single layer,30%,1.0356422326832548,4.487461504619439
CNT/CB single layer,30%,1.0373234700739744,4.7074351077870595
CNT/CB single layer,30%,1.039004707464694,4.883413990321161
CNT/CB single layer,30%,1.0406859448554135,5.059392872855262
CNT/CB single layer,30%,1.0423671822461331,5.235371755389351
CNT/CB single layer,30%,1.0440484196368527,5.4113506379234515
CNT/CB single layer,30%,1.0457296570275723,5.543334799824021
CNT/CB single layer,30%,1.0474108944182918,5.675318961724591
CNT/CB single layer,30%,1.0490921318090114,5.807303123625161
CNT/CB single layer,30%,1.050773369199731,5.895292564892211
CNT/CB single layer,30%,1.0524546065904505,6.071271447426311
CNT/CB single layer,30%,1.05413584398117,6.2472503299604005
CNT/CB single layer,30%,1.0558170813718897,6.423229212494501
CNT/CB single layer,30%,1.0574983187626092,6.68719753629564
CNT/CB single layer,30%,1.0591795561533288,6.907171139463261
CNT/CB single layer,30%,1.0608607935440484,7.171139463264412
CNT/CB single layer,30%,1.062542030934768,7.435107787065551
CNT/CB single layer,30%,1.0642232683254875,7.831060272767272
CNT/CB single layer,30%,1.065904505716207,8.13902331720193
CNT/CB single layer,30%,1.0675857431069267,8.35899692036955
CNT/CB single layer,30%,1.0692669804976462,8.622965244170702
CNT/CB single layer,30%,1.0709482178883658,8.930928288605362
CNT/CB single layer,30%,1.0726294552790854,9.194896612406513
CNT/CB single layer,30%,1.074310692669805,9.326880774307082
CNT/CB single layer,30%,1.0759919300605245,9.502859656841183
CNT/CB single layer,30%,1.077673167451244,9.81082270127584
CNT/CB single layer,30%,1.0793544048419637,10.118785745710523
CNT/CB single layer,30%,1.0810356422326832,10.426748790145183
CNT/CB single layer,30%,1.0827168796234028,10.73471183457984
CNT/CB single layer,30%,1.0843981170141224,11.042674879014523
CNT/CB single layer,30%,1.086079354404842,11.350637923449183
CNT/CB single layer,30%,1.0877605917955615,11.614606247250322
CNT/CB single layer,30%,1.089441829186281,11.878574571051484
CNT/CB single layer,30%,1.0911230665770006,12.318521777386724
CNT/CB single layer,30%,1.0928043039677202,12.538495380554346
CNT/CB single layer,30%,1.0944855413584398,12.846458424989002
CNT/CB single layer,30%,1.0961667787491594,13.110426748790141
CNT/CB single layer,30%,1.097848016139879,13.330400351957763
CNT/CB single layer,30%,1.0995292535305985,13.63836339639242
CNT/CB single layer,30%,1.101210490921318,13.85833699956004
CNT/CB single layer,30%,1.1028917283120376,14.034315882094143
CNT/CB single layer,30%,1.1045729657027572,14.254289485261761
CNT/CB single layer,30%,1.1062542030934768,14.562252529696446
CNT/CB single layer,30%,1.1079354404841963,14.826220853497585
CNT/CB single layer,30%,1.109616677874916,15.002199736031685
CNT/CB single layer,30%,1.1112979152656355,15.222173339199305
CNT/CB single layer,30%,1.112979152656355,15.486141663000444
CNT/CB single layer,30%,1.1146603900470746,15.706115266168064
CNT/CB single layer,30%,1.1163416274377942,15.926088869335683
CNT/CB single layer,30%,1.1180228648285138,16.146062472503303
CNT/CB single layer,30%,1.1197041022192333,16.366036075670923
CNT/CB single layer,30%,1.121385339609953,16.805983282006164
CNT/CB single layer,30%,1.1230665770006725,16.981962164540263
CNT/CB single layer,30%,1.124747814391392,17.157941047074342
CNT/CB single layer,30%,1.1264290517821116,17.509898812142545
CNT/CB single layer,30%,1.1281102891728312,17.685877694676645
CNT/CB single layer,30%,1.1297915265635508,17.905851297844265
CNT/CB single layer,30%,1.1314727639542703,18.169819621645402
CNT/CB single layer,30%,1.13315400134499,18.389793224813026
CNT/CB single layer,30%,1.1348352387357095,18.609766827980646
CNT/CB single layer,30%,1.136516476126429,18.829740431148263
CNT/CB single layer,30%,1.1381977135171486,19.049714034315883
CNT/CB single layer,30%,1.1398789509078682,19.225692916849983
CNT/CB single layer,30%,1.1415601882985877,19.445666520017603
CNT/CB single layer,30%,1.1432414256893073,19.841619005719302
CNT/CB single layer,30%,1.1449226630800269,19.97360316761988
CNT/CB single layer,30%,1.1466039004707465,20.237571491421022
CNT/CB single layer,30%,1.148285137861466,20.457545094588642
CNT/CB single layer,30%,1.1499663752521856,20.633523977122746
CNT/CB single layer,30%,1.1516476126429052,20.809502859656845
CNT/CB single layer,30%,1.1533288500336247,20.985481742190945
CNT/CB single layer,30%,1.1550100874243443,21.073471183457983
CNT/CB single layer,30%,1.1566913248150639,21.249450065992086
CNT/CB single layer,30%,1.1583725622057834,21.689397272327327
CNT/CB single layer,30%,1.160053799596503,21.953365596128467
CNT/CB single layer,30%,1.1617350369872226,22.085349758029047
CNT/CB single layer,30%,1.1634162743779422,22.26132864056312
CNT/CB single layer,30%,1.1650975117686617,22.437307523097225
CNT/CB single layer,30%,1.1667787491593813,22.569291684997804
CNT/CB single layer,30%,1.1684599865501009,22.745270567531904
CNT/CB single layer,30%,1.1701412239408204,22.965244170699524
CNT/CB single layer,30%,1.17182246133154,23.097228332600082
CNT/CB single layer,30%,1.1735036987222596,23.317201935767702
CNT/CB single layer,30%,1.1751849361129791,23.669159700835905
CNT/CB single layer,30%,1.1768661735036987,23.84513858336998
CNT/CB single layer,30%,1.1785474108944183,24.021117465904084
CNT/CB single layer,30%,1.1802286482851378,24.153101627804666
CNT/CB single layer,30%,1.1819098856758574,24.417069951605804
CNT/CB single layer,30%,1.183591123066577,24.593048834139903
CNT/CB single layer,30%,1.1852723604572966,24.769027716674007
CNT/CB single layer,30%,1.1869535978480161,24.989001319841623
CNT/CB single layer,30%,1.1886348352387357,25.252969643642764
CNT/CB single layer,30%,1.1903160726294553,25.516937967443905
CNT/CB single layer,30%,1.1919973100201748,25.692916849978005
CNT/CB single layer,30%,1.1936785474108944,25.912890453145625
CNT/CB single layer,30%,1.195359784801614,26.088869335679725
CNT/CB single layer,30%,1.1970410221923335,26.30884293884735
CNT/CB single layer,30%,1.1987222595830531,26.48482182138142
CNT/CB single layer,30%,1.2004034969737727,26.704795424549044
CNT/CB single layer,30%,1.2020847343644923,26.836779586449627
CNT/CB single layer,30%,1.2037659717552118,27.144742630884284
CNT/CB single layer,30%,1.2054472091459314,27.452705675318967
CNT/CB single layer,30%,1.207128446536651,27.672679278486584
CNT/CB single layer,30%,1.2088096839273705,28.024637043554762
CNT/CB single layer,30%,1.21049092131809,28.508578970523544
CNT/CB single layer,30%,1.2121721587088097,28.728552573691168
CNT/CB single layer,30%,1.2138533960995292,28.99252089749231
CNT/CB single layer,30%,1.2155346334902488,29.124505059392863
CNT/CB single layer,30%,1.2172158708809684,29.388473383194004
CNT/CB single layer,30%,1.218897108271688,29.696436427628687
CNT/CB single layer,30%,1.2205783456624075,29.872415310162786
CNT/CB single layer,30%,1.222259583053127,30.09238891333041
CNT/CB single layer,30%,1.2239408204438467,30.356357237131547
CNT/CB single layer,30%,1.2256220578345662,30.576330840299164
CNT/CB single layer,30%,1.2273032952252858,31.016278046634405
CNT/CB single layer,30%,1.2289845326160054,31.280246370435545
CNT/CB single layer,30%,1.230665770006725,31.588209414870207
CNT/CB single layer,30%,1.2323470073974445,31.89617245930489
CNT/CB single layer,30%,1.234028244788164,32.20413550373954
CNT/CB single layer,30%,1.2357094821788837,32.46810382754069
CNT/CB single layer,30%,1.2373907195696032,32.82006159260889
CNT/CB single layer,30%,1.2390719569603228,33.128024637043545
CNT/CB single layer,30%,1.2407531943510424,33.39199296084471
CNT/CB single layer,30%,1.242434431741762,33.69995600527937
CNT/CB single layer,30%,1.2441156691324815,33.963924329080506
CNT/CB single layer,30%,1.245796906523201,34.18389793224812
CNT/CB single layer,30%,1.2474781439139206,34.71183457985043
CNT/CB single layer,30%,1.2491593813046402,35.0637923449186
CNT/CB single layer,30%,1.2508406186953596,35.32776066871974
CNT/CB single layer,30%,1.2525218560860794,35.76770787505499
CNT/CB single layer,30%,1.254203093476799,36.07567091948967
CNT/CB single layer,30%,1.2558843308675185,36.29564452265729
CNT/CB single layer,30%,1.2575655682582383,36.64760228772547
CNT/CB single layer,30%,1.2592468056489574,36.95556533216015
CNT/CB single layer,30%,1.2609280430396772,37.35151781786185
CNT/CB single layer,30%,1.2626092804303968,37.70347558293005
CNT/CB single layer,30%,1.2642905178211163,38.09942806863177
CNT/CB single layer,30%,1.2659717552118361,38.407391113066424
CNT/CB single layer,30%,1.2676529926025553,38.847338319401665
CNT/CB single layer,30%,1.269334229993275,39.28728552573691
CNT/CB single layer,30%,1.2710154673839946,39.595248570171584
CNT/CB single layer,30%,1.2726967047747142,39.99120105587329
CNT/CB single layer,30%,1.274377942165434,40.431148262208524
CNT/CB single layer,30%,1.2760591795561531,40.73911130664321
CNT/CB single layer,30%,1.277740416946873,41.13506379234491
CNT/CB single layer,30%,1.2794216543375925,41.57501099868014
CNT/CB single layer,30%,1.281102891728312,41.97096348438187
CNT/CB single layer,30%,1.2827841291190318,42.36691597008359
CNT/CB single layer,30%,1.284465366509751,42.76286845578531
CNT/CB single layer,30%,1.2861466039004708,43.55477342718873
CNT/CB single layer,30%,1.2878278412911903,44.03871535415751
CNT/CB single layer,30%,1.28950907868191,44.43466783985921
CNT/CB single layer,30%,1.2911903160726297,44.83062032556093
CNT/CB single layer,30%,1.2928715534633488,45.40255169379675
CNT/CB single layer,30%,1.2945527908540686,45.842498900131986
CNT/CB single layer,30%,1.2962340282447882,46.37043554773427
CNT/CB single layer,30%,1.2979152656355077,46.94236691597009
CNT/CB single layer,30%,1.2995965030262275,47.558293004839406
CNT/CB single layer,30%,1.3012777404169467,48.042234931808196
CNT/CB single layer,30%,1.3029589778076665,48.74615046194457
CNT/CB single layer,30%,1.304640215198386,49.45006599208095
CNT/CB single layer,30%,1.3063214525891056,50.19797624285085
CNT/CB single layer,30%,1.3080026899798254,50.90189177298725
CNT/CB single layer,30%,1.3096839273705445,51.649802023757154
CNT/CB single layer,30%,1.3113651647612643,52.52969643642763
CNT/CB single layer,30%,1.3130464021519839,53.45358556973163
CNT/CB single layer,30%,1.3147276395427034,54.33347998240211
CNT/CB single layer,30%,1.3164088769334232,55.25736911570611
CNT/CB single layer,30%,1.3180901143241424,56.31324241091069
CNT/CB single layer,30%,1.3197713517148622,57.36911570611527
CNT/CB single layer,30%,1.3214525891055817,59.304883413990304
CNT/CB single layer,30%,1.3231338264963013,60.184777826660785
CNT/CB single layer,30%,1.324815063887021,59.87681478222613
CNT/CB single layer,30%,1.3264963012777402,59.52485701715793
CNT/CB single layer,30%,1.32817753866846,57.853057633084035
CNT/CB single layer,30%,1.3298587760591796,57.28112626484821
CNT/CB single layer,30%,1.3315400134498991,57.01715794104707
CNT/CB single layer,30%,1.333221250840619,56.84117905851297
CNT/CB single layer,30%,1.334902488231338,56.66520017597889
CNT/CB single layer,30%,1.3365837256220578,56.53321601407831
CNT/CB single layer,30%,1.3382649630127774,56.35723713154421
CNT/CB single layer,30%,1.339946200403497,56.225252969643655
CNT/CB single layer,30%,1.3416274377942168,56.093268807743065
CNT/CB single layer,30%,1.343308675184936,55.96128464584249
CNT/CB single layer,30%,1.3449899125756557,55.785305763308415
CNT/CB single layer,30%,1.3466711499663753,55.60932688077431
CNT/CB single layer,30%,1.3483523873570948,55.477342718873736
CNT/CB single layer,30%,1.3500336247478146,55.38935327760669
CNT/CB single layer,30%,1.3517148621385338,55.25736911570611
CNT/CB single layer,30%,1.3533960995292535,55.16937967443907
CNT/CB single layer,30%,1.3550773369199731,55.08139023317201
CNT/CB single layer,30%,1.3567585743106927,54.99340079190497
CNT/CB single layer,30%,1.3584398117014125,54.905411350637934
CNT/CB single layer,30%,1.3601210490921316,54.817421909370864
CNT/CB single layer,30%,1.3618022864828514,54.77342718873736
CNT/CB single layer,30%,1.363483523873571,54.68543774747031
CNT/CB single layer,30%,1.3651647612642905,54.59744830620325
CNT/CB single layer,30%,1.3668459986550103,54.509458864936214
CNT/CB single layer,30%,1.3685272360457295,54.421469423669144
CNT/CB single layer,30%,1.3702084734364492,54.37747470303563
CNT/CB single layer,30%,1.3718897108271688,54.28948526176859
CNT/CB single layer,30%,1.3735709482178884,54.24549054113508
CNT/CB single layer,30%,1.3752521856086082,54.157501099868014
CNT/CB single layer,30%,1.3769334229993273,54.069511658600966
CNT/CB single layer,30%,1.378614660390047,54.02551693796745
CNT/CB single layer,30%,1.3802958977807667,53.98152221733391
CNT/CB single layer,30%,1.3819771351714862,53.89353277606686
CNT/CB single layer,30%,1.383658372562206,53.805543334799836
CNT/CB single layer,30%,1.3853396099529252,53.71755389353277
CNT/CB single layer,30%,1.387020847343645,53.67355917289925
CNT/CB single layer,30%,1.3887020847343645,53.58556973163221
CNT/CB single layer,30%,1.390383322125084,53.54157501099866
CNT/CB single layer,30%,1.3920645595158039,53.45358556973163
CNT/CB single layer,30%,1.393745796906523,53.40959084909811
CNT/CB single layer,30%,1.3954270342972428,53.36559612846459
CNT/CB single layer,30%,1.3971082716879624,53.27760668719753
CNT/CB single layer,30%,1.398789509078682,53.27760668719753
CNT/CB single layer,30%,1.4004707464694017,53.14562252529698
CNT/CB single layer,30%,1.4021519838601209,53.10162780466343
CNT/CB single layer,30%,1.4038332212508406,53.05763308402991
CNT/CB single layer,30%,1.4055144586415602,53.05763308402991
CNT/CB single layer,30%,1.4071956960322798,53.01363836339639
CNT/CB single layer,30%,1.4088769334229991,52.925648922129355
CNT/CB single layer,30%,1.4105581708137187,52.881654201495806
CNT/CB single layer,30%,1.4122394082044385,52.837659480862285
CNT/CB single layer,30%,1.413920645595158,52.74967003959525
CNT/CB single layer,30%,1.4156018829858776,52.79366476022878
CNT/CB single layer,30%,1.417283120376597,52.74967003959525
CNT/CB single layer,30%,1.4189643577673166,52.70567531896173
CNT/CB single layer,30%,1.4206455951580363,52.66168059832819
CNT/CB single layer,30%,1.422326832548756,52.61768587769466
CNT/CB single layer,30%,1.4240080699394755,52.573691157061155
CNT/CB single layer,30%,1.4256893073301948,52.52969643642763
CNT/CB single layer,30%,1.4273705447209144,52.48570171579411
CNT/CB single layer,30%,1.4290517821116342,52.441706995160565
CNT/CB single layer,30%,1.4307330195023538,52.39771227452705
CNT/CB single layer,30%,1.4324142568930733,52.39771227452705
CNT/CB single layer,30%,1.4340954942837927,52.30972283326001
CNT/CB single layer,30%,1.4357767316745123,52.30972283326001
CNT/CB single layer,30%,1.437457969065232,52.2657281126265
CNT/CB single layer,30%,1.4391392064559516,52.221733391992956
CNT/CB single layer,30%,1.4408204438466712,52.221733391992956
CNT/CB single layer,30%,1.4425016812373905,52.13374395072591
CNT/CB single layer,30%,1.44418291862811,52.08974923009239
CNT/CB single layer,30%,1.44586415601883,52.045754509458874
CNT/CB single layer,30%,1.4475453934095495,51.957765068191804
CNT/CB single layer,30%,1.449226630800269,51.957765068191804
CNT/CB single layer,30%,1.4509078681909884,51.86977562692478
CNT/CB single layer,30%,1.452589105581708,51.297844258688954
CNT/CB single layer,30%,1.4542703429724277,50.50593928728553
CNT/CB single layer,30%,1.4559515803631473,49.31808183018037
CNT/CB single layer,30%,1.4576328177538669,48.042234931808196
CNT/CB single layer,30%,1.4593140551445862,47.118345798504166
CNT/CB single layer,30%,1.4609952925353058,46.326440827100754
CNT/CB single layer,30%,1.4626765299260256,45.57853057633085
CNT/CB single layer,30%,1.4643577673167452,44.698636163660375
CNT/CB single layer,30%,1.4660390047074647,43.95072591289045
CNT/CB single layer,30%,1.467720242098184,42.938847338319405
CNT/CB single layer,30%,1.4694014794889037,42.32292124945007
CNT/CB single layer,30%,1.4710827168796234,41.61900571931369
CNT/CB single layer,30%,1.472763954270343,41.04707435107787
CNT/CB single layer,30%,1.4744451916610626,40.475142982842044
CNT/CB single layer,30%,1.476126429051782,39.94720633523976
CNT/CB single layer,30%,1.4778076664425015,39.55125384953805
CNT/CB single layer,30%,1.4794889038332213,39.06731192256929
CNT/CB single layer,30%,1.4811701412239409,38.23141223053233
CNT/CB single layer,30%,1.4828513786146604,37.79146502419709
CNT/CB single layer,30%,1.4845326160053798,37.43950725912891
CNT/CB single layer,30%,1.4862138533960993,37.08754949406071
CNT/CB single layer,30%,1.4878950907868191,36.73559172899253
CNT/CB single layer,30%,1.4895763281775387,36.29564452265729
CNT/CB single layer,30%,1.4912575655682583,35.67971843378795
CNT/CB single layer,30%,1.4929388029589776,35.32776066871974
CNT/CB single layer,30%,1.4946200403496972,35.01979762428509
CNT/CB single layer,30%,1.496301277740417,34.66783985921688
CNT/CB single layer,30%,1.4979825151311366,34.403871535415746
CNT/CB single layer,30%,1.4996637525218561,34.13990321161461
CNT/CB single layer,30%,1.5013449899125755,33.87593488781347
CNT/CB single layer,30%,1.503026227303295,33.65596128464585
CNT/CB single layer,30%,1.5047074646940148,33.34799824021116
CNT/CB single layer,30%,1.5063887020847344,33.172019357677094
CNT/CB single layer,30%,1.508069939475454,32.95204575450947
CNT/CB single layer,30%,1.5097511768661733,32.688077430708304
CNT/CB single layer,30%,1.511432414256893,32.336119665640126
CNT/CB single layer,30%,1.5131136516476127,32.11614606247251
CNT/CB single layer,30%,1.5147948890383323,31.940167179938406
CNT/CB single layer,30%,1.5164761264290518,31.72019357677079
CNT/CB single layer,30%,1.5181573638197712,31.45622525296965
CNT/CB single layer,30%,1.5198386012104907,31.324241091069066
CNT/CB single layer,30%,1.5215198386012105,31.104267487901442
CNT/CB single layer,30%,1.52320107599193,30.884293884733825
CNT/CB single layer,30%,1.5248823133826497,30.752309722833264
CNT/CB single layer,30%,1.526563550773369,30.532336119665647
CNT/CB single layer,30%,1.5282447881640886,30.26836779586448
CNT/CB single layer,30%,1.5299260255548084,30.09238891333041
CNT/CB single layer,30%,1.531607262945528,29.872415310162786
CNT/CB single layer,30%,1.5332885003362475,29.740431148262203
CNT/CB single layer,30%,1.5349697377269669,29.520457545094587
CNT/CB single layer,30%,1.5366509751176864,29.256489221293446
CNT/CB single layer,30%,1.5383322125084062,29.036515618125826
CNT/CB single layer,30%,1.5400134498991258,28.860536735591722
CNT/CB single layer,30%,1.5416946872898454,28.640563132424106
CNT/CB single layer,30%,1.5433759246805647,28.508578970523544
CNT/CB single layer,30%,1.5450571620712843,28.420589529256485
CNT/CB single layer,30%,1.546738399462004,28.20061592608886
CNT/CB single layer,30%,1.5484196368527237,27.980642322921245
CNT/CB single layer,30%,1.5501008742434432,27.84865816102069
CNT/CB single layer,30%,1.5517821116341626,27.672679278486584
CNT/CB single layer,30%,1.5534633490248821,27.452705675318967
CNT/CB single layer,30%,1.555144586415602,27.320721513418384
CNT/CB single layer,30%,1.5568258238063215,27.144742630884284
CNT/CB single layer,30%,1.558507061197041,27.012758468983726
CNT/CB single layer,30%,1.5601882985877604,26.880774307083144
CNT/CB single layer,30%,1.56186953597848,26.616805983282006
CNT/CB single layer,30%,1.5635507733691998,26.440827100747903
CNT/CB single layer,30%,1.5652320107599194,26.30884293884735
CNT/CB single layer,30%,1.566913248150639,26.176858776946766
CNT/CB single layer,30%,1.5685944855413583,26.088869335679725
CNT/CB single layer,30%,1.5702757229320778,25.956885173779142
CNT/CB single layer,30%,1.5719569603227976,25.780906291245042
CNT/CB single layer,30%,1.5736381977135172,25.560932688077425
CNT/CB single layer,30%,1.5753194351042368,25.428948526176864
CNT/CB single layer,30%,1.5770006724949561,25.3409590849098
CNT/CB single layer,30%,1.5786819098856757,25.164980202375702
CNT/CB single layer,30%,1.5803631472763955,25.032996040475147
CNT/CB single layer,30%,1.582044384667115,24.857017157941044
CNT/CB single layer,30%,1.5837256220578346,24.769027716674007
CNT/CB single layer,30%,1.585406859448554,24.725032996040465
CNT/CB single layer,30%,1.5870880968392735,24.593048834139903
CNT/CB single layer,30%,1.5887693342299933,24.505059392872845
CNT/CB single layer,30%,1.590450571620713,24.373075230972287
CNT/CB single layer,30%,1.5921318090114325,24.197096348438187
CNT/CB single layer,30%,1.5938130464021518,24.021117465904084
CNT/CB single layer,30%,1.5954942837928714,23.889133304003526
CNT/CB single layer,30%,1.5971755211835912,23.801143862736463
CNT/CB single layer,30%,1.5988567585743108,23.713154421469426
CNT/CB single layer,30%,1.6005379959650303,23.581170259568843
CNT/CB single layer,30%,1.6022192333557497,23.405191377034768
CNT/CB single layer,30%,1.6039004707464692,23.273207215134185
CNT/CB single layer,30%,1.605581708137189,23.141223053233603
CNT/CB single layer,30%,1.6072629455279086,23.097228332600082
CNT/CB single layer,30%,1.6089441829186282,22.921249450065982
CNT/CB single layer,30%,1.6106254203093475,22.833260008798945
CNT/CB single layer,30%,1.612306657700067,22.701275846898366
CNT/CB single layer,30%,1.6139878950907869,22.569291684997804
CNT/CB single layer,30%,1.6156691324815065,22.393312802463704
CNT/CB single layer,30%,1.617350369872226,22.26132864056312
CNT/CB single layer,30%,1.6190316072629454,22.129344478662567
CNT/CB single layer,30%,1.620712844653665,21.997360316761984
CNT/CB single layer,30%,1.6223940820443847,21.865376154861426
CNT/CB single layer,30%,1.6240753194351043,21.645402551693806
CNT/CB single layer,30%,1.6257565568258239,21.425428948526186
CNT/CB single layer,30%,1.6274377942165432,21.293444786625603
CNT/CB single layer,30%,1.6291190316072628,21.117465904091503
CNT/CB single layer,30%,1.6308002689979826,20.985481742190945
CNT/CB single layer,30%,1.6324815063887022,20.853497580290366
CNT/CB single layer,30%,1.6341627437794217,20.677518697756263
CNT/CB single layer,30%,1.635843981170141,20.545534535855705
CNT/CB single layer,30%,1.6375252185608606,20.325560932688084
CNT/CB single layer,30%,1.6392064559515804,20.237571491421022
CNT/CB single layer,30%,1.6408876933423,20.105587329520468
CNT/CB single layer,30%,1.6425689307330196,19.929608446986364
CNT/CB single layer,30%,1.644250168123739,19.753629564452265
CNT/CB single layer,30%,1.6459314055144585,19.665640123185224
CNT/CB single layer,30%,1.6476126429051783,19.57765068191816
CNT/CB single layer,30%,1.6492938802958979,19.445666520017603
CNT/CB single layer,30%,1.6509751176866174,19.313682358117024
CNT/CB single layer,30%,1.6526563550773368,19.137703475582924
CNT/CB single layer,30%,1.6543375924680563,19.049714034315883
CNT/CB single layer,30%,1.6560188298587761,18.917729872415304
CNT/CB single layer,30%,1.6577000672494957,18.829740431148263
CNT/CB single layer,30%,1.6593813046402153,18.653761548614163
CNT/CB single layer,30%,1.6610625420309346,18.52177738671358
CNT/CB single layer,30%,1.6627437794216542,18.345798504179506
CNT/CB single layer,30%,1.664425016812374,18.169819621645402
CNT/CB single layer,30%,1.6661062542030936,18.037835459744823
CNT/CB single layer,30%,1.6677874915938131,17.949846018477782
CNT/CB single layer,30%,1.6694687289845325,17.773867135943682
CNT/CB single layer,30%,1.671149966375252,17.597888253409582
CNT/CB single layer,30%,1.6728312037659718,17.465904091509024
CNT/CB single layer,30%,1.6745124411566914,17.245930488341404
CNT/CB single layer,30%,1.676193678547411,17.157941047074342
CNT/CB single layer,30%,1.6778749159381303,17.025956885173784
CNT/CB single layer,30%,1.6795561533288499,16.849978002639684
CNT/CB single layer,30%,1.6812373907195697,16.7179938407391
CNT/CB single layer,30%,1.6829186281102892,16.542014958205026
CNT/CB single layer,30%,1.6845998655010088,16.27804663440386
CNT/CB single layer,30%,1.6862811028917282,16.190057193136823
CNT/CB single layer,30%,1.6879623402824477,16.014078310602724
CNT/CB single layer,30%,1.6896435776731675,15.882094148702164
CNT/CB single layer,30%,1.691324815063887,15.750109986801583
CNT/CB single layer,30%,1.6930060524546067,15.618125824901002
CNT/CB single layer,30%,1.694687289845326,15.442146942366925
CNT/CB single layer,30%,1.6963685272360456,15.310162780466344
CNT/CB single layer,30%,1.6980497646267654,15.13418389793224
CNT/CB single layer,30%,1.699731002017485,14.958205015398141
CNT/CB single layer,30%,1.7014122394082045,14.694236691597002
CNT/CB single layer,30%,1.7030934767989239,14.474263088429382
CNT/CB single layer,30%,1.7047747141896434,14.342278926528824
CNT/CB single layer,30%,1.7064559515803632,14.166300043994722
CNT/CB single layer,30%,1.7081371889710828,13.990321161460622
CNT/CB single layer,30%,1.7098184263618024,13.814342278926523
CNT/CB single layer,30%,1.7114996637525217,13.63836339639242
CNT/CB single layer,30%,1.7131809011432413,13.418389793224799
CNT/CB single layer,30%,1.714862138533961,13.19841619005718
CNT/CB single layer,30%,1.7165433759246806,12.97844258688956
CNT/CB single layer,30%,1.7182246133154002,12.802463704355485
CNT/CB single layer,30%,1.7199058507061196,12.582490101187863
CNT/CB single layer,30%,1.7215870880968391,12.450505939287282
CNT/CB single layer,30%,1.723268325487559,12.362516498020243
CNT/CB single layer,30%,1.7249495628782785,12.142542894852623
CNT/CB single layer,30%,1.7266308002689978,11.966564012318523
CNT/CB single layer,30%,1.7283120376597174,11.83457985041794
CNT/CB single layer,30%,1.729993275050437,11.702595688517384
CNT/CB single layer,30%,1.7316745124411568,11.526616805983283
CNT/CB single layer,30%,1.7333557498318763,11.306643202815662
CNT/CB single layer,30%,1.7350369872225957,11.13066432028156
CNT/CB single layer,30%,1.7367182246133153,10.866695996480422
CNT/CB single layer,30%,1.7383994620040348,10.690717113946322
CNT/CB single layer,30%,1.7400806993947546,10.558732952045764
CNT/CB single layer,30%,1.7417619367854742,10.426748790145183
CNT/CB single layer,30%,1.7434431741761935,10.2947646282446
CNT/CB single layer,30%,1.7451244115669131,10.118785745710523
CNT/CB single layer,30%,1.7468056489576327,10.030796304443461
CNT/CB single layer,30%,1.7484868863483525,9.89881214254289
CNT/CB single layer,30%,1.750168123739072,9.766827980642322
CNT/CB single layer,30%,1.7518493611297914,9.546854377474702
CNT/CB single layer,30%,1.753530598520511,9.414870215574132
CNT/CB single layer,30%,1.7552118359112305,9.282886053673563
CNT/CB single layer,30%,1.7568930733019503,9.194896612406513
CNT/CB single layer,30%,1.75857431069267,9.106907171139461
CNT/CB single layer,30%,1.7602555480833892,8.930928288605362
CNT/CB single layer,30%,1.7619367854741088,8.842938847338322
CNT/CB single layer,30%,1.7636180228648284,8.754949406071272
CNT/CB single layer,30%,1.7652992602555482,8.66695996480422
CNT/CB single layer,30%,1.7669804976462677,8.534975802903652
CNT/CB single layer,30%,1.768661735036987,8.578970523537171
CNT/CB single layer,30%,1.7703429724277067,8.402991641003082
CNT/CB single layer,30%,1.7720242098184262,8.183018037835462
CNT/CB single layer,30%,1.773705447209146,8.007039155301362
CNT/CB single layer,30%,1.7753866845998656,7.875054993400791
CNT/CB single layer,30%,1.777067921990585,7.743070831500222
CNT/CB single layer,30%,1.7787491593813045,7.56709194896612
CNT/CB single layer,30%,1.780430396772024,7.4791025076990705
CNT/CB single layer,30%,1.7821116341627439,7.435107787065551
CNT/CB single layer,30%,1.7837928715534634,7.391113066432033
CNT/CB single layer,30%,1.7854741089441828,7.303123625164981
CNT/CB single layer,30%,1.7871553463349024,7.25912890453145
CNT/CB single layer,30%,1.788836583725622,7.215134183897931
CNT/CB single layer,30%,1.7905178211163417,7.127144742630881
CNT/CB single layer,30%,1.7921990585070613,7.039155301363831
CNT/CB single layer,30%,1.7938802958977806,6.907171139463261
CNT/CB single layer,30%,1.7955615332885002,6.863176418829742
CNT/CB single layer,30%,1.7972427706792198,6.731192256929172
CNT/CB single layer,30%,1.7989240080699396,6.731192256929172
CNT/CB single layer,30%,1.8006052454606591,6.68719753629564
CNT/CB single layer,30%,1.8022864828513785,6.511218653761553
CNT/CB single layer,30%,1.803967720242098,6.423229212494501
CNT/CB single layer,30%,1.8056489576328176,6.33523977122745
CNT/CB single layer,30%,1.8073301950235374,6.2472503299604005
CNT/CB single layer,30%,1.809011432414257,6.203255609326881
CNT/CB single layer,30%,1.8106926698049763,6.115266168059831
CNT/CB single layer,30%,1.812373907195696,6.071271447426311
CNT/CB single layer,30%,1.8140551445864155,6.02727672679278
CNT/CB single layer,30%,1.8157363819771353,5.93928728552573
CNT/CB single layer,30%,1.8174176193678548,5.851297844258692
CNT/CB single layer,30%,1.8190988567585742,5.807303123625161
CNT/CB single layer,30%,1.8207800941492938,5.763308402991641
CNT/CB single layer,30%,1.8224613315400133,5.7193136823581225
CNT/CB single layer,30%,1.8241425689307331,5.675318961724591
CNT/CB single layer,30%,1.8258238063214527,5.675318961724591
CNT/CB single layer,30%,1.827505043712172,5.631324241091072
CNT/CB single layer,30%,1.8291862811028916,5.543334799824021
CNT/CB single layer,30%,1.8308675184936112,5.499340079190502
CNT/CB single layer,30%,1.832548755884331,5.4113506379234515
CNT/CB single layer,30%,1.8342299932750505,5.36735591728992
CNT/CB single layer,30%,1.8359112306657699,5.279366476022882
CNT/CB single layer,30%,1.8375924680564895,5.1473823141223
CNT/CB single layer,30%,1.839273705447209,5.059392872855262
CNT/CB single layer,30%,1.8409549428379288,4.971403431588212
CNT/CB single layer,30%,1.8426361802286484,4.883413990321161
CNT/CB single layer,30%,1.8443174176193677,4.839419269687642
CNT/CB single layer,30%,1.8459986550100873,4.751429828420592
CNT/CB single layer,30%,1.8476798924008069,4.663440387153541
CNT/CB single layer,30%,1.8493611297915267,4.619445666520021
CNT/CB single layer,30%,1.8510423671822462,4.531456225252971
CNT/CB single layer,30%,1.8527236045729656,4.487461504619439
CNT/CB single layer,30%,1.8544048419636852,4.4434667839859205
CNT/CB single layer,30%,1.8560860793544047,4.35547734271887
CNT/CB single layer,30%,1.8577673167451245,4.35547734271887
CNT/CB single layer,30%,1.859448554135844,4.26748790145182
CNT/CB single layer,30%,1.8611297915265634,4.2234931808183
CNT/CB single layer,30%,1.862811028917283,4.13550373955125
CNT/CB single layer,30%,1.8644922663080026,4.13550373955125
CNT/CB single layer,30%,1.8661735036987224,4.0475142982842
CNT/CB single layer,30%,1.867854741089442,4.003519577650681
CNT/CB single layer,30%,1.8695359784801613,3.9595248570171613
CNT/CB single layer,30%,1.8712172158708809,3.9155301363836297
CNT/CB single layer,30%,1.8728984532616004,3.871535415750111
CNT/CB single layer,30%,1.8745796906523202,3.82754069511658
CNT/CB single layer,30%,1.8762609280430398,3.7395512538495415
CNT/CB single layer,30%,1.8779421654337591,3.69555653321601
CNT/CB single layer,30%,1.8796234028244787,3.6515618125824907
CNT/CB single layer,30%,1.8813046402151983,3.6515618125824907
CNT/CB single layer,30%,1.882985877605918,3.607567091948959
CNT/CB single layer,30%,1.8846671149966376,3.5195776506819207
CNT/CB single layer,30%,1.886348352387357,3.5195776506819207
CNT/CB single layer,30%,1.8880295897780766,3.4755829300483896
CNT/CB single layer,30%,1.8897108271687961,3.431588209414871
CNT/CB single layer,30%,1.891392064559516,3.3875934887813397
CNT/CB single layer,30%,1.8930733019502355,3.3875934887813397
CNT/CB single layer,30%,1.8947545393409548,3.34359876814782
CNT/CB single layer,30%,1.8964357767316744,3.2996040475143014
CNT/CB single layer,30%,1.898117014122394,3.2556093268807698
CNT/CB single layer,30%,1.8997982515131138,3.2556093268807698
CNT/CB single layer,30%,1.9014794889038333,3.167619885613719
CNT/CB single layer,30%,1.9031607262945527,3.1236251649802003
CNT/CB single layer,30%,1.9048419636852723,3.1236251649802003
CNT/CB single layer,30%,1.9065232010759918,3.03563572371315
CNT/CB single layer,30%,1.9082044384667116,2.9476462824461116
CNT/CB single layer,30%,1.9098856758574312,2.9476462824461116
CNT/CB single layer,30%,1.9115669132481505,2.9036515618125804
CNT/CB single layer,30%,1.91324815063887,2.8596568411790613
CNT/CB single layer,30%,1.9149293880295897,2.8156621205455297
CNT/CB single layer,30%,1.9166106254203095,2.8156621205455297
CNT/CB single layer,30%,1.918291862811029,2.8156621205455297
CNT/CB single layer,30%,1.9199731002017484,2.7716673999120105
CNT/CB single layer,30%,1.921654337592468,2.7276726792784913
CNT/CB single layer,30%,1.9233355749831875,2.7276726792784913
CNT/CB single layer,30%,1.9250168123739073,2.68367795864496
CNT/CB single layer,30%,1.9266980497646269,2.639683238011441
CNT/CB single layer,30%,1.9283792871553462,2.639683238011441
CNT/CB single layer,30%,1.9300605245460658,2.59568851737791
CNT/CB single layer,30%,1.9317417619367854,2.59568851737791
CNT/CB single layer,30%,1.9334229993275052,2.5516937967443907
CNT/CB single layer,30%,1.9351042367182247,2.5076990761108715
CNT/CB single layer,30%,1.936785474108944,2.4637043554773403
CNT/CB single layer,30%,1.9384667114996637,2.4637043554773403
CNT/CB single layer,30%,1.9401479488903832,2.419709634843821
CNT/CB single layer,30%,1.941829186281103,2.3317201935767704
CNT/CB single layer,30%,1.9435104236718226,2.3317201935767704
CNT/CB single layer,30%,1.945191661062542,2.3317201935767704
CNT/CB single layer,30%,1.9468728984532615,2.2877254729432512
CNT/CB single layer,30%,1.948554135843981,2.2437307523097196
CNT/CB single layer,30%,1.9502353732347009,2.2437307523097196
CNT/CB single layer,30%,1.9519166106254204,2.2437307523097196
CNT/CB single layer,30%,1.9535978480161398,2.199736031676201
CNT/CB single layer,30%,1.9552790854068594,2.199736031676201
CNT/CB single layer,30%,1.956960322797579,2.1557413110426693
CNT/CB single layer,30%,1.9586415601882987,2.11174659040915
CNT/CB single layer,30%,1.9603227975790183,2.0237571491421
CNT/CB single layer,30%,1.9620040349697376,2.0237571491421
CNT/CB single layer,30%,1.9636852723604572,2.0237571491421
CNT/CB single layer,30%,1.9653665097511768,2.0237571491421
CNT/CB single layer,30%,1.9670477471418966,1.9797624285085806
CNT/CB single layer,30%,1.9687289845326161,1.9797624285085806
CNT/CB single layer,30%,1.9704102219233355,1.9357677078750493
CNT/CB single layer,30%,1.972091459314055,1.89177298724153
CNT/CB single layer,30%,1.9737726967047746,1.847778266608011
CNT/CB single layer,30%,1.9754539340954944,1.8037835459744795
CNT/CB single layer,30%,1.977135171486214,1.7597888253409604
CNT/CB single layer,30%,1.9788164088769333,1.7597888253409604
CNT/CB single layer,30%,1.980497646267653,1.7157941047074292
CNT/CB single layer,30%,1.9821788836583725,1.7157941047074292
CNT/CB single layer,30%,1.9838601210490923,1.67179938407391
CNT/CB single layer,30%,1.9855413584398118,1.67179938407391
CNT/CB single layer,30%,1.9872225958305312,1.6278046634403909
CNT/CB single layer,30%,1.9889038332212507,1.6278046634403909
CNT/CB single layer,30%,1.9905850706119703,1.6278046634403909
CNT/CB single layer,30%,1.9922663080026901,1.6278046634403909
CNT/CB single layer,30%,1.9939475453934097,1.5838099428068595
CNT/CB single layer,30%,1.995628782784129,1.5838099428068595
CNT/CB single layer,30%,1.9973100201748486,1.5838099428068595
CNT/CB single layer,30%,1.9989912575655682,1.5838099428068595
CNT/CB single layer,30%,2.0006724949562877,1.5398152221733405
CNT/CB single layer,30%,2.0023537323470073,1.5838099428068595
CNT/CB single layer,30%,2.004034969737727,1.5838099428068595
CNT/CB single layer,30%,2.0057162071284464,1.5398152221733405
CNT/CB single layer,30%,2.007397444519166,1.5398152221733405
CNT/CB single layer,30%,2.0090786819098856,1.5398152221733405
CNT/CB single layer,30%,2.0107599193006056,1.5398152221733405
CNT/CB single layer,30%,2.0124411566913247,1.67179938407391
CNT/CB single layer,30%,2.0141223940820443,1.67179938407391
CNT/CB single layer,30%,2.015803631472764,1.7157941047074292
CNT/CB single layer,30%,2.0174848688634834,1.67179938407391
CNT/CB single layer,30%,2.019166106254203,1.7597888253409604
CNT/CB single layer,30%,2.0208473436449226,1.89177298724153
CNT/CB single layer,30%,2.022528581035642,1.9357677078750493
CNT/CB single layer,30%,2.0242098184263617,1.9797624285085806
CNT/CB single layer,30%,2.0258910558170813,2.0237571491421
CNT/CB single layer,30%,2.0275722932078013,2.11174659040915
CNT/CB single layer,30%,2.0292535305985204,2.199736031676201
CNT/CB single layer,30%,2.03093476798924,2.2437307523097196
CNT/CB single layer,30%,2.0326160053799596,2.2877254729432512
CNT/CB single layer,30%,2.034297242770679,2.419709634843821
CNT/CB single layer,30%,2.0359784801613987,2.5516937967443907
CNT/CB single layer,30%,2.0376597175521183,2.639683238011441
CNT/CB single layer,30%,2.039340954942838,2.7716673999120105
CNT/CB single layer,30%,2.0410221923335574,2.9036515618125804
CNT/CB single layer,30%,2.042703429724277,3.079630444346681
CNT/CB single layer,30%,2.0443846671149966,3.2116146062472506
CNT/CB single layer,30%,2.046065904505716,3.3875934887813397
CNT/CB single layer,30%,2.0477471418964357,3.5195776506819207
CNT/CB single layer,30%,2.0494283792871553,3.871535415750111
CNT/CB single layer,30%,2.051109616677875,4.003519577650681
CNT/CB single layer,30%,2.0527908540685944,4.091509018917731
CNT/CB single layer,30%,2.054472091459314,4.26748790145182
CNT/CB single layer,30%,2.0561533288500335,4.4434667839859205
CNT/CB single layer,30%,2.057834566240753,4.531456225252971
CNT/CB single layer,30%,2.0595158036314727,4.663440387153541
CNT/CB single layer,30%,2.0611970410221923,4.883413990321161
CNT/CB single layer,30%,2.062878278412912,4.971403431588212
CNT/CB single layer,30%,2.0645595158036314,5.059392872855262
CNT/CB single layer,30%,2.066240753194351,5.279366476022882
CNT/CB single layer,30%,2.0679219905850705,5.45534535855697
CNT/CB single layer,30%,2.06960322797579,5.631324241091072
CNT/CB single layer,30%,2.0712844653665097,5.895292564892211
CNT/CB single layer,30%,2.0729657027572292,6.59920809502859
CNT/CB single layer,30%,2.074646940147949,6.907171139463261
CNT/CB single layer,30%,2.0763281775386684,7.25912890453145
CNT/CB single layer,30%,2.078009414929388,7.4791025076990705
CNT/CB single layer,30%,2.0796906523201075,7.919049714034311
CNT/CB single layer,30%,2.081371889710827,8.13902331720193
CNT/CB single layer,30%,2.0830531271015467,8.31500219973603
CNT/CB single layer,30%,2.0847343644922662,8.4469863616366
CNT/CB single layer,30%,2.086415601882986,8.66695996480422
CNT/CB single layer,30%,2.0880968392737054,8.842938847338322
CNT/CB single layer,30%,2.089778076664425,9.15090189177298
CNT/CB single layer,30%,2.0914593140551445,9.414870215574132
CNT/CB single layer,30%,2.093140551445864,9.678838539375272
CNT/CB single layer,30%,2.0948217888365837,10.118785745710523
CNT/CB single layer,30%,2.0965030262273032,10.426748790145183
CNT/CB single layer,30%,2.098184263618023,10.690717113946322
CNT/CB single layer,30%,2.0998655010087424,10.998680158381005
CNT/CB single layer,30%,2.101546738399462,11.262648482182144
CNT/CB single layer,30%,2.1032279757901815,11.438627364716245
CNT/CB single layer,30%,2.104909213180901,11.878574571051484
CNT/CB single layer,30%,2.1065904505716206,12.142542894852623
CNT/CB single layer,30%,2.10827168796234,12.406511218653762
CNT/CB single layer,30%,2.10995292535306,12.6704795424549
CNT/CB single layer,30%,2.1116341627437794,12.890453145622521
CNT/CB single layer,30%,2.113315400134499,13.242410910690724
CNT/CB single layer,30%,2.1149966375252185,13.506379234491863
CNT/CB single layer,30%,2.116677874915938,13.902331720193583
CNT/CB single layer,30%,2.1183591123066576,14.298284205895282
CNT/CB single layer,30%,2.120040349697377,14.5182578090629
CNT/CB single layer,30%,2.1217215870880968,14.826220853497585
CNT/CB single layer,30%,2.1234028244788163,15.046194456665205
CNT/CB single layer,30%,2.125084061869536,15.310162780466344
CNT/CB single layer,30%,2.1267652992602555,15.530136383633963
CNT/CB single layer,30%,2.128446536650975,15.794104707435103
CNT/CB single layer,30%,2.1301277740416946,16.05807303123624
CNT/CB single layer,30%,2.131809011432414,16.234051913770344
CNT/CB single layer,30%,2.1334902488231338,16.542014958205026
CNT/CB single layer,30%,2.1351714862138533,16.761988561372647
CNT/CB single layer,30%,2.136852723604573,16.93796744390672
CNT/CB single layer,30%,2.1385339609952925,17.157941047074342
CNT/CB single layer,30%,2.140215198386012,17.377914650241962
CNT/CB single layer,30%,2.1418964357767316,17.685877694676645
CNT/CB single layer,30%,2.143577673167451,17.905851297844265
CNT/CB single layer,30%,2.1452589105581708,18.125824901011885
CNT/CB single layer,30%,2.1469401479488903,18.345798504179506
CNT/CB single layer,30%,2.14862138533961,18.52177738671358
CNT/CB single layer,30%,2.1503026227303295,18.69775626924768
CNT/CB single layer,30%,2.151983860121049,18.917729872415304
CNT/CB single layer,30%,2.1536650975117686,19.093708754949404
CNT/CB single layer,30%,2.155346334902488,19.313682358117024
CNT/CB single layer,30%,2.1570275722932077,19.489661240651124
CNT/CB single layer,30%,2.1587088096839273,19.665640123185224
CNT/CB single layer,30%,2.160390047074647,19.885613726352847
CNT/CB single layer,30%,2.1620712844653664,20.105587329520468
CNT/CB single layer,30%,2.163752521856086,20.237571491421022
CNT/CB single layer,30%,2.1654337592468056,20.457545094588642
CNT/CB single layer,30%,2.167114996637525,20.677518697756263
CNT/CB single layer,30%,2.1687962340282447,20.809502859656845
CNT/CB single layer,30%,2.1704774714189643,21.161460624725024
CNT/CB single layer,30%,2.172158708809684,21.337439507259123
CNT/CB single layer,30%,2.1738399462004034,21.513418389793223
CNT/CB single layer,30%,2.175521183591123,21.689397272327327
CNT/CB single layer,30%,2.1772024209818426,21.865376154861426
CNT/CB single layer,30%,2.178883658372562,21.997360316761984
CNT/CB single layer,30%,2.1805648957632817,22.305323361196667
CNT/CB single layer,30%,2.1822461331540013,22.437307523097225
CNT/CB single layer,30%,2.183927370544721,22.613286405631325
CNT/CB single layer,30%,2.1856086079354404,22.701275846898366
CNT/CB single layer,30%,2.18728984532616,22.877254729432465
CNT/CB single layer,30%,2.1889710827168796,23.053233611966565
CNT/CB single layer,30%,2.190652320107599,23.317201935767702
CNT/CB single layer,30%,2.1923335574983187,23.493180818301802
CNT/CB single layer,30%,2.1940147948890383,23.713154421469426
CNT/CB single layer,30%,2.195696032279758,23.889133304003526
CNT/CB single layer,30%,2.1973772696704774,24.0651121865376
CNT/CB single layer,30%,2.199058507061197,24.241091069071704
CNT/CB single layer,30%,2.2007397444519166,24.417069951605804
CNT/CB single layer,30%,2.202420981842636,24.637043554773424
CNT/CB single layer,30%,2.2041022192333557,24.813022437307524
CNT/CB single layer,30%,2.2057834566240753,24.989001319841623
CNT/CB single layer,30%,2.207464694014795,25.164980202375702
CNT/CB single layer,30%,2.2091459314055144,25.428948526176864
CNT/CB single layer,30%,2.210827168796234,25.648922129344488
CNT/CB single layer,30%,2.2125084061869535,25.824901011878566
CNT/CB single layer,30%,2.214189643577673,26.000879894412666
CNT/CB single layer,30%,2.2158708809683927,26.264848218213803
CNT/CB single layer,30%,2.2175521183591123,26.440827100747903
CNT/CB single layer,30%,2.219233355749832,26.660800703915527
CNT/CB single layer,30%,2.2209145931405514,26.968763748350206
CNT/CB single layer,30%,2.222595830531271,27.188737351517826
CNT/CB single layer,30%,2.2242770679219905,27.408710954685446
CNT/CB single layer,30%,2.22595830531271,27.628684557853067
CNT/CB single layer,30%,2.2276395427034297,27.804663440387145
CNT/CB single layer,30%,2.2293207800941492,28.332600087989444
CNT/CB single layer,30%,2.231002017484869,28.508578970523544
CNT/CB single layer,30%,2.2326832548755884,28.684557853057623
CNT/CB single layer,30%,2.234364492266308,28.904531456225246
CNT/CB single layer,30%,2.2360457296570275,29.16849978002641
CNT/CB single layer,30%,2.237726967047747,29.388473383194004
CNT/CB single layer,30%,2.2394082044384667,29.65244170699517
CNT/CB single layer,30%,2.2410894418291862,29.872415310162786
CNT/CB single layer,30%,2.242770679219906,30.224373075230965
CNT/CB single layer,30%,2.2444519166106254,30.488341399032105
CNT/CB single layer,30%,2.246133154001345,30.708315002199726
CNT/CB single layer,30%,2.2478143913920645,31.060272767267925
CNT/CB single layer,30%,2.249495628782784,31.412230532336128
CNT/CB single layer,30%,2.2511768661735037,31.676198856137265
CNT/CB single layer,30%,2.2528581035642232,31.940167179938406
CNT/CB single layer,30%,2.254539340954943,32.248130224373064
CNT/CB single layer,30%,2.2562205783456624,32.51209854817423
CNT/CB single layer,30%,2.257901815736382,32.90805103387592
CNT/CB single layer,30%,2.2595830531271015,33.084029916410024
CNT/CB single layer,30%,2.261264290517821,33.43598768147823
CNT/CB single layer,30%,2.2629455279085406,33.74395072591289
CNT/CB single layer,30%,2.26462676529926,34.53585569731633
CNT/CB single layer,30%,2.26630800268998,34.88781346238451
CNT/CB single layer,30%,2.2679892400806994,35.195776506819186
CNT/CB single layer,30%,2.269670477471419,35.41575010998681
CNT/CB single layer,30%,2.2713517148621385,35.76770787505499
CNT/CB single layer,30%,2.273032952252858,36.20765508139023
CNT/CB single layer,30%,2.2747141896435776,36.471623405191366
CNT/CB single layer,30%,2.276395427034297,36.77958644962605
CNT/CB single layer,30%,2.2780766644250168,37.21953365596129
CNT/CB single layer,30%,2.2797579018157363,37.52749670039594
CNT/CB single layer,30%,2.281439139206456,37.87945446546415
CNT/CB single layer,30%,2.2831203765971755,38.23141223053233
CNT/CB single layer,30%,2.284801613987895,38.71535415750111
CNT/CB single layer,30%,2.2864828513786146,39.15530136383635
CNT/CB single layer,30%,2.288164088769334,39.46326440827101
CNT/CB single layer,30%,2.2898453261600538,39.771227452705666
CNT/CB single layer,30%,2.2915265635507733,40.123185217773866
CNT/CB single layer,30%,2.293207800941493,40.69511658600967
CNT/CB single layer,30%,2.2948890383322125,41.09106907171139
CNT/CB single layer,30%,2.296570275722932,42.146942366915965
CNT/CB single layer,30%,2.2982515131136516,42.67487901451825
CNT/CB single layer,30%,2.299932750504371,43.11482622085349
CNT/CB single layer,30%,2.3016139878950908,43.55477342718873
CNT/CB single layer,30%,2.3032952252858103,43.95072591289045
CNT/CB single layer,30%,2.30497646267653,44.43466783985921
CNT/CB single layer,30%,2.3066577000672495,44.87461504619445
CNT/CB single layer,30%,2.308338937457969,45.40255169379675
CNT/CB single layer,30%,2.3100201748486886,45.97448306203255
CNT/CB single layer,30%,2.311701412239408,46.81038275406951
CNT/CB single layer,30%,2.3133826496301277,47.38231412230533
CNT/CB single layer,30%,2.3150638870208473,47.99824021117465
CNT/CB single layer,30%,2.316745124411567,48.65816102067751
CNT/CB single layer,30%,2.3184263618022865,49.31808183018037
CNT/CB single layer,30%,2.320107599193006,50.021997360316774
CNT/CB single layer,30%,2.3217888365837256,51.07787065552133
CNT/CB single layer,30%,2.323470073974445,51.86977562692478
CNT/CB single layer,30%,2.3251513113651647,52.70567531896173
CNT/CB single layer,30%,2.3268325487558843,53.67355917289925
CNT/CB single layer,30%,2.328513786146604,54.72943246810383
CNT/CB single layer,30%,2.3301950235373234,55.741311042674866
CNT/CB single layer,30%,2.331876260928043,58.688957325120995
CNT/CB single layer,30%,2.3335574983187626,59.04091509018917
CNT/CB single layer,30%,2.335238735709482,58.688957325120995
CNT/CB single layer,30%,2.3369199731002017,58.29300483941927
CNT/CB single layer,30%,2.3386012104909213,57.325120985481725
CNT/CB single layer,30%,2.340282447881641,57.01715794104707
CNT/CB single layer,30%,2.3419636852723604,56.84117905851297
CNT/CB single layer,30%,2.34364492266308,56.709194896612416
CNT/CB single layer,30%,2.3453261600537996,56.709194896612416
CNT/CB single layer,30%,2.347007397444519,56.66520017597889
CNT/CB single layer,30%,2.3486886348352387,56.44522657281127
CNT/CB single layer,30%,2.3503698722259583,56.31324241091069
CNT/CB single layer,30%,2.352051109616678,56.13726352837659
CNT/CB single layer,30%,2.3537323470073974,56.00527936647603
CNT/CB single layer,30%,2.355413584398117,55.829300483941935
CNT/CB single layer,30%,2.3570948217888366,55.477342718873736
CNT/CB single layer,30%,2.358776059179556,55.08139023317201
CNT/CB single layer,30%,2.3604572965702757,54.99340079190497
CNT/CB single layer,30%,2.3621385339609953,54.905411350637934
CNT/CB single layer,30%,2.363819771351715,54.77342718873736
CNT/CB single layer,30%,2.3655010087424344,54.72943246810383
CNT/CB single layer,30%,2.367182246133154,54.59744830620325
CNT/CB single layer,30%,2.3688634835238735,54.553453585569734
CNT/CB single layer,30%,2.370544720914593,54.465464144302686
CNT/CB single layer,30%,2.3722259583053127,54.37747470303563
CNT/CB single layer,30%,2.3739071956960323,54.33347998240211
CNT/CB single layer,30%,2.375588433086752,54.28948526176859
CNT/CB single layer,30%,2.3772696704774714,54.201495820501535
CNT/CB single layer,30%,2.378950907868191,54.069511658600966
CNT/CB single layer,30%,2.3806321452589105,53.93752749670039
CNT/CB single layer,30%,2.38231338264963,53.89353277606686
CNT/CB single layer,30%,2.3839946200403497,53.84953805543336
CNT/CB single layer,30%,2.3856758574310692,53.805543334799836
CNT/CB single layer,30%,2.387357094821789,53.71755389353277
CNT/CB single layer,30%,2.3890383322125084,53.62956445226573
CNT/CB single layer,30%,2.390719569603228,53.58556973163221
CNT/CB single layer,30%,2.3924008069939475,53.58556973163221
CNT/CB single layer,30%,2.394082044384667,53.49758029036516
CNT/CB single layer,30%,2.3957632817753867,53.40959084909811
CNT/CB single layer,30%,2.3974445191661062,53.36559612846459
CNT/CB single layer,30%,2.399125756556826,53.321601407831054
CNT/CB single layer,30%,2.4008069939475454,53.27760668719753
CNT/CB single layer,30%,2.402488231338265,53.189617245930485
CNT/CB single layer,30%,2.4041694687289845,53.14562252529698
CNT/CB single layer,30%,2.405850706119704,53.05763308402991
CNT/CB single layer,30%,2.4075319435104237,53.05763308402991
CNT/CB single layer,30%,2.4092131809011432,52.969643642762875
CNT/CB single layer,30%,2.410894418291863,52.969643642762875
CNT/CB single layer,30%,2.4125756556825824,52.925648922129355
CNT/CB single layer,30%,2.414256893073302,52.881654201495806
CNT/CB single layer,30%,2.4159381304640215,52.837659480862285
CNT/CB single layer,30%,2.417619367854741,52.79366476022878
CNT/CB single layer,30%,2.4193006052454606,52.74967003959525
CNT/CB single layer,30%,2.42098184263618,52.70567531896173
CNT/CB single layer,30%,2.4226630800269,52.66168059832819
CNT/CB single layer,30%,2.4243443174176194,52.61768587769466
CNT/CB single layer,30%,2.426025554808339,52.573691157061155
CNT/CB single layer,30%,2.4277067921990585,52.52969643642763
CNT/CB single layer,30%,2.429388029589778,52.48570171579411
CNT/CB single layer,30%,2.4310692669804976,52.441706995160565
CNT/CB single layer,30%,2.432750504371217,52.35371755389353
CNT/CB single layer,30%,2.4344317417619368,52.30972283326001
CNT/CB single layer,30%,2.4361129791526563,52.30972283326001
CNT/CB single layer,30%,2.437794216543376,52.2657281126265
CNT/CB single layer,30%,2.4394754539340955,52.221733391992956
CNT/CB single layer,30%,2.441156691324815,52.17773867135943
CNT/CB single layer,30%,2.4428379287155346,52.13374395072591
CNT/CB single layer,30%,2.444519166106254,52.13374395072591
CNT/CB single layer,30%,2.4462004034969738,52.13374395072591
CNT/CB single layer,30%,2.4478816408876933,52.08974923009239
CNT/CB single layer,30%,2.449562878278413,52.045754509458874
CNT/CB single layer,30%,2.4512441156691325,52.045754509458874
CNT/CB single layer,30%,2.452925353059852,52.00175978882533
CNT/CB single layer,30%,2.4546065904505716,51.913770347558284
CNT/CB single layer,30%,2.456287827841291,51.209854817421906
CNT/CB single layer,30%,2.4579690652320108,50.19797624285085
CNT/CB single layer,30%,2.4596503026227303,48.350197976242846
CNT/CB single layer,30%,2.46133154001345,47.118345798504166
CNT/CB single layer,30%,2.4630127774041695,46.326440827100754
CNT/CB single layer,30%,2.464694014794889,45.490541135063786
CNT/CB single layer,30%,2.4663752521856086,44.74263088429389
CNT/CB single layer,30%,2.468056489576328,44.12670479542455
CNT/CB single layer,30%,2.4697377269670477,43.11482622085349
CNT/CB single layer,30%,2.4714189643577673,42.49890013198417
CNT/CB single layer,30%,2.473100201748487,41.97096348438187
CNT/CB single layer,30%,2.4747814391392065,41.355037395512525
CNT/CB single layer,30%,2.476462676529926,40.82710074791025
CNT/CB single layer,30%,2.4781439139206456,40.387153541575
CNT/CB single layer,30%,2.479825151311365,39.94720633523976
CNT/CB single layer,30%,2.4815063887020847,39.55125384953805
CNT/CB single layer,30%,2.4831876260928043,39.15530136383635
CNT/CB single layer,30%,2.484868863483524,38.495380554333494
CNT/CB single layer,30%,2.4865501008742434,38.09942806863177
CNT/CB single layer,30%,2.488231338264963,37.70347558293005
CNT/CB single layer,30%,2.4899125756556826,37.35151781786185
CNT/CB single layer,30%,2.491593813046402,37.04355477342719
CNT/CB single layer,30%,2.4932750504371217,36.55961284645843
CNT/CB single layer,30%,2.4949562878278413,36.07567091948967
CNT/CB single layer,30%,2.496637525218561,35.37175538935327
CNT/CB single layer,30%,2.4983187626092804,35.107787065552124
CNT/CB single layer,30%,2.5,34.84381874175099
CNT/CB single layer,30%,2.501681237390719,34.62384513858336
CNT/CB single layer,30%,2.503362474781439,34.315882094148705
CNT/CB single layer,30%,2.5050437121721587,34.007919049714026
CNT/CB single layer,30%,2.5067249495628783,33.7879454465464
CNT/CB single layer,30%,2.508406186953598,33.61196656401233
CNT/CB single layer,30%,2.5100874243443174,33.43598768147823
CNT/CB single layer,30%,2.511768661735037,33.21601407831061
CNT/CB single layer,30%,2.5134498991257566,32.95204575450947
CNT/CB single layer,30%,2.5151311365164766,32.644082710074784
CNT/CB single layer,30%,2.5168123739071957,32.38011438627365
CNT/CB single layer,30%,2.518493611297915,32.20413550373954
CNT/CB single layer,30%,2.520174848688635,31.984161900571927
CNT/CB single layer,30%,2.5218560860793544,31.808183018037823
CNT/CB single layer,30%,2.523537323470074,31.63220413550375
CNT/CB single layer,30%,2.5252185608607935,31.45622525296965
CNT/CB single layer,30%,2.526899798251513,31.280246370435545
CNT/CB single layer,30%,2.5285810356422327,31.060272767267925
CNT/CB single layer,30%,2.5302622730329523,30.884293884733825
CNT/CB single layer,30%,2.5319435104236723,30.708315002199726
CNT/CB single layer,30%,2.5336247478143914,30.488341399032105
CNT/CB single layer,30%,2.5353059852051105,30.312362516498027
CNT/CB single layer,30%,2.5369872225958305,30.136383633963927
CNT/CB single layer,30%,2.53866845998655,29.960404751429827
CNT/CB single layer,30%,2.5403496973772697,29.740431148262203
CNT/CB single layer,30%,2.5420309347679892,29.608446986361624
CNT/CB single layer,30%,2.543712172158709,29.388473383194004
CNT/CB single layer,30%,2.5453934095494284,29.16849978002641
CNT/CB single layer,30%,2.547074646940148,29.080510338759346
CNT/CB single layer,30%,2.548755884330868,28.860536735591722
CNT/CB single layer,30%,2.550437121721587,28.728552573691168
CNT/CB single layer,30%,2.5521183591123062,28.55257369115707
CNT/CB single layer,30%,2.5537995965030262,28.420589529256485
CNT/CB single layer,30%,2.555480833893746,28.288605367355927
CNT/CB single layer,30%,2.5571620712844654,28.156621205455345
CNT/CB single layer,30%,2.558843308675185,28.024637043554762
CNT/CB single layer,30%,2.5605245460659045,27.84865816102069
CNT/CB single layer,30%,2.562205783456624,27.672679278486584
CNT/CB single layer,30%,2.5638870208473437,27.540695116586004
CNT/CB single layer,30%,2.5655682582380637,27.364716234051905
CNT/CB single layer,30%,2.567249495628783,27.232732072151343
CNT/CB single layer,30%,2.568930733019502,27.144742630884284
CNT/CB single layer,30%,2.570611970410222,26.880774307083144
CNT/CB single layer,30%,2.5722932078009415,26.792784865816106
CNT/CB single layer,30%,2.573974445191661,26.704795424549044
CNT/CB single layer,30%,2.5756556825823806,26.528816542014965
CNT/CB single layer,30%,2.5773369199731,26.30884293884735
CNT/CB single layer,30%,2.57901815736382,26.176858776946766
CNT/CB single layer,30%,2.5806993947545394,26.088869335679725
CNT/CB single layer,30%,2.5823806321452594,25.912890453145625
CNT/CB single layer,30%,2.5840618695359785,25.780906291245042
CNT/CB single layer,30%,2.5857431069266976,25.648922129344488
CNT/CB single layer,30%,2.5874243443174176,25.560932688077425
CNT/CB single layer,30%,2.589105581708137,25.428948526176864
CNT/CB single layer,30%,2.5907868190988568,25.296964364276285
CNT/CB single layer,30%,2.5924680564895763,25.076990761108664
CNT/CB single layer,30%,2.594149293880296,24.901011878574565
CNT/CB single layer,30%,2.5958305312710155,24.725032996040465
CNT/CB single layer,30%,2.597511768661735,24.593048834139903
CNT/CB single layer,30%,2.599193006052455,24.505059392872845
CNT/CB single layer,30%,2.600874243443174,24.329080510338766
CNT/CB single layer,30%,2.6025554808338933,24.197096348438187
CNT/CB single layer,30%,2.6042367182246133,24.109106907171146
CNT/CB single layer,30%,2.605917955615333,24.0651121865376
CNT/CB single layer,30%,2.6075991930060525,23.933128024637046
CNT/CB single layer,30%,2.609280430396772,23.801143862736463
CNT/CB single layer,30%,2.6109616677874916,23.581170259568843
CNT/CB single layer,30%,2.612642905178211,23.493180818301802
CNT/CB single layer,30%,2.6143241425689308,23.405191377034768
CNT/CB single layer,30%,2.6160053799596508,23.053233611966565
CNT/CB single layer,30%,2.61768661735037,22.965244170699524
CNT/CB single layer,30%,2.619367854741089,22.921249450065982
CNT/CB single layer,30%,2.621049092131809,22.745270567531904
CNT/CB single layer,30%,2.6227303295225286,22.569291684997804
CNT/CB single layer,30%,2.624411566913248,22.393312802463704
CNT/CB single layer,30%,2.6260928043039677,22.26132864056312
CNT/CB single layer,30%,2.6277740416946873,22.085349758029047
CNT/CB single layer,30%,2.629455279085407,21.909370875494947
CNT/CB single layer,30%,2.6311365164761265,21.82138143422788
CNT/CB single layer,30%,2.6328177538668465,21.689397272327327
CNT/CB single layer,30%,2.6344989912575656,21.513418389793223
CNT/CB single layer,30%,2.6361802286482847,21.337439507259123
CNT/CB single layer,30%,2.6378614660390047,21.205455345358565
CNT/CB single layer,30%,2.6395427034297243,21.029476462824466
CNT/CB single layer,30%,2.641223940820444,20.853497580290366
CNT/CB single layer,30%,2.6429051782111634,20.589529256489225
CNT/CB single layer,30%,2.644586415601883,20.457545094588642
CNT/CB single layer,30%,2.6462676529926026,20.281566212054543
CNT/CB single layer,30%,2.647948890383322,20.237571491421022
CNT/CB single layer,30%,2.649630127774042,20.017597888253402
CNT/CB single layer,30%,2.6513113651647613,19.885613726352847
CNT/CB single layer,30%,2.6529926025554804,19.753629564452265
CNT/CB single layer,30%,2.6546738399462004,19.62164540255168
CNT/CB single layer,30%,2.65635507733692,19.533655961284644
CNT/CB single layer,30%,2.6580363147276396,19.40167179938406
CNT/CB single layer,30%,2.659717552118359,19.225692916849983
CNT/CB single layer,30%,2.6613987895090787,19.093708754949404
CNT/CB single layer,30%,2.6630800268997983,18.96172459304882
CNT/CB single layer,30%,2.664761264290518,18.829740431148263
CNT/CB single layer,30%,2.666442501681238,18.69775626924768
CNT/CB single layer,30%,2.668123739071957,18.565772107347126
CNT/CB single layer,30%,2.669804976462676,18.389793224813026
CNT/CB single layer,30%,2.671486213853396,18.257809062912443
CNT/CB single layer,30%,2.6731674512441157,18.08183018037837
CNT/CB single layer,30%,2.6748486886348353,17.993840739111302
CNT/CB single layer,30%,2.676529926025555,17.817861856577203
CNT/CB single layer,30%,2.6782111634162744,17.685877694676645
CNT/CB single layer,30%,2.679892400806994,17.553893532776062
CNT/CB single layer,30%,2.6815736381977135,17.465904091509024
CNT/CB single layer,30%,2.6832548755884336,17.289925208974925
CNT/CB single layer,30%,2.6849361129791527,17.113946326440825
CNT/CB single layer,30%,2.686617350369872,16.93796744390672
CNT/CB single layer,30%,2.688298587760592,16.7179938407391
CNT/CB single layer,30%,2.6899798251513114,16.63000439947206
CNT/CB single layer,30%,2.691661062542031,16.366036075670923
CNT/CB single layer,30%,2.6933422999327505,16.234051913770344
CNT/CB single layer,30%,2.69502353732347,16.05807303123624
CNT/CB single layer,30%,2.6967047747141897,15.882094148702164
CNT/CB single layer,30%,2.6983860121049092,15.706115266168064
CNT/CB single layer,30%,2.7000672494956293,15.574131104267483
CNT/CB single layer,30%,2.7017484868863484,15.39815222173338
CNT/CB single layer,30%,2.7034297242770675,15.266168059832824
CNT/CB single layer,30%,2.7051109616677875,15.13418389793224
CNT/CB single layer,30%,2.706792199058507,15.002199736031685
CNT/CB single layer,30%,2.7084734364492267,14.826220853497585
CNT/CB single layer,30%,2.7101546738399462,14.650241970963481
CNT/CB single layer,30%,2.711835911230666,14.386273647162342
CNT/CB single layer,30%,2.7135171486213854,14.166300043994722
CNT/CB single layer,30%,2.715198386012105,14.034315882094143
CNT/CB single layer,30%,2.716879623402825,13.85833699956004
CNT/CB single layer,30%,2.718560860793544,13.682358117025965
CNT/CB single layer,30%,2.720242098184263,13.506379234491863
CNT/CB single layer,30%,2.7219233355749832,13.286405631324245
CNT/CB single layer,30%,2.723604572965703,13.110426748790141
CNT/CB single layer,30%,2.7252858103564224,12.890453145622521
CNT/CB single layer,30%,2.726967047747142,12.714474263088421
CNT/CB single layer,30%,2.7286482851378615,12.582490101187863
CNT/CB single layer,30%,2.730329522528581,12.450505939287282
CNT/CB single layer,30%,2.7320107599193006,12.27452705675318
CNT/CB single layer,30%,2.7336919973100207,12.098548174219104
CNT/CB single layer,30%,2.73537323470074,11.878574571051484
CNT/CB single layer,30%,2.737054472091459,11.702595688517384
CNT/CB single layer,30%,2.738735709482179,11.570611526616801
CNT/CB single layer,30%,2.7404169468728985,11.3946326440827
CNT/CB single layer,30%,2.742098184263618,11.262648482182144
CNT/CB single layer,30%,2.7437794216543376,11.13066432028156
CNT/CB single layer,30%,2.745460659045057,10.998680158381005
CNT/CB single layer,30%,2.7471418964357768,10.822701275846903
CNT/CB single layer,30%,2.7488231338264963,10.646722393312801
CNT/CB single layer,30%,2.7505043712172164,10.470743510778702
CNT/CB single layer,30%,2.7521856086079355,10.382754069511662
CNT/CB single layer,30%,2.7538668459986546,10.250769907611081
CNT/CB single layer,30%,2.7555480833893746,10.118785745710523
CNT/CB single layer,30%,2.757229320780094,10.030796304443461
CNT/CB single layer,30%,2.7589105581708138,9.89881214254289
CNT/CB single layer,30%,2.7605917955615333,9.766827980642322
CNT/CB single layer,30%,2.762273032952253,9.634843818741752
CNT/CB single layer,30%,2.7639542703429725,9.502859656841183
CNT/CB single layer,30%,2.765635507733692,9.282886053673563
CNT/CB single layer,30%,2.767316745124412,9.194896612406513
CNT/CB single layer,30%,2.768997982515131,9.062912450505943
CNT/CB single layer,30%,2.7706792199058503,8.974923009238891
CNT/CB single layer,30%,2.7723604572965703,8.930928288605362
CNT/CB single layer,30%,2.77404169468729,8.886933567971841
CNT/CB single layer,30%,2.7757229320780095,8.71095468543774
CNT/CB single layer,30%,2.777404169468729,8.490981082270132
CNT/CB single layer,30%,2.7790854068594486,8.35899692036955
CNT/CB single layer,30%,2.780766644250168,8.22701275846898
CNT/CB single layer,30%,2.7824478816408877,8.13902331720193
CNT/CB single layer,30%,2.7841291190316078,8.051033875934891
CNT/CB single layer,30%,2.785810356422327,7.963044434667841
CNT/CB single layer,30%,2.787491593813046,7.875054993400791
CNT/CB single layer,30%,2.789172831203766,7.7870655521337415
CNT/CB single layer,30%,2.7908540685944856,7.69907611086669
CNT/CB single layer,30%,2.792535305985205,7.655081390233172
CNT/CB single layer,30%,2.7942165433759247,7.5230972283326025
CNT/CB single layer,30%,2.7958977807666443,7.4791025076990705
CNT/CB single layer,30%,2.797579018157364,7.391113066432033
CNT/CB single layer,30%,2.7992602555480834,7.347118345798501
CNT/CB single layer,30%,2.8009414929388035,7.25912890453145
CNT/CB single layer,30%,2.8026227303295226,7.215134183897931
CNT/CB single layer,30%,2.8043039677202417,7.127144742630881
CNT/CB single layer,30%,2.8059852051109617,7.039155301363831
CNT/CB single layer,30%,2.8076664425016813,6.951165860096792
CNT/CB single layer,30%,2.809347679892401,6.863176418829742
CNT/CB single layer,30%,2.8110289172831204,6.81918169819621
CNT/CB single layer,30%,2.81271015467384,6.68719753629564
CNT/CB single layer,30%,2.8143913920645596,6.59920809502859
CNT/CB single layer,30%,2.816072629455279,6.555213374395071
CNT/CB single layer,30%,2.8177538668459983,6.37923449186097
CNT/CB single layer,30%,2.8194351042367183,6.291245050593932
CNT/CB single layer,30%,2.8211163416274374,6.203255609326881
CNT/CB single layer,30%,2.8227975790181574,6.15926088869335
CNT/CB single layer,30%,2.824478816408877,6.115266168059831
CNT/CB single layer,30%,2.826160053799596,6.02727672679278
CNT/CB single layer,30%,2.827841291190316,5.9832820061592615
CNT/CB single layer,30%,2.8295225285810357,5.9832820061592615
CNT/CB single layer,30%,2.8312037659717553,5.93928728552573
CNT/CB single layer,30%,2.832885003362475,5.807303123625161
CNT/CB single layer,30%,2.834566240753194,5.7193136823581225
CNT/CB single layer,30%,2.836247478143914,5.631324241091072
CNT/CB single layer,30%,2.837928715534633,5.587329520457541
CNT/CB single layer,30%,2.839609952925353,5.499340079190502
CNT/CB single layer,30%,2.8412911903160727,5.45534535855697
CNT/CB single layer,30%,2.842972427706792,5.36735591728992
CNT/CB single layer,30%,2.844653665097512,5.323361196656401
CNT/CB single layer,30%,2.8463349024882314,5.235371755389351
CNT/CB single layer,30%,2.848016139878951,5.191377034755831
CNT/CB single layer,30%,2.8496973772696705,5.1473823141223
CNT/CB single layer,30%,2.8513786146603897,5.103387593488781
CNT/CB single layer,30%,2.8530598520511097,5.059392872855262
CNT/CB single layer,30%,2.854741089441829,4.971403431588212
CNT/CB single layer,30%,2.856422326832549,4.927408710954681
CNT/CB single layer,30%,2.8581035642232684,4.839419269687642
CNT/CB single layer,30%,2.8597848016139875,4.79542454905411
CNT/CB single layer,30%,2.8614660390047075,4.751429828420592
CNT/CB single layer,30%,2.863147276395427,4.7074351077870595
CNT/CB single layer,30%,2.8648285137861467,4.663440387153541
CNT/CB single layer,30%,2.8665097511768662,4.57545094588649
CNT/CB single layer,30%,2.8681909885675854,4.57545094588649
CNT/CB single layer,30%,2.8698722259583054,4.487461504619439
CNT/CB single layer,30%,2.8715534633490245,4.4434667839859205
CNT/CB single layer,30%,2.8732347007397445,4.399472063352402
CNT/CB single layer,30%,2.874915938130464,4.35547734271887
CNT/CB single layer,30%,2.876597175521183,4.311482622085351
CNT/CB single layer,30%,2.8782784129119032,4.26748790145182
CNT/CB single layer,30%,2.879959650302623,4.2234931808183
CNT/CB single layer,30%,2.8816408876933424,4.1794984601847815
CNT/CB single layer,30%,2.883322125084062,4.13550373955125
CNT/CB single layer,30%,2.885003362474781,4.0475142982842
CNT/CB single layer,30%,2.886684599865501,4.003519577650681
CNT/CB single layer,30%,2.88836583725622,3.9595248570171613
CNT/CB single layer,30%,2.89004707464694,3.9155301363836297
CNT/CB single layer,30%,2.89172831203766,3.871535415750111
CNT/CB single layer,30%,2.893409549428379,3.82754069511658
CNT/CB single layer,30%,2.895090786819099,3.82754069511658
CNT/CB single layer,30%,2.8967720242098185,3.78354597448306
CNT/CB single layer,30%,2.898453261600538,3.7395512538495415
CNT/CB single layer,30%,2.9001344989912576,3.69555653321601
CNT/CB single layer,30%,2.9018157363819768,3.6515618125824907
CNT/CB single layer,30%,2.9034969737726968,3.6515618125824907
CNT/CB single layer,30%,2.905178211163416,3.607567091948959
CNT/CB single layer,30%,2.906859448554136,3.5635723713154404
CNT/CB single layer,30%,2.9085406859448555,3.4755829300483896
CNT/CB single layer,30%,2.9102219233355746,3.431588209414871
CNT/CB single layer,30%,2.9119031607262946,3.3875934887813397
CNT/CB single layer,30%,2.913584398117014,3.34359876814782
CNT/CB single layer,30%,2.9152656355077338,3.2996040475143014
CNT/CB single layer,30%,2.9169468728984533,3.2556093268807698
CNT/CB single layer,30%,2.9186281102891725,3.2556093268807698
CNT/CB single layer,30%,2.9203093476798925,3.2116146062472506
CNT/CB single layer,30%,2.9219905850706116,3.167619885613719
CNT/CB single layer,30%,2.9236718224613316,3.1236251649802003
CNT/CB single layer,30%,2.925353059852051,3.079630444346681
CNT/CB single layer,30%,2.9270342972427703,3.03563572371315
CNT/CB single layer,30%,2.9287155346334903,2.9916410030796308
CNT/CB single layer,30%,2.93039677202421,2.9476462824461116
CNT/CB single layer,30%,2.9320780094149295,2.9036515618125804
CNT/CB single layer,30%,2.933759246805649,2.9036515618125804
CNT/CB single layer,30%,2.935440484196368,2.8596568411790613
CNT/CB single layer,30%,2.937121721587088,2.8596568411790613
CNT/CB single layer,30%,2.9388029589778073,2.8596568411790613
CNT/CB single layer,30%,2.9404841963685273,2.8156621205455297
CNT/CB single layer,30%,2.942165433759247,2.7716673999120105
CNT/CB single layer,30%,2.943846671149966,2.7276726792784913
CNT/CB single layer,30%,2.945527908540686,2.68367795864496
CNT/CB single layer,30%,2.9472091459314056,2.68367795864496
CNT/CB single layer,30%,2.948890383322125,2.639683238011441
CNT/CB single layer,30%,2.9505716207128447,2.59568851737791
CNT/CB single layer,30%,2.952252858103564,2.5516937967443907
CNT/CB single layer,30%,2.953934095494284,2.5516937967443907
CNT/CB single layer,30%,2.955615332885003,2.5076990761108715
CNT/CB single layer,30%,2.957296570275723,2.4637043554773403
CNT/CB single layer,30%,2.9589778076664426,2.4637043554773403
CNT/CB single layer,30%,2.9606590450571617,2.419709634843821
CNT/CB single layer,30%,2.9623402824478817,2.5076990761108715
CNT/CB single layer,30%,2.9640215198386013,2.5076990761108715
CNT/CB single layer,30%,2.965702757229321,2.4637043554773403
CNT/CB single layer,30%,2.9673839946200404,2.419709634843821
CNT/CB single layer,30%,2.9690652320107596,2.3757149142102896
CNT/CB single layer,30%,2.9707464694014796,2.3757149142102896
CNT/CB single layer,30%,2.9724277067921987,2.3317201935767704
CNT/CB single layer,30%,2.9741089441829187,2.2877254729432512
CNT/CB single layer,30%,2.9757901815736383,2.199736031676201
CNT/CB single layer,30%,2.9774714189643574,2.199736031676201
CNT/CB single layer,30%,2.9791526563550774,2.199736031676201
CNT/CB single layer,30%,2.980833893745797,2.199736031676201
CNT/CB single layer,30%,2.9825151311365166,2.1557413110426693
CNT/CB single layer,30%,2.984196368527236,2.11174659040915
CNT/CB single layer,30%,2.9858776059179553,2.11174659040915
CNT/CB single layer,30%,2.9875588433086753,2.11174659040915
CNT/CB single layer,30%,2.9892400806993944,2.11174659040915
CNT/CB single layer,30%,2.9909213180901144,2.0677518697756314
CNT/CB single layer,30%,2.992602555480834,2.0677518697756314
CNT/CB single layer,30%,2.994283792871553,2.0677518697756314
CNT/CB single layer,30%,2.995965030262273,2.0677518697756314
CNT/CB single layer,30%,2.9976462676529927,2.0677518697756314
CNT/CB single layer,30%,2.9993275050437123,2.0677518697756314
CNT/CB single layer,30%,3.001008742434432,2.0237571491421
CNT/CB single layer,30%,3.002689979825151,2.0677518697756314
CNT/CB single layer,30%,3.004371217215871,2.0677518697756314
CNT/CB single layer,30%,3.00605245460659,2.0677518697756314
CNT/CB single layer,30%,3.00773369199731,2.0677518697756314
CNT/CB single layer,30%,3.0094149293880297,2.1557413110426693
CNT/CB single layer,30%,3.011096166778749,2.1557413110426693
CNT/CB single layer,30%,3.012777404169469,2.1557413110426693
CNT/CB single layer,30%,3.0144586415601884,2.1557413110426693
CNT/CB single layer,30%,3.016139878950908,2.199736031676201
CNT/CB single layer,30%,3.0178211163416275,2.2437307523097196
CNT/CB single layer,30%,3.0195023537323467,2.2877254729432512
CNT/CB single layer,30%,3.0211835911230667,2.3317201935767704
CNT/CB single layer,30%,3.022864828513786,2.3757149142102896
CNT/CB single layer,30%,3.024546065904506,2.419709634843821
CNT/CB single layer,30%,3.0262273032952254,2.4637043554773403
CNT/CB single layer,30%,3.0279085406859445,2.5076990761108715
CNT/CB single layer,30%,3.0295897780766645,2.59568851737791
CNT/CB single layer,30%,3.031271015467384,2.639683238011441
CNT/CB single layer,30%,3.0329522528581037,2.68367795864496
CNT/CB single layer,30%,3.0346334902488232,2.7716673999120105
CNT/CB single layer,30%,3.0363147276395424,2.8596568411790613
CNT/CB single layer,30%,3.0379959650302624,2.9476462824461116
CNT/CB single layer,30%,3.0396772024209815,3.079630444346681
CNT/CB single layer,30%,3.0413584398117015,3.1236251649802003
CNT/CB single layer,30%,3.043039677202421,3.2556093268807698
CNT/CB single layer,30%,3.04472091459314,3.3875934887813397
CNT/CB single layer,30%,3.04640215198386,3.607567091948959
CNT/CB single layer,30%,3.04808338937458,3.82754069511658
CNT/CB single layer,30%,3.0497646267652994,4.003519577650681
CNT/CB single layer,30%,3.051445864156019,4.13550373955125
CNT/CB single layer,30%,3.053127101546738,4.35547734271887
CNT/CB single layer,30%,3.054808338937458,4.57545094588649
CNT/CB single layer,30%,3.056489576328177,4.7074351077870595
CNT/CB single layer,30%,3.058170813718897,4.883413990321161
CNT/CB single layer,30%,3.0598520511096168,5.1473823141223
CNT/CB single layer,30%,3.061533288500336,5.323361196656401
CNT/CB single layer,30%,3.063214525891056,5.543334799824021
CNT/CB single layer,30%,3.0648957632817755,5.7193136823581225
CNT/CB single layer,30%,3.066577000672495,5.851297844258692
CNT/CB single layer,30%,3.0682582380632146,6.071271447426311
CNT/CB single layer,30%,3.0699394754539338,6.2472503299604005
CNT/CB single layer,30%,3.0716207128446538,6.37923449186097
CNT/CB single layer,30%,3.073301950235373,6.59920809502859
CNT/CB single layer,30%,3.074983187626093,6.81918169819621
CNT/CB single layer,30%,3.0766644250168125,7.083150021997361
CNT/CB single layer,30%,3.0783456624075316,7.347118345798501
CNT/CB single layer,30%,3.0800268997982516,7.743070831500222
CNT/CB single layer,30%,3.081708137188971,8.271007479102513
CNT/CB single layer,30%,3.0833893745796908,8.622965244170702
CNT/CB single layer,30%,3.0850706119704103,8.930928288605362
CNT/CB single layer,30%,3.0867518493611295,9.15090189177298
CNT/CB single layer,30%,3.0884330867518495,9.326880774307082
CNT/CB single layer,30%,3.0901143241425686,9.458864936207652
CNT/CB single layer,30%,3.0917955615332886,9.634843818741752
CNT/CB single layer,30%,3.093476798924008,9.854817421909372
CNT/CB single layer,30%,3.0951580363147273,10.162780466344042
CNT/CB single layer,30%,3.0968392737054473,10.470743510778702
CNT/CB single layer,30%,3.098520511096167,10.822701275846903
CNT/CB single layer,30%,3.1002017484868865,11.13066432028156
CNT/CB single layer,30%,3.101882985877606,11.3946326440827
CNT/CB single layer,30%,3.103564223268325,11.702595688517384
CNT/CB single layer,30%,3.105245460659045,11.966564012318523
CNT/CB single layer,30%,3.1069266980497643,12.230532336119662
CNT/CB single layer,30%,3.1086079354404843,12.494500659920801
CNT/CB single layer,30%,3.110289172831204,12.75846898372194
CNT/CB single layer,30%,3.111970410221923,13.066432028156624
CNT/CB single layer,30%,3.113651647612643,13.286405631324245
CNT/CB single layer,30%,3.1153328850033626,13.594368675758902
CNT/CB single layer,30%,3.117014122394082,13.990321161460622
CNT/CB single layer,30%,3.1186953597848017,14.254289485261761
CNT/CB single layer,30%,3.120376597175521,14.474263088429382
CNT/CB single layer,30%,3.122057834566241,14.870215574131102
CNT/CB single layer,30%,3.12373907195696,15.13418389793224
CNT/CB single layer,30%,3.12542030934768,15.39815222173338
CNT/CB single layer,30%,3.1271015467383996,15.662120545534544
CNT/CB single layer,30%,3.1287827841291187,15.838099428068622
CNT/CB single layer,30%,3.1304640215198387,16.102067751869782
CNT/CB single layer,30%,3.1321452589105583,16.410030796304444
CNT/CB single layer,30%,3.133826496301278,16.7179938407391
CNT/CB single layer,30%,3.1355077336919974,16.93796744390672
CNT/CB single layer,30%,3.1371889710827165,17.069951605807304
CNT/CB single layer,30%,3.1388702084734366,17.33391992960844
CNT/CB single layer,30%,3.1405514458641557,17.553893532776062
CNT/CB single layer,30%,3.1422326832548757,17.72987241531016
CNT/CB single layer,30%,3.1439139206455953,17.993840739111302
CNT/CB single layer,30%,3.1455951580363144,18.257809062912443
CNT/CB single layer,30%,3.1472763954270344,18.433787945446543
CNT/CB single layer,30%,3.148957632817754,18.653761548614163
CNT/CB single layer,30%,3.1506388702084736,18.917729872415304
CNT/CB single layer,30%,3.152320107599193,19.093708754949404
CNT/CB single layer,30%,3.1540013449899122,19.225692916849983
CNT/CB single layer,30%,3.1556825823806323,19.533655961284644
CNT/CB single layer,30%,3.1573638197713514,19.709634843818744
CNT/CB single layer,30%,3.1590450571620714,19.885613726352847
CNT/CB single layer,30%,3.160726294552791,20.017597888253402
CNT/CB single layer,30%,3.16240753194351,20.237571491421022
CNT/CB single layer,30%,3.16408876933423,20.413550373955125
CNT/CB single layer,30%,3.1657700067249497,20.633523977122746
CNT/CB single layer,30%,3.1674512441156693,20.765508139023325
CNT/CB single layer,30%,3.169132481506389,20.941487021557403
CNT/CB single layer,30%,3.170813718897108,21.117465904091503
CNT/CB single layer,30%,3.172494956287828,21.337439507259123
CNT/CB single layer,30%,3.174176193678547,21.513418389793223
CNT/CB single layer,30%,3.175857431069267,21.777386713594364
CNT/CB single layer,30%,3.1775386684599867,21.909370875494947
CNT/CB single layer,30%,3.179219905850706,22.085349758029047
CNT/CB single layer,30%,3.180901143241426,22.26132864056312
CNT/CB single layer,30%,3.1825823806321454,22.393312802463704
CNT/CB single layer,30%,3.184263618022865,22.569291684997804
CNT/CB single layer,30%,3.1859448554135845,22.789265288165424
CNT/CB single layer,30%,3.1876260928043036,22.965244170699524
CNT/CB single layer,30%,3.1893073301950237,23.141223053233603
CNT/CB single layer,30%,3.190988567585743,23.537175538935323
CNT/CB single layer,30%,3.192669804976463,23.713154421469426
CNT/CB single layer,30%,3.1943510423671824,23.933128024637046
CNT/CB single layer,30%,3.1960322797579015,24.109106907171146
CNT/CB single layer,30%,3.1977135171486215,24.241091069071704
CNT/CB single layer,30%,3.199394754539341,24.505059392872845
CNT/CB single layer,30%,3.2010759919300606,24.637043554773424
CNT/CB single layer,30%,3.20275722932078,24.813022437307524
CNT/CB single layer,30%,3.2044384667114993,24.901011878574565
CNT/CB single layer,30%,3.2061197041022194,25.076990761108664
CNT/CB single layer,30%,3.2078009414929385,25.3409590849098
CNT/CB single layer,30%,3.2094821788836585,25.560932688077425
CNT/CB single layer,30%,3.211163416274378,25.736911570611525
CNT/CB single layer,30%,3.212844653665097,25.912890453145625
CNT/CB single layer,30%,3.214525891055817,26.088869335679725
CNT/CB single layer,30%,3.216207128446537,26.30884293884735
CNT/CB single layer,30%,3.2178883658372563,26.74879014518259
CNT/CB single layer,30%,3.219569603227976,26.924769027716668
CNT/CB single layer,30%,3.221250840618695,27.144742630884284
CNT/CB single layer,30%,3.222932078009415,27.320721513418384
CNT/CB single layer,30%,3.224613315400134,27.628684557853067
CNT/CB single layer,30%,3.226294552790854,27.760668719753625
CNT/CB single layer,30%,3.2279757901815738,28.024637043554762
CNT/CB single layer,30%,3.229657027572293,28.332600087989444
CNT/CB single layer,30%,3.231338264963013,28.596568411790585
CNT/CB single layer,30%,3.2330195023537325,28.772547294324685
CNT/CB single layer,30%,3.234700739744452,29.16849978002641
CNT/CB single layer,30%,3.2363819771351716,29.344478662560487
CNT/CB single layer,30%,3.2380632145258907,29.564452265728104
CNT/CB single layer,30%,3.2397444519166108,29.784425868895724
CNT/CB single layer,30%,3.24142568930733,30.00439947206334
CNT/CB single layer,30%,3.24310692669805,30.312362516498027
CNT/CB single layer,30%,3.2447881640887695,30.576330840299164
CNT/CB single layer,30%,3.2464694014794886,30.884293884733825
CNT/CB single layer,30%,3.2481506388702086,31.280246370435545
CNT/CB single layer,30%,3.249831876260928,31.63220413550375
CNT/CB single layer,30%,3.2515131136516477,31.764188297404306
CNT/CB single layer,30%,3.2531943510423673,32.07215134183899
CNT/CB single layer,30%,3.2548755884330864,32.42410910690717
CNT/CB single layer,30%,3.2565568258238065,32.82006159260889
CNT/CB single layer,30%,3.2582380632145256,33.084029916410024
CNT/CB single layer,30%,3.2599193006052456,33.34799824021116
CNT/CB single layer,30%,3.261600537995965,33.7879454465464
CNT/CB single layer,30%,3.2632817753866843,34.13990321161461
CNT/CB single layer,30%,3.2649630127774043,34.44786625604927
CNT/CB single layer,30%,3.266644250168124,34.755829300483946
CNT/CB single layer,30%,3.2683254875588434,35.01979762428509
CNT/CB single layer,30%,3.270006724949563,35.32776066871974
CNT/CB single layer,30%,3.271687962340282,35.591728992520885
CNT/CB single layer,30%,3.273369199731002,35.899692036955564
CNT/CB single layer,30%,3.2750504371217213,36.29564452265729
CNT/CB single layer,30%,3.2767316745124413,36.95556533216015
CNT/CB single layer,30%,3.278412911903161,37.263528376594806
CNT/CB single layer,30%,3.28009414929388,37.52749670039594
CNT/CB single layer,30%,3.2817753866846,37.83545974483063
CNT/CB single layer,30%,3.2834566240753196,38.23141223053233
CNT/CB single layer,30%,3.285137861466039,38.62736471623405
CNT/CB single layer,30%,3.2868190988567587,38.97932248130225
CNT/CB single layer,30%,3.288500336247478,39.37527496700397
CNT/CB single layer,30%,3.290181573638198,39.81522217333921
CNT/CB single layer,30%,3.291862811028917,40.21117465904091
CNT/CB single layer,30%,3.293544048419637,40.65112186537615
CNT/CB single layer,30%,3.2952252858103566,41.09106907171139
CNT/CB single layer,30%,3.2969065232010757,41.57501099868014
CNT/CB single layer,30%,3.2985877605917957,42.01495820501538
CNT/CB single layer,30%,3.3002689979825153,42.41091069071711
CNT/CB single layer,30%,3.301950235373235,42.938847338319405
CNT/CB single layer,30%,3.3036314727639544,43.37879454465465
CNT/CB single layer,30%,3.3053127101546735,43.774747030356345
CNT/CB single layer,30%,3.3069939475453936,44.258688957325134
CNT/CB single layer,30%,3.3086751849361127,44.96260448746151
CNT/CB single layer,30%,3.3103564223268327,45.66652001759789
CNT/CB single layer,30%,3.3120376597175523,46.282446106467226
CNT/CB single layer,30%,3.3137188971082714,46.85437747470303
CNT/CB single layer,30%,3.3154001344989914,47.42630884293885
CNT/CB single layer,30%,3.317081371889711,47.86625604927409
CNT/CB single layer,30%,3.3187626092804305,49.18609766827981
CNT/CB single layer,30%,3.32044384667115,49.89001319841619
CNT/CB single layer,30%,3.3221250840618692,50.59392872855257
CNT/CB single layer,30%,3.3238063214525893,51.693796744390674
CNT/CB single layer,30%,3.3254875588433084,52.30972283326001
CNT/CB single layer,30%,3.3271687962340284,53.321601407831054
CNT/CB single layer,30%,3.328850033624748,54.201495820501535
CNT/CB single layer,30%,3.330531271015467,55.12538495380556
CNT/CB single layer,30%,3.332212508406187,56.35723713154421
CNT/CB single layer,30%,3.3338937457969067,58.07303123625165
CNT/CB single layer,30%,3.3355749831876262,59.2608886933568
CNT/CB single layer,30%,3.337256220578346,59.04091509018917
CNT/CB single layer,30%,3.338937457969065,58.600967883853926
CNT/CB single layer,30%,3.340618695359785,57.14914210294765
CNT/CB single layer,30%,3.342299932750504,56.84117905851297
CNT/CB single layer,30%,3.343981170141224,56.62120545534535
CNT/CB single layer,30%,3.3456624075319437,56.40123185217772
CNT/CB single layer,30%,3.347343644922663,56.225252969643655
CNT/CB single layer,30%,3.349024882313383,56.04927408710956
CNT/CB single layer,30%,3.3507061197041024,55.91728992520897
CNT/CB single layer,30%,3.352387357094822,55.785305763308415
CNT/CB single layer,30%,3.3540685944855415,55.60932688077431
CNT/CB single layer,30%,3.3557498318762606,55.477342718873736
CNT/CB single layer,30%,3.3574310692669806,55.30136383633963
CNT/CB single layer,30%,3.3591123066576998,55.16937967443907
CNT/CB single layer,30%,3.36079354404842,55.03739551253849
CNT/CB single layer,30%,3.3624747814391394,54.99340079190497
CNT/CB single layer,30%,3.3641560188298585,54.905411350637934
CNT/CB single layer,30%,3.3658372562205785,54.817421909370864
CNT/CB single layer,30%,3.367518493611298,54.68543774747031
CNT/CB single layer,30%,3.3691997310020176,54.553453585569734
CNT/CB single layer,30%,3.370880968392737,54.465464144302686
CNT/CB single layer,30%,3.3725622057834563,54.33347998240211
CNT/CB single layer,30%,3.3742434431741763,54.201495820501535
CNT/CB single layer,30%,3.3759246805648955,54.157501099868014
CNT/CB single layer,30%,3.3776059179556155,54.069511658600966
CNT/CB single layer,30%,3.379287155346335,54.02551693796745
CNT/CB single layer,30%,3.380968392737054,53.84953805543336
CNT/CB single layer,30%,3.382649630127774,53.84953805543336
CNT/CB single layer,30%,3.3843308675184938,53.76154861416629
CNT/CB single layer,30%,3.3860121049092133,53.67355917289925
CNT/CB single layer,30%,3.387693342299933,53.62956445226573
CNT/CB single layer,30%,3.389374579690652,53.54157501099866
CNT/CB single layer,30%,3.391055817081372,53.45358556973163
CNT/CB single layer,30%,3.392737054472091,53.36559612846459
CNT/CB single layer,30%,3.394418291862811,53.321601407831054
CNT/CB single layer,30%,3.3960995292535308,53.23361196656401
CNT/CB single layer,30%,3.39778076664425,53.14562252529698
CNT/CB single layer,30%,3.39946200403497,53.10162780466343
CNT/CB single layer,30%,3.4011432414256895,53.10162780466343
CNT/CB single layer,30%,3.402824478816409,53.01363836339639
CNT/CB single layer,30%,3.4045057162071286,52.925648922129355
CNT/CB single layer,30%,3.4061869535978477,52.881654201495806
CNT/CB single layer,30%,3.4078681909885677,52.79366476022878
CNT/CB single layer,30%,3.409549428379287,52.79366476022878
CNT/CB single layer,30%,3.411230665770007,52.70567531896173
CNT/CB single layer,30%,3.4129119031607265,52.66168059832819
CNT/CB single layer,30%,3.4145931405514456,52.573691157061155
CNT/CB single layer,30%,3.4162743779421656,52.52969643642763
CNT/CB single layer,30%,3.417955615332885,52.48570171579411
CNT/CB single layer,30%,3.4196368527236047,52.39771227452705
CNT/CB single layer,30%,3.4213180901143243,52.30972283326001
CNT/CB single layer,30%,3.4229993275050434,52.2657281126265
CNT/CB single layer,30%,3.4246805648957634,52.221733391992956
CNT/CB single layer,30%,3.4263618022864826,52.17773867135943
CNT/CB single layer,30%,3.4280430396772026,52.13374395072591
CNT/CB single layer,30%,3.429724277067922,52.045754509458874
CNT/CB single layer,30%,3.4314055144586413,52.00175978882533
CNT/CB single layer,30%,3.4330867518493613,52.00175978882533
CNT/CB single layer,30%,3.434767989240081,51.957765068191804
CNT/CB single layer,30%,3.4364492266308004,51.913770347558284
CNT/CB single layer,30%,3.43813046402152,51.86977562692478
CNT/CB single layer,30%,3.439811701412239,51.78178618565771
CNT/CB single layer,30%,3.441492938802959,51.73779146502419
CNT/CB single layer,30%,3.4431741761936783,51.693796744390674
CNT/CB single layer,30%,3.444855413584398,51.693796744390674
CNT/CB single layer,30%,3.446536650975118,51.649802023757154
CNT/CB single layer,30%,3.448217888365837,51.561812582490084
CNT/CB single layer,30%,3.449899125756557,51.51781786185657
CNT/CB single layer,30%,3.4515803631472766,51.47382314122305
CNT/CB single layer,30%,3.4532616005379957,51.42982842058953
CNT/CB single layer,30%,3.4549428379287157,51.38583369995601
CNT/CB single layer,30%,3.456624075319435,51.34183897932246
CNT/CB single layer,30%,3.458305312710155,51.297844258688954
CNT/CB single layer,30%,3.459986550100874,51.209854817421906
CNT/CB single layer,30%,3.4616677874915935,50.85789705235371
CNT/CB single layer,30%,3.4633490248823136,49.75802903651561
CNT/CB single layer,30%,3.4650302622730327,48.57017157941047
CNT/CB single layer,30%,3.4667114996637527,47.514298284205886
CNT/CB single layer,30%,3.4683927370544723,46.59040915090189
CNT/CB single layer,30%,3.4700739744451914,45.7105147382314
CNT/CB single layer,30%,3.4717552118359114,44.61064672239331
CNT/CB single layer,30%,3.4734364492266305,43.86273647162341
CNT/CB single layer,30%,3.4751176866173505,43.11482622085349
CNT/CB single layer,30%,3.4767989240080697,42.49890013198417
CNT/CB single layer,30%,3.4784801613987892,41.92696876374835
CNT/CB single layer,30%,3.4801613987895093,41.223053233611964
CNT/CB single layer,30%,3.4818426361802284,40.60712714474263
CNT/CB single layer,30%,3.4835238735709484,40.079190497140345
CNT/CB single layer,30%,3.485205110961668,39.19929608446987
CNT/CB single layer,30%,3.486886348352387,38.803343598768144
CNT/CB single layer,30%,3.488567585743107,38.36339639243291
CNT/CB single layer,30%,3.4902488231338262,37.79146502419709
CNT/CB single layer,30%,3.4919300605245462,37.39551253849539
CNT/CB single layer,30%,3.4936112979152654,36.95556533216015
CNT/CB single layer,30%,3.495292535305985,36.55961284645843
CNT/CB single layer,30%,3.496973772696705,36.25164980202374
CNT/CB single layer,30%,3.498655010087424,35.85569731632205
CNT/CB single layer,30%,3.500336247478144,35.547734271887364
CNT/CB single layer,30%,3.5020174848688637,35.01979762428509
CNT/CB single layer,30%,3.503698722259583,34.66783985921688
CNT/CB single layer,30%,3.505379959650303,34.403871535415746
CNT/CB single layer,30%,3.507061197041022,34.09590849098109
CNT/CB single layer,30%,3.508742434431742,33.7879454465464
CNT/CB single layer,30%,3.510423671822461,33.567971843378785
CNT/CB single layer,30%,3.5121049092131806,33.30400351957765
CNT/CB single layer,30%,3.5137861466039007,33.040035195776504
CNT/CB single layer,30%,3.5154673839946198,32.77606687197537
CNT/CB single layer,30%,3.51714862138534,32.38011438627365
CNT/CB single layer,30%,3.5188298587760594,32.11614606247251
CNT/CB single layer,30%,3.5205110961667785,31.852177738671365
CNT/CB single layer,30%,3.5221923335574985,31.676198856137265
CNT/CB single layer,30%,3.5238735709482176,31.45622525296965
CNT/CB single layer,30%,3.5255548083389376,31.23625164980203
CNT/CB single layer,30%,3.5272360457296568,31.016278046634405
CNT/CB single layer,30%,3.5289172831203763,30.840299164100305
CNT/CB single layer,30%,3.5305985205110963,30.620325560932688
CNT/CB single layer,30%,3.5322797579018155,30.312362516498027
CNT/CB single layer,30%,3.5339609952925355,30.180378354597448
CNT/CB single layer,30%,3.535642232683255,30.00439947206334
CNT/CB single layer,30%,3.537323470073974,29.82842058952924
CNT/CB single layer,30%,3.539004707464694,29.696436427628687
CNT/CB single layer,30%,3.5406859448554133,29.344478662560487
CNT/CB single layer,30%,3.5423671822461333,29.16849978002641
CNT/CB single layer,30%,3.5440484196368525,28.99252089749231
CNT/CB single layer,30%,3.545729657027572,28.728552573691168
CNT/CB single layer,30%,3.547410894418292,28.596568411790585
CNT/CB single layer,30%,3.549092131809011,28.464584249890002
CNT/CB single layer,30%,3.550773369199731,28.288605367355927
CNT/CB single layer,30%,3.5524546065904508,28.068631764188307
CNT/CB single layer,30%,3.55413584398117,27.84865816102069
CNT/CB single layer,30%,3.55581708137189,27.672679278486584
CNT/CB single layer,30%,3.557498318762609,27.540695116586004
CNT/CB single layer,30%,3.559179556153329,27.452705675318967
CNT/CB single layer,30%,3.560860793544048,27.232732072151343
CNT/CB single layer,30%,3.5625420309347677,27.056753189617243
CNT/CB single layer,30%,3.5642232683254877,26.880774307083144
CNT/CB single layer,30%,3.565904505716207,26.704795424549044
CNT/CB single layer,30%,3.567585743106927,26.616805983282006
CNT/CB single layer,30%,3.5692669804976465,26.48482182138142
CNT/CB single layer,30%,3.5709482178883656,26.352837659480866
CNT/CB single layer,30%,3.5726294552790856,26.088869335679725
CNT/CB single layer,30%,3.5743106926698047,26.000879894412666
CNT/CB single layer,30%,3.5759919300605247,25.824901011878566
CNT/CB single layer,30%,3.577673167451244,25.692916849978005
CNT/CB single layer,30%,3.5793544048419634,25.560932688077425
CNT/CB single layer,30%,3.5810356422326834,25.428948526176864
CNT/CB single layer,30%,3.5827168796234026,25.252969643642764
CNT/CB single layer,30%,3.5843981170141226,24.94500659920808
CNT/CB single layer,30%,3.586079354404842,24.593048834139903
CNT/CB single layer,30%,3.5877605917955613,24.505059392872845
CNT/CB single layer,30%,3.5894418291862813,24.373075230972287
CNT/CB single layer,30%,3.5911230665770004,24.241091069071704
CNT/CB single layer,30%,3.5928043039677204,24.109106907171146
CNT/CB single layer,30%,3.5944855413584396,23.933128024637046
CNT/CB single layer,30%,3.596166778749159,23.757149142102943
CNT/CB single layer,30%,3.597848016139879,23.581170259568843
CNT/CB single layer,30%,3.5995292535305983,23.361196656401223
CNT/CB single layer,30%,3.6012104909213183,23.229212494500665
CNT/CB single layer,30%,3.602891728312038,23.097228332600082
CNT/CB single layer,30%,3.604572965702757,22.921249450065982
CNT/CB single layer,30%,3.606254203093477,22.833260008798945
CNT/CB single layer,30%,3.607935440484196,22.657281126264845
CNT/CB single layer,30%,3.609616677874916,22.657281126264845
CNT/CB single layer,30%,3.6112979152656353,22.481302243730745
CNT/CB single layer,30%,3.612979152656355,22.305323361196667
CNT/CB single layer,30%,3.614660390047075,22.217333919929604
CNT/CB single layer,30%,3.616341627437794,22.085349758029047
CNT/CB single layer,30%,3.618022864828514,21.909370875494947
CNT/CB single layer,30%,3.6197041022192336,21.777386713594364
CNT/CB single layer,30%,3.6213853396099527,21.425428948526186
CNT/CB single layer,30%,3.6230665770006727,21.249450065992086
CNT/CB single layer,30%,3.624747814391392,21.029476462824466
CNT/CB single layer,30%,3.626429051782112,20.941487021557403
CNT/CB single layer,30%,3.628110289172831,20.809502859656845
CNT/CB single layer,30%,3.6297915265635505,20.72151341838978
CNT/CB single layer,30%,3.6314727639542705,20.589529256489225
CNT/CB single layer,30%,3.6331540013449897,20.501539815222163
CNT/CB single layer,30%,3.6348352387357097,20.325560932688084
CNT/CB single layer,30%,3.6365164761264293,20.105587329520468
CNT/CB single layer,30%,3.6381977135171484,19.929608446986364
CNT/CB single layer,30%,3.6398789509078684,19.753629564452265
CNT/CB single layer,30%,3.6415601882985875,19.533655961284644
CNT/CB single layer,30%,3.6432414256893075,19.357677078750545
CNT/CB single layer,30%,3.6449226630800267,19.313682358117024
CNT/CB single layer,30%,3.6466039004707462,19.225692916849983
CNT/CB single layer,30%,3.6482851378614662,18.917729872415304
CNT/CB single layer,30%,3.6499663752521854,18.785745710514746
CNT/CB single layer,30%,3.6516476126429054,18.653761548614163
CNT/CB single layer,30%,3.653328850033625,18.52177738671358
CNT/CB single layer,30%,3.655010087424344,18.345798504179506
CNT/CB single layer,30%,3.656691324815064,18.169819621645402
CNT/CB single layer,30%,3.658372562205783,18.125824901011885
CNT/CB single layer,30%,3.6600537995965032,18.037835459744823
CNT/CB single layer,30%,3.6617350369872224,17.597888253409582
CNT/CB single layer,30%,3.663416274377942,17.421909370875504
CNT/CB single layer,30%,3.665097511768662,17.245930488341404
CNT/CB single layer,30%,3.666778749159381,17.157941047074342
CNT/CB single layer,30%,3.668459986550101,17.025956885173784
CNT/CB single layer,30%,3.6701412239408207,16.8939727232732
CNT/CB single layer,30%,3.6718224613315398,16.7179938407391
CNT/CB single layer,30%,3.67350369872226,16.49802023757148
CNT/CB single layer,30%,3.675184936112979,16.27804663440386
CNT/CB single layer,30%,3.676866173503699,16.190057193136823
CNT/CB single layer,30%,3.678547410894418,16.014078310602724
CNT/CB single layer,30%,3.6802286482851376,15.838099428068622
CNT/CB single layer,30%,3.6819098856758576,15.750109986801583
CNT/CB single layer,30%,3.6835911230665768,15.442146942366925
CNT/CB single layer,30%,3.685272360457297,15.354157501099863
CNT/CB single layer,30%,3.6869535978480164,15.090189177298724
CNT/CB single layer,30%,3.6886348352387355,14.91421029476462
CNT/CB single layer,30%,3.6903160726294555,14.694236691597002
CNT/CB single layer,30%,3.6919973100201746,14.606247250329963
CNT/CB single layer,30%,3.6936785474108946,14.474263088429382
CNT/CB single layer,30%,3.6953597848016138,14.298284205895282
CNT/CB single layer,30%,3.6970410221923333,14.078310602727662
CNT/CB single layer,30%,3.6987222595830533,13.990321161460622
CNT/CB single layer,30%,3.7004034969737725,13.85833699956004
CNT/CB single layer,30%,3.7020847343644925,13.506379234491863
CNT/CB single layer,30%,3.703765971755212,13.330400351957763
CNT/CB single layer,30%,3.705447209145931,13.15442146942366
CNT/CB single layer,30%,3.707128446536651,12.97844258688956
CNT/CB single layer,30%,3.7088096839273703,12.75846898372194
CNT/CB single layer,30%,3.7104909213180903,12.538495380554346
CNT/CB single layer,30%,3.7121721587088095,12.362516498020243
CNT/CB single layer,30%,3.713853396099529,12.186537615486143
CNT/CB single layer,30%,3.715534633490249,12.05455345358556
CNT/CB single layer,30%,3.717215870880968,11.922569291685004
CNT/CB single layer,30%,3.718897108271688,11.702595688517384
CNT/CB single layer,30%,3.7205783456624077,11.570611526616801
CNT/CB single layer,30%,3.722259583053127,11.3946326440827
CNT/CB single layer,30%,3.723940820443847,11.262648482182144
CNT/CB single layer,30%,3.725622057834566,11.086669599648042
CNT/CB single layer,30%,3.727303295225286,10.866695996480422
CNT/CB single layer,30%,3.728984532616005,10.690717113946322
CNT/CB single layer,30%,3.7306657700067247,10.602727672679283
CNT/CB single layer,30%,3.7323470073974447,10.470743510778702
CNT/CB single layer,30%,3.734028244788164,10.2947646282446
CNT/CB single layer,30%,3.735709482178884,10.162780466344042
CNT/CB single layer,30%,3.7373907195696034,9.89881214254289
CNT/CB single layer,30%,3.7390719569603226,9.722833260008802
CNT/CB single layer,30%,3.7407531943510426,9.502859656841183
CNT/CB single layer,30%,3.7424344317417617,9.3708754949406
CNT/CB single layer,30%,3.7441156691324817,9.282886053673563
CNT/CB single layer,30%,3.745796906523201,9.106907171139461
CNT/CB single layer,30%,3.7474781439139204,8.974923009238891
CNT/CB single layer,30%,3.7491593813046404,8.798944126704791
CNT/CB single layer,30%,3.7508406186953596,8.71095468543774
CNT/CB single layer,30%,3.7525218560860796,8.578970523537171
CNT/CB single layer,30%,3.754203093476799,8.4469863616366
CNT/CB single layer,30%,3.7558843308675183,8.31500219973603
CNT/CB single layer,30%,3.7575655682582383,8.22701275846898
CNT/CB single layer,30%,3.7592468056489574,8.13902331720193
CNT/CB single layer,30%,3.7609280430396774,8.007039155301362
CNT/CB single layer,30%,3.7626092804303966,7.919049714034311
CNT/CB single layer,30%,3.764290517821116,7.831060272767272
CNT/CB single layer,30%,3.765971755211836,7.69907611086669
CNT/CB single layer,30%,3.7676529926025553,7.743070831500222
CNT/CB single layer,30%,3.7693342299932753,7.655081390233172
CNT/CB single layer,30%,3.771015467383995,7.435107787065551
CNT/CB single layer,30%,3.772696704774714,7.25912890453145
CNT/CB single layer,30%,3.774377942165434,7.039155301363831
CNT/CB single layer,30%,3.776059179556153,6.81918169819621
CNT/CB single layer,30%,3.777740416946873,6.775186977562692
CNT/CB single layer,30%,3.7794216543375923,6.643202815662122
CNT/CB single layer,30%,3.781102891728312,6.68719753629564
CNT/CB single layer,30%,3.782784129119032,6.59920809502859
CNT/CB single layer,30%,3.784465366509751,6.511218653761553
CNT/CB single layer,30%,3.786146603900471,6.467223933128021
CNT/CB single layer,30%,3.7878278412911905,6.423229212494501
CNT/CB single layer,30%,3.7895090786819097,6.33523977122745
CNT/CB single layer,30%,3.7911903160726297,6.2472503299604005
CNT/CB single layer,30%,3.792871553463349,6.203255609326881
CNT/CB single layer,30%,3.794552790854069,6.115266168059831
CNT/CB single layer,30%,3.796234028244788,6.02727672679278
CNT/CB single layer,30%,3.7979152656355075,5.9832820061592615
CNT/CB single layer,30%,3.7995965030262275,5.895292564892211
CNT/CB single layer,30%,3.8012777404169467,5.763308402991641
CNT/CB single layer,30%,3.8029589778076667,5.7193136823581225
CNT/CB single layer,30%,3.8046402151983862,5.543334799824021
CNT/CB single layer,30%,3.8063214525891054,5.543334799824021
CNT/CB single layer,30%,3.8080026899798254,5.45534535855697
CNT/CB single layer,30%,3.8096839273705445,5.4113506379234515
CNT/CB single layer,30%,3.8113651647612645,5.323361196656401
CNT/CB single layer,30%,3.8130464021519836,5.279366476022882
CNT/CB single layer,30%,3.814727639542703,5.191377034755831
CNT/CB single layer,30%,3.8164088769334232,5.1473823141223
CNT/CB single layer,30%,3.8180901143241424,5.103387593488781
CNT/CB single layer,30%,3.8197713517148624,5.059392872855262
CNT/CB single layer,30%,3.821452589105582,5.015398152221731
CNT/CB single layer,30%,3.823133826496301,4.927408710954681
CNT/CB single layer,30%,3.824815063887021,4.839419269687642
CNT/CB single layer,30%,3.82649630127774,4.751429828420592
CNT/CB single layer,30%,3.8281775386684602,4.619445666520021
CNT/CB single layer,30%,3.8298587760591793,4.487461504619439
CNT/CB single layer,30%,3.831540013449899,4.4434667839859205
CNT/CB single layer,30%,3.833221250840619,4.35547734271887
CNT/CB single layer,30%,3.834902488231338,4.311482622085351
CNT/CB single layer,30%,3.836583725622058,4.26748790145182
CNT/CB single layer,30%,3.8382649630127776,4.1794984601847815
CNT/CB single layer,30%,3.8399462004034968,4.13550373955125
CNT/CB single layer,30%,3.841627437794217,4.0475142982842
CNT/CB single layer,30%,3.843308675184936,3.9595248570171613
CNT/CB single layer,30%,3.844989912575656,3.9155301363836297
CNT/CB single layer,30%,3.846671149966375,3.871535415750111
CNT/CB single layer,30%,3.8483523873570946,3.78354597448306
CNT/CB single layer,30%,3.8500336247478146,3.7395512538495415
CNT/CB single layer,30%,3.8517148621385338,3.69555653321601
CNT/CB single layer,30%,3.8533960995292538,3.6515618125824907
CNT/CB single layer,30%,3.8550773369199733,3.607567091948959
CNT/CB single layer,30%,3.8567585743106925,3.5635723713154404
CNT/CB single layer,30%,3.8584398117014125,3.5195776506819207
CNT/CB single layer,30%,3.8601210490921316,3.4755829300483896
CNT/CB single layer,30%,3.8618022864828516,3.431588209414871
CNT/CB single layer,30%,3.8634835238735707,3.3875934887813397
CNT/CB single layer,30%,3.8651647612642903,3.34359876814782
CNT/CB single layer,30%,3.8668459986550103,3.2996040475143014
CNT/CB single layer,30%,3.8685272360457295,3.2556093268807698
CNT/CB single layer,30%,3.8702084734364495,3.2116146062472506
CNT/CB single layer,30%,3.871889710827169,3.167619885613719
CNT/CB single layer,30%,3.873570948217888,3.1236251649802003
CNT/CB single layer,30%,3.875252185608608,3.079630444346681
CNT/CB single layer,30%,3.8769334229993273,3.03563572371315
CNT/CB single layer,30%,3.8786146603900473,3.03563572371315
CNT/CB single layer,30%,3.8802958977807664,2.9476462824461116
CNT/CB single layer,30%,3.881977135171486,2.9036515618125804
CNT/CB single layer,30%,3.883658372562206,2.8596568411790613
CNT/CB single layer,30%,3.885339609952925,2.8156621205455297
CNT/CB single layer,30%,3.887020847343645,2.7716673999120105
CNT/CB single layer,30%,3.8887020847343647,2.7276726792784913
CNT/CB single layer,30%,3.890383322125084,2.7276726792784913
CNT/CB single layer,30%,3.892064559515804,2.68367795864496
CNT/CB single layer,30%,3.893745796906523,2.59568851737791
CNT/CB single layer,30%,3.895427034297243,2.59568851737791
CNT/CB single layer,30%,3.897108271687962,2.5516937967443907
CNT/CB single layer,30%,3.8987895090786817,2.5076990761108715
CNT/CB single layer,30%,3.9004707464694017,2.5076990761108715
CNT/CB single layer,30%,3.902151983860121,2.4637043554773403
CNT/CB single layer,30%,3.903833221250841,2.419709634843821
CNT/CB single layer,30%,3.9055144586415604,2.419709634843821
CNT/CB single layer,30%,3.9071956960322796,2.3757149142102896
CNT/CB single layer,30%,3.9088769334229996,2.3317201935767704
CNT/CB single layer,30%,3.9105581708137187,2.2877254729432512
CNT/CB single layer,30%,3.9122394082044387,2.2877254729432512
CNT/CB single layer,30%,3.913920645595158,2.2437307523097196
CNT/CB single layer,30%,3.9156018829858774,2.199736031676201
CNT/CB single layer,30%,3.9172831203765974,2.1557413110426693
CNT/CB single layer,30%,3.9189643577673166,2.11174659040915
CNT/CB single layer,30%,3.9206455951580366,2.0677518697756314
CNT/CB single layer,30%,3.922326832548756,2.0237571491421
CNT/CB single layer,30%,3.9240080699394753,2.0237571491421
CNT/CB single layer,30%,3.9256893073301953,2.0237571491421
CNT/CB single layer,30%,3.9273705447209144,1.9797624285085806
CNT/CB single layer,30%,3.9290517821116344,1.9357677078750493
CNT/CB single layer,30%,3.9307330195023535,1.89177298724153
CNT/CB single layer,30%,3.932414256893073,1.847778266608011
CNT/CB single layer,30%,3.934095494283793,1.8037835459744795
CNT/CB single layer,30%,3.9357767316745123,1.7597888253409604
CNT/CB single layer,30%,3.9374579690652323,1.7597888253409604
CNT/CB single layer,30%,3.939139206455952,1.7157941047074292
CNT/CB single layer,30%,3.940820443846671,1.7157941047074292
CNT/CB single layer,30%,3.942501681237391,1.7157941047074292
CNT/CB single layer,30%,3.94418291862811,1.7157941047074292
CNT/CB single layer,30%,3.94586415601883,1.6278046634403909
CNT/CB single layer,30%,3.9475453934095492,1.5838099428068595
CNT/CB single layer,30%,3.949226630800269,1.5838099428068595
CNT/CB single layer,30%,3.950907868190989,1.5838099428068595
CNT/CB single layer,30%,3.952589105581708,1.5398152221733405
CNT/CB single layer,30%,3.954270342972428,1.4958205015398092
CNT/CB single layer,30%,3.9559515803631475,1.4518257809062902
CNT/CB single layer,30%,3.9576328177538667,1.407831060272771
CNT/CB single layer,30%,3.9593140551445867,1.3638363396392397
CNT/CB single layer,30%,3.960995292535306,1.3198416190057205
CNT/CB single layer,30%,3.962676529926026,1.3198416190057205
CNT/CB single layer,30%,3.964357767316745,1.2758468983721891
CNT/CB single layer,30%,3.9660390047074645,1.2318521777386702
CNT/CB single layer,30%,3.9677202420981845,1.2318521777386702
CNT/CB single layer,30%,3.9694014794889037,1.2318521777386702
CNT/CB single layer,30%,3.9710827168796237,1.2318521777386702
CNT/CB single layer,30%,3.9727639542703432,1.187857457105151
CNT/CB single layer,30%,3.9744451916610624,1.1438627364716194
CNT/CB single layer,30%,3.9761264290517824,1.1438627364716194
CNT/CB single layer,30%,3.9778076664425015,1.0998680158381005
CNT/CB single layer,30%,3.9794889038332215,1.0998680158381005
CNT/CB single layer,30%,3.9811701412239406,1.055873295204569
CNT/CB single layer,30%,3.98285137861466,1.055873295204569
CNT/CB single layer,30%,3.9845326160053802,1.01187857457105
CNT/CB single layer,30%,3.9862138533960993,1.055873295204569
CNT/CB single layer,30%,3.9878950907868194,1.01187857457105
CNT/CB single layer,30%,3.989576328177539,1.055873295204569
CNT/CB single layer,30%,3.991257565568258,1.055873295204569
CNT/CB single layer,30%,3.992938802958978,1.01187857457105
CNT/CB single layer,30%,3.994620040349697,1.055873295204569
CNT/CB single layer,30%,3.996301277740417,1.055873295204569
CNT/CB single layer,30%,3.9979825151311363,1.0998680158381005
CNT/CB single layer,30%,3.999663752521856,1.0998680158381005
CNT/CB single layer,30%,4.0013449899125755,1.0998680158381005
CNT/CB single layer,30%,4.0030262273032955,1.0998680158381005
CNT/CB single layer,30%,4.004707464694015,1.1438627364716194
CNT/CB single layer,30%,4.006388702084735,1.1438627364716194
CNT/CB single layer,30%,4.008069939475454,1.187857457105151
CNT/CB single layer,30%,4.009751176866174,1.187857457105151
CNT/CB single layer,30%,4.011432414256893,1.2318521777386702
CNT/CB single layer,30%,4.013113651647613,1.2758468983721891
CNT/CB single layer,30%,4.014794889038332,1.3198416190057205
CNT/CB single layer,30%,4.016476126429051,1.3638363396392397
CNT/CB single layer,30%,4.018157363819771,1.4518257809062902
CNT/CB single layer,30%,4.019838601210491,1.5398152221733405
CNT/CB single layer,30%,4.021519838601211,1.5838099428068595
CNT/CB single layer,30%,4.02320107599193,1.7157941047074292
CNT/CB single layer,30%,4.0248823133826495,1.847778266608011
CNT/CB single layer,30%,4.0265635507733695,1.89177298724153
CNT/CB single layer,30%,4.028244788164089,1.9797624285085806
CNT/CB single layer,30%,4.029926025554809,2.11174659040915
CNT/CB single layer,30%,4.031607262945528,2.199736031676201
CNT/CB single layer,30%,4.033288500336248,2.419709634843821
CNT/CB single layer,30%,4.034969737726967,2.59568851737791
CNT/CB single layer,30%,4.036650975117687,2.7276726792784913
CNT/CB single layer,30%,4.038332212508406,2.8596568411790613
CNT/CB single layer,30%,4.040013449899126,3.03563572371315
CNT/CB single layer,30%,4.041694687289845,3.2996040475143014
CNT/CB single layer,30%,4.043375924680565,3.5195776506819207
CNT/CB single layer,30%,4.045057162071284,3.6515618125824907
CNT/CB single layer,30%,4.046738399462004,3.82754069511658
CNT/CB single layer,30%,4.048419636852723,4.003519577650681
CNT/CB single layer,30%,4.050100874243443,4.311482622085351
CNT/CB single layer,30%,4.051782111634163,4.57545094588649
CNT/CB single layer,30%,4.053463349024883,4.7074351077870595
CNT/CB single layer,30%,4.055144586415603,4.79542454905411
CNT/CB single layer,30%,4.056825823806322,4.971403431588212
CNT/CB single layer,30%,4.058507061197041,5.059392872855262
CNT/CB single layer,30%,4.060188298587761,5.1473823141223
CNT/CB single layer,30%,4.06186953597848,5.4113506379234515
CNT/CB single layer,30%,4.063550773369199,5.763308402991641
CNT/CB single layer,30%,4.065232010759919,6.071271447426311
CNT/CB single layer,30%,4.066913248150639,6.423229212494501
CNT/CB single layer,30%,4.068594485541358,6.775186977562692
CNT/CB single layer,30%,4.070275722932078,7.039155301363831
CNT/CB single layer,30%,4.071956960322797,7.391113066432033
CNT/CB single layer,30%,4.073638197713517,7.831060272767272
CNT/CB single layer,30%,4.0753194351042366,8.095028596568412
CNT/CB single layer,30%,4.077000672494957,8.22701275846898
CNT/CB single layer,30%,4.078681909885676,8.402991641003082
CNT/CB single layer,30%,4.080363147276395,8.66695996480422
CNT/CB single layer,30%,4.082044384667115,8.974923009238891
CNT/CB single layer,30%,4.083725622057834,9.326880774307082
CNT/CB single layer,30%,4.085406859448554,9.634843818741752
CNT/CB single layer,30%,4.087088096839274,10.030796304443461
CNT/CB single layer,30%,4.088769334229993,10.2947646282446
CNT/CB single layer,30%,4.090450571620713,10.602727672679283
CNT/CB single layer,30%,4.092131809011432,10.91069071711394
CNT/CB single layer,30%,4.093813046402152,11.174659040915081
CNT/CB single layer,30%,4.095494283792871,11.482622085349762
CNT/CB single layer,30%,4.0971755211835905,11.790585129784422
CNT/CB single layer,30%,4.0988567585743105,12.010558732952042
CNT/CB single layer,30%,4.1005379959650305,12.27452705675318
CNT/CB single layer,30%,4.10221923335575,12.538495380554346
CNT/CB single layer,30%,4.10390047074647,12.802463704355485
CNT/CB single layer,30%,4.105581708137189,13.022437307523106
CNT/CB single layer,30%,4.107262945527909,13.37439507259128
CNT/CB single layer,30%,4.108944182918628,13.550373955125384
CNT/CB single layer,30%,4.110625420309348,13.726352837659483
CNT/CB single layer,30%,4.112306657700067,13.946326440827104
CNT/CB single layer,30%,4.113987895090786,14.166300043994722
CNT/CB single layer,30%,4.115669132481506,14.5182578090629
CNT/CB single layer,30%,4.117350369872225,14.826220853497585
CNT/CB single layer,30%,4.119031607262945,15.002199736031685
CNT/CB single layer,30%,4.120712844653665,15.266168059832824
CNT/CB single layer,30%,4.1223940820443845,15.530136383633963
CNT/CB single layer,30%,4.1240753194351045,15.662120545534544
CNT/CB single layer,30%,4.125756556825824,15.926088869335683
CNT/CB single layer,30%,4.127437794216544,16.410030796304444
CNT/CB single layer,30%,4.129119031607263,16.586009678838547
CNT/CB single layer,30%,4.130800268997982,16.849978002639684
CNT/CB single layer,30%,4.132481506388702,17.069951605807304
CNT/CB single layer,30%,4.134162743779422,17.289925208974925
CNT/CB single layer,30%,4.135843981170141,17.509898812142545
CNT/CB single layer,30%,4.137525218560861,17.72987241531016
CNT/CB single layer,30%,4.13920645595158,17.861856577210748
CNT/CB single layer,30%,4.1408876933423,18.08183018037837
CNT/CB single layer,30%,4.142568930733019,18.345798504179506
CNT/CB single layer,30%,4.144250168123739,18.47778266608006
CNT/CB single layer,30%,4.1459314055144585,18.609766827980646
CNT/CB single layer,30%,4.147612642905178,18.7417509898812
CNT/CB single layer,30%,4.149293880295898,18.917729872415304
CNT/CB single layer,30%,4.150975117686617,19.18169819621644
CNT/CB single layer,30%,4.152656355077337,19.357677078750545
CNT/CB single layer,30%,4.154337592468057,19.445666520017603
CNT/CB single layer,30%,4.156018829858776,19.57765068191816
CNT/CB single layer,30%,4.157700067249496,19.841619005719302
CNT/CB single layer,30%,4.159381304640215,19.97360316761988
CNT/CB single layer,30%,4.161062542030935,20.237571491421022
CNT/CB single layer,30%,4.162743779421654,20.457545094588642
CNT/CB single layer,30%,4.164425016812373,20.545534535855705
CNT/CB single layer,30%,4.166106254203093,20.765508139023325
CNT/CB single layer,30%,4.167787491593813,20.941487021557403
CNT/CB single layer,30%,4.1694687289845325,21.073471183457983
CNT/CB single layer,30%,4.1711499663752525,21.293444786625603
CNT/CB single layer,30%,4.172831203765972,21.469423669159703
CNT/CB single layer,30%,4.174512441156692,21.645402551693806
CNT/CB single layer,30%,4.176193678547411,21.82138143422788
CNT/CB single layer,30%,4.177874915938131,21.997360316761984
CNT/CB single layer,30%,4.17955615332885,22.173339199296084
CNT/CB single layer,30%,4.181237390719569,22.349318081830187
CNT/CB single layer,30%,4.182918628110289,22.525296964364287
CNT/CB single layer,30%,4.184599865501008,22.745270567531904
CNT/CB single layer,30%,4.186281102891728,22.965244170699524
CNT/CB single layer,30%,4.187962340282448,23.141223053233603
CNT/CB single layer,30%,4.189643577673167,23.317201935767702
CNT/CB single layer,30%,4.191324815063887,23.493180818301802
CNT/CB single layer,30%,4.1930060524546064,23.713154421469426
CNT/CB single layer,30%,4.1946872898453265,23.889133304003526
CNT/CB single layer,30%,4.196368527236046,24.0651121865376
CNT/CB single layer,30%,4.198049764626765,24.153101627804666
CNT/CB single layer,30%,4.199731002017485,24.329080510338766
CNT/CB single layer,30%,4.201412239408205,24.549054113506386
CNT/CB single layer,30%,4.203093476798924,24.725032996040465
CNT/CB single layer,30%,4.204774714189644,24.901011878574565
CNT/CB single layer,30%,4.206455951580363,25.120985481742185
CNT/CB single layer,30%,4.208137188971083,25.3409590849098
CNT/CB single layer,30%,4.209818426361802,25.604927408710942
CNT/CB single layer,30%,4.211499663752522,25.868895732512108
CNT/CB single layer,30%,4.213180901143241,26.000879894412666
CNT/CB single layer,30%,4.21486213853396,26.220853497580283
CNT/CB single layer,30%,4.21654337592468,26.48482182138142
CNT/CB single layer,30%,4.2182246133153996,26.74879014518259
CNT/CB single layer,30%,4.21990585070612,26.968763748350206
CNT/CB single layer,30%,4.22158708809684,27.188737351517826
CNT/CB single layer,30%,4.223268325487559,27.540695116586004
CNT/CB single layer,30%,4.224949562878279,27.716673999120108
CNT/CB single layer,30%,4.226630800268998,27.892652881654207
CNT/CB single layer,30%,4.228312037659718,28.112626484821828
CNT/CB single layer,30%,4.229993275050437,28.464584249890002
CNT/CB single layer,30%,4.231674512441156,28.640563132424106
CNT/CB single layer,30%,4.233355749831876,28.904531456225246
CNT/CB single layer,30%,4.235036987222596,29.124505059392863
CNT/CB single layer,30%,4.236718224613315,29.256489221293446
CNT/CB single layer,30%,4.238399462004035,29.608446986361624
CNT/CB single layer,30%,4.240080699394754,29.872415310162786
CNT/CB single layer,30%,4.241761936785474,30.09238891333041
CNT/CB single layer,30%,4.2434431741761935,30.356357237131547
CNT/CB single layer,30%,4.245124411566914,30.620325560932688
CNT/CB single layer,30%,4.246805648957633,30.972283326000888
CNT/CB single layer,30%,4.248486886348352,31.45622525296965
CNT/CB single layer,30%,4.250168123739072,31.764188297404306
CNT/CB single layer,30%,4.251849361129791,31.940167179938406
CNT/CB single layer,30%,4.253530598520511,32.20413550373954
CNT/CB single layer,30%,4.255211835911231,32.60008798944127
CNT/CB single layer,30%,4.25689307330195,32.82006159260889
CNT/CB single layer,30%,4.25857431069267,33.040035195776504
CNT/CB single layer,30%,4.260255548083389,33.39199296084471
CNT/CB single layer,30%,4.261936785474109,33.74395072591289
CNT/CB single layer,30%,4.263618022864828,34.007919049714026
CNT/CB single layer,30%,4.2652992602555475,34.315882094148705
CNT/CB single layer,30%,4.2669804976462675,34.62384513858336
CNT/CB single layer,30%,4.2686617350369875,35.107787065552124
CNT/CB single layer,30%,4.270342972427707,35.41575010998681
CNT/CB single layer,30%,4.272024209818427,35.8117025956885
CNT/CB single layer,30%,4.273705447209146,36.07567091948967
CNT/CB single layer,30%,4.275386684599866,36.471623405191366
CNT/CB single layer,30%,4.277067921990585,37.04355477342719
CNT/CB single layer,30%,4.278749159381305,37.30752309722833
CNT/CB single layer,30%,4.280430396772024,37.87945446546415
CNT/CB single layer,30%,4.282111634162743,38.23141223053233
CNT/CB single layer,30%,4.283792871553463,38.58336999560053
CNT/CB single layer,30%,4.285474108944182,38.97932248130225
CNT/CB single layer,30%,4.287155346334902,39.331280246370426
CNT/CB single layer,30%,4.288836583725622,39.90321161460625
CNT/CB single layer,30%,4.2905178211163415,40.25516937967443
CNT/CB single layer,30%,4.2921990585070615,40.78310602727673
CNT/CB single layer,30%,4.293880295897781,41.17905851297845
CNT/CB single layer,30%,4.295561533288501,41.750989881214245
CNT/CB single layer,30%,4.29724277067922,42.234931808183006
CNT/CB single layer,30%,4.298924008069939,42.71887373515179
CNT/CB single layer,30%,4.300605245460659,43.20281566212055
CNT/CB single layer,30%,4.302286482851379,43.730752309722824
CNT/CB single layer,30%,4.303967720242098,44.34667839859217
CNT/CB single layer,30%,4.305648957632818,44.91860976682799
CNT/CB single layer,30%,4.307330195023537,45.446546414430266
CNT/CB single layer,30%,4.309011432414257,45.97448306203255
CNT/CB single layer,30%,4.310692669804976,46.59040915090189
CNT/CB single layer,30%,4.312373907195696,47.47030356357237
CNT/CB single layer,30%,4.3140551445864155,48.08622965244171
CNT/CB single layer,30%,4.315736381977135,48.74615046194457
CNT/CB single layer,30%,4.317417619367855,49.93400791904971
CNT/CB single layer,30%,4.319098856758574,50.9898812142543
CNT/CB single layer,30%,4.320780094149294,52.30972283326001
CNT/CB single layer,30%,4.322461331540014,53.189617245930485
CNT/CB single layer,30%,4.324142568930733,54.201495820501535
CNT/CB single layer,30%,4.325823806321453,55.38935327760669
CNT/CB single layer,30%,4.327505043712172,56.62120545534535
CNT/CB single layer,30%,4.329186281102892,56.97316322041355
CNT/CB single layer,30%,4.330867518493611,56.62120545534535
CNT/CB single layer,30%,4.33254875588433,56.225252969643655
CNT/CB single layer,30%,4.33422999327505,54.817421909370864
CNT/CB single layer,30%,4.33591123066577,54.421469423669144
CNT/CB single layer,30%,4.3375924680564895,54.24549054113508
CNT/CB single layer,30%,4.3392737054472095,54.069511658600966
CNT/CB single layer,30%,4.340954942837929,53.89353277606686
CNT/CB single layer,30%,4.342636180228649,53.62956445226573
CNT/CB single layer,30%,4.344317417619368,53.45358556973163
CNT/CB single layer,30%,4.345998655010088,53.36559612846459
CNT/CB single layer,30%,4.347679892400807,53.27760668719753
CNT/CB single layer,30%,4.349361129791526,53.14562252529698
CNT/CB single layer,30%,4.351042367182246,53.01363836339639
CNT/CB single layer,30%,4.352723604572965,52.881654201495806
CNT/CB single layer,30%,4.354404841963685,52.70567531896173
CNT/CB single layer,30%,4.356086079354405,52.61768587769466
CNT/CB single layer,30%,4.357767316745124,52.52969643642763
CNT/CB single layer,30%,4.359448554135844,52.39771227452705
CNT/CB single layer,30%,4.361129791526563,52.2657281126265
CNT/CB single layer,30%,4.3628110289172835,52.17773867135943
CNT/CB single layer,30%,4.364492266308003,52.13374395072591
CNT/CB single layer,30%,4.366173503698722,52.00175978882533
CNT/CB single layer,30%,4.367854741089442,51.913770347558284
CNT/CB single layer,30%,4.369535978480162,51.78178618565771
CNT/CB single layer,30%,4.371217215870881,51.693796744390674
CNT/CB single layer,30%,4.372898453261601,51.605807303123626
CNT/CB single layer,30%,4.37457969065232,51.51781786185657
CNT/CB single layer,30%,4.37626092804304,51.42982842058953
CNT/CB single layer,30%,4.377942165433759,51.34183897932246
CNT/CB single layer,30%,4.379623402824479,51.25384953805543
CNT/CB single layer,30%,4.381304640215198,51.16586009678839
CNT/CB single layer,30%,4.382985877605917,51.07787065552133
CNT/CB single layer,30%,4.384667114996637,50.9898812142543
CNT/CB single layer,30%,4.3863483523873565,50.90189177298725
CNT/CB single layer,30%,4.3880295897780766,50.90189177298725
CNT/CB single layer,30%,4.389710827168797,50.813902331720186
CNT/CB single layer,30%,4.391392064559516,50.76990761108667
CNT/CB single layer,30%,4.393073301950236,50.72591289045315
CNT/CB single layer,30%,4.394754539340955,50.68191816981963
CNT/CB single layer,30%,4.396435776731675,50.54993400791905
CNT/CB single layer,30%,4.398117014122394,50.50593928728553
CNT/CB single layer,30%,4.399798251513113,50.461944566652015
CNT/CB single layer,30%,4.401479488903833,50.41794984601847
CNT/CB single layer,30%,4.403160726294553,50.329960404751425
CNT/CB single layer,30%,4.404841963685272,50.285965684117905
CNT/CB single layer,30%,4.406523201075992,50.24197096348439
CNT/CB single layer,30%,4.408204438466711,50.15398152221733
CNT/CB single layer,30%,4.409885675857431,50.10998680158381
CNT/CB single layer,30%,4.4115669132481505,50.065992080950295
CNT/CB single layer,30%,4.4132481506388705,50.021997360316774
CNT/CB single layer,30%,4.41492938802959,49.978002639683226
CNT/CB single layer,30%,4.416610625420309,49.93400791904971
CNT/CB single layer,30%,4.418291862811029,49.89001319841619
CNT/CB single layer,30%,4.419973100201748,49.80202375714915
CNT/CB single layer,30%,4.421654337592468,49.75802903651561
CNT/CB single layer,30%,4.423335574983188,49.71403431588209
CNT/CB single layer,30%,4.425016812373907,49.670039595248575
CNT/CB single layer,30%,4.426698049764627,49.62604487461505
CNT/CB single layer,30%,4.428379287155346,49.538055433347985
CNT/CB single layer,30%,4.430060524546066,49.49406071271447
CNT/CB single layer,30%,4.431741761936785,49.40607127144743
CNT/CB single layer,30%,4.4334229993275045,49.36207655081391
CNT/CB single layer,30%,4.4351042367182245,49.31808183018037
CNT/CB single layer,30%,4.4367854741089445,49.27408710954685
CNT/CB single layer,30%,4.438466711499664,49.230092388913334
CNT/CB single layer,30%,4.440147948890384,49.230092388913334
CNT/CB single layer,30%,4.441829186281103,49.230092388913334
CNT/CB single layer,30%,4.443510423671823,49.18609766827981
CNT/CB single layer,30%,4.445191661062542,49.14210294764629
CNT/CB single layer,30%,4.446872898453262,49.09810822701275
CNT/CB single layer,30%,4.448554135843981,49.01011878574571
CNT/CB single layer,30%,4.4502353732347,49.01011878574571
CNT/CB single layer,30%,4.45191661062542,48.96612406511219
CNT/CB single layer,30%,4.453597848016139,48.92212934447867
CNT/CB single layer,30%,4.455279085406859,48.87813462384513
CNT/CB single layer,30%,4.456960322797579,48.87813462384513
CNT/CB single layer,30%,4.4586415601882985,48.57017157941047
CNT/CB single layer,30%,4.4603227975790185,47.514298284205886
CNT/CB single layer,30%,4.462004034969738,46.41443026836779
CNT/CB single layer,30%,4.463685272360458,45.27056753189617
CNT/CB single layer,30%,4.465366509751177,44.39067311922569
CNT/CB single layer,30%,4.467047747141896,43.55477342718873
CNT/CB single layer,30%,4.468728984532616,42.36691597008359
CNT/CB single layer,30%,4.470410221923336,41.53101627804663
CNT/CB single layer,30%,4.472091459314055,40.60712714474263
CNT/CB single layer,30%,4.473772696704775,39.99120105587329
CNT/CB single layer,30%,4.475453934095494,39.41926968763749
CNT/CB single layer,30%,4.477135171486214,38.891333040035185
CNT/CB single layer,30%,4.478816408876933,38.31940167179938
CNT/CB single layer,30%,4.480497646267653,37.87945446546415
CNT/CB single layer,30%,4.4821788836583725,37.52749670039594
CNT/CB single layer,30%,4.483860121049092,36.95556533216015
CNT/CB single layer,30%,4.485541358439812,36.55961284645843
CNT/CB single layer,30%,4.487222595830531,36.16366036075671
CNT/CB single layer,30%,4.488903833221251,35.76770787505499
CNT/CB single layer,30%,4.490585070611971,35.41575010998681
CNT/CB single layer,30%,4.49226630800269,35.0637923449186
CNT/CB single layer,30%,4.49394754539341,34.53585569731633
CNT/CB single layer,30%,4.495628782784129,34.22789265288165
CNT/CB single layer,30%,4.497310020174849,33.87593488781347
CNT/CB single layer,30%,4.498991257565568,33.523977122745265
CNT/CB single layer,30%,4.500672494956287,33.21601407831061
CNT/CB single layer,30%,4.502353732347007,32.95204575450947
CNT/CB single layer,30%,4.504034969737727,32.732072151341846
CNT/CB single layer,30%,4.5057162071284464,32.42410910690717
CNT/CB single layer,30%,4.5073974445191665,32.248130224373064
CNT/CB single layer,30%,4.509078681909886,31.940167179938406
CNT/CB single layer,30%,4.510759919300606,31.588209414870207
CNT/CB single layer,30%,4.512441156691325,31.412230532336128
CNT/CB single layer,30%,4.514122394082045,31.19225692916851
CNT/CB single layer,30%,4.515803631472764,30.972283326000888
CNT/CB single layer,30%,4.517484868863483,30.796304443466788
CNT/CB single layer,30%,4.519166106254203,30.620325560932688
CNT/CB single layer,30%,4.520847343644922,30.26836779586448
CNT/CB single layer,30%,4.522528581035642,30.136383633963927
CNT/CB single layer,30%,4.524209818426362,29.872415310162786
CNT/CB single layer,30%,4.525891055817081,29.520457545094587
CNT/CB single layer,30%,4.527572293207801,29.300483941926963
CNT/CB single layer,30%,4.52925353059852,29.16849978002641
CNT/CB single layer,30%,4.53093476798924,28.904531456225246
CNT/CB single layer,30%,4.53261600537996,28.684557853057623
CNT/CB single layer,30%,4.534297242770679,28.55257369115707
CNT/CB single layer,30%,4.535978480161399,28.420589529256485
CNT/CB single layer,30%,4.537659717552119,28.288605367355927
CNT/CB single layer,30%,4.539340954942838,27.980642322921245
CNT/CB single layer,30%,4.541022192333558,27.804663440387145
CNT/CB single layer,30%,4.542703429724277,27.628684557853067
CNT/CB single layer,30%,4.544384667114997,27.408710954685446
CNT/CB single layer,30%,4.546065904505716,27.232732072151343
CNT/CB single layer,30%,4.547747141896436,27.012758468983726
CNT/CB single layer,30%,4.549428379287155,26.880774307083144
CNT/CB single layer,30%,4.551109616677874,26.660800703915527
CNT/CB single layer,30%,4.552790854068594,26.48482182138142
CNT/CB single layer,30%,4.5544720914593135,26.30884293884735
CNT/CB single layer,30%,4.5561533288500335,26.13286405631325
CNT/CB single layer,30%,4.557834566240754,26.000879894412666
CNT/CB single layer,30%,4.559515803631473,25.868895732512108
CNT/CB single layer,30%,4.561197041022193,25.692916849978005
CNT/CB single layer,30%,4.562878278412912,25.472943246810388
CNT/CB single layer,30%,4.564559515803632,25.384953805543326
CNT/CB single layer,30%,4.566240753194351,25.296964364276285
CNT/CB single layer,30%,4.56792199058507,25.164980202375702
CNT/CB single layer,30%,4.56960322797579,24.989001319841623
CNT/CB single layer,30%,4.57128446536651,24.769027716674007
CNT/CB single layer,30%,4.572965702757229,24.637043554773424
CNT/CB single layer,30%,4.574646940147949,24.505059392872845
CNT/CB single layer,30%,4.576328177538668,24.329080510338766
CNT/CB single layer,30%,4.578009414929388,24.197096348438187
CNT/CB single layer,30%,4.5796906523201075,24.021117465904084
CNT/CB single layer,30%,4.5813718897108275,23.889133304003526
CNT/CB single layer,30%,4.583053127101547,23.713154421469426
CNT/CB single layer,30%,4.584734364492266,23.669159700835905
CNT/CB single layer,30%,4.586415601882986,23.537175538935323
CNT/CB single layer,30%,4.588096839273705,23.317201935767702
CNT/CB single layer,30%,4.589778076664425,23.185217773867148
CNT/CB single layer,30%,4.591459314055145,23.053233611966565
CNT/CB single layer,30%,4.593140551445864,22.965244170699524
CNT/CB single layer,30%,4.594821788836584,22.833260008798945
CNT/CB single layer,30%,4.596503026227303,22.701275846898366
CNT/CB single layer,30%,4.598184263618023,22.525296964364287
CNT/CB single layer,30%,4.599865501008742,22.393312802463704
CNT/CB single layer,30%,4.6015467383994615,22.26132864056312
CNT/CB single layer,30%,4.6032279757901815,22.129344478662567
CNT/CB single layer,30%,4.6049092131809015,21.909370875494947
CNT/CB single layer,30%,4.606590450571621,21.777386713594364
CNT/CB single layer,30%,4.608271687962341,21.689397272327327
CNT/CB single layer,30%,4.60995292535306,21.557413110426744
CNT/CB single layer,30%,4.61163416274378,21.425428948526186
CNT/CB single layer,30%,4.613315400134499,21.249450065992086
CNT/CB single layer,30%,4.614996637525219,21.117465904091503
CNT/CB single layer,30%,4.616677874915938,20.897492300923883
CNT/CB single layer,30%,4.618359112306657,20.809502859656845
CNT/CB single layer,30%,4.620040349697377,20.677518697756263
CNT/CB single layer,30%,4.621721587088096,20.545534535855705
CNT/CB single layer,30%,4.623402824478816,20.413550373955125
CNT/CB single layer,30%,4.625084061869536,20.1935767707875
CNT/CB single layer,30%,4.6267652992602555,19.929608446986364
CNT/CB single layer,30%,4.6284465366509755,19.841619005719302
CNT/CB single layer,30%,4.630127774041695,19.709634843818744
CNT/CB single layer,30%,4.631809011432415,19.533655961284644
CNT/CB single layer,30%,4.633490248823134,19.40167179938406
CNT/CB single layer,30%,4.635171486213853,19.313682358117024
CNT/CB single layer,30%,4.636852723604573,19.18169819621644
CNT/CB single layer,30%,4.638533960995293,19.049714034315883
CNT/CB single layer,30%,4.640215198386012,18.917729872415304
CNT/CB single layer,30%,4.641896435776732,18.7417509898812
CNT/CB single layer,30%,4.643577673167451,18.565772107347126
CNT/CB single layer,30%,4.645258910558171,18.433787945446543
CNT/CB single layer,30%,4.64694014794889,18.30180378354596
CNT/CB single layer,30%,4.64862138533961,18.169819621645402
CNT/CB single layer,30%,4.6503026227303295,17.993840739111302
CNT/CB single layer,30%,4.651983860121049,17.861856577210748
CNT/CB single layer,30%,4.653665097511769,17.641882974043124
CNT/CB single layer,30%,4.655346334902488,17.553893532776062
CNT/CB single layer,30%,4.657027572293208,17.421909370875504
CNT/CB single layer,30%,4.658708809683928,17.33391992960844
CNT/CB single layer,30%,4.660390047074647,17.201935767707884
CNT/CB single layer,30%,4.662071284465367,17.113946326440825
CNT/CB single layer,30%,4.663752521856086,16.981962164540263
CNT/CB single layer,30%,4.665433759246806,16.7179938407391
CNT/CB single layer,30%,4.667114996637525,16.586009678838547
CNT/CB single layer,30%,4.668796234028244,16.542014958205026
CNT/CB single layer,30%,4.670477471418964,16.410030796304444
CNT/CB single layer,30%,4.672158708809684,16.27804663440386
CNT/CB single layer,30%,4.673839946200403,15.970083589969203
CNT/CB single layer,30%,4.6755211835911235,15.882094148702164
CNT/CB single layer,30%,4.677202420981843,15.750109986801583
CNT/CB single layer,30%,4.678883658372563,15.662120545534544
CNT/CB single layer,30%,4.680564895763282,15.486141663000444
CNT/CB single layer,30%,4.682246133154002,15.39815222173338
CNT/CB single layer,30%,4.683927370544721,15.17817861856576
CNT/CB single layer,30%,4.68560860793544,15.090189177298724
CNT/CB single layer,30%,4.68728984532616,14.958205015398141
CNT/CB single layer,30%,4.688971082716879,14.782226132864066
CNT/CB single layer,30%,4.690652320107599,14.694236691597002
CNT/CB single layer,30%,4.692333557498319,14.5182578090629
CNT/CB single layer,30%,4.694014794889038,14.342278926528824
CNT/CB single layer,30%,4.695696032279758,14.254289485261761
CNT/CB single layer,30%,4.697377269670477,13.990321161460622
CNT/CB single layer,30%,4.6990585070611965,13.770347558293002
CNT/CB single layer,30%,4.700739744451917,13.63836339639242
CNT/CB single layer,30%,4.702420981842636,13.506379234491863
CNT/CB single layer,30%,4.704102219233356,13.418389793224799
CNT/CB single layer,30%,4.705783456624076,13.286405631324245
CNT/CB single layer,30%,4.707464694014795,13.110426748790141
CNT/CB single layer,30%,4.709145931405515,12.934447866256042
CNT/CB single layer,30%,4.710827168796234,12.802463704355485
CNT/CB single layer,30%,4.712508406186954,12.6704795424549
CNT/CB single layer,30%,4.714189643577673,12.450505939287282
CNT/CB single layer,30%,4.715870880968392,12.142542894852623
CNT/CB single layer,30%,4.717552118359112,12.010558732952042
CNT/CB single layer,30%,4.719233355749831,11.83457985041794
CNT/CB single layer,30%,4.720914593140551,11.614606247250322
CNT/CB single layer,30%,4.7225958305312705,11.438627364716245
CNT/CB single layer,30%,4.7242770679219905,11.174659040915081
CNT/CB single layer,30%,4.7259583053127106,10.998680158381005
CNT/CB single layer,30%,4.72763954270343,10.778706555213384
CNT/CB single layer,30%,4.72932078009415,10.646722393312801
CNT/CB single layer,30%,4.731002017484869,10.470743510778702
CNT/CB single layer,30%,4.732683254875588,10.2947646282446
CNT/CB single layer,30%,4.734364492266308,10.206775186977563
CNT/CB single layer,30%,4.736045729657027,10.07479102507698
CNT/CB single layer,30%,4.737726967047747,9.854817421909372
CNT/CB single layer,30%,4.739408204438467,9.502859656841183
CNT/CB single layer,30%,4.741089441829186,9.282886053673563
CNT/CB single layer,30%,4.742770679219906,9.194896612406513
CNT/CB single layer,30%,4.744451916610625,9.018917729872411
CNT/CB single layer,30%,4.746133154001345,8.842938847338322
CNT/CB single layer,30%,4.7478143913920645,8.71095468543774
CNT/CB single layer,30%,4.749495628782784,8.578970523537171
CNT/CB single layer,30%,4.751176866173504,8.402991641003082
CNT/CB single layer,30%,4.752858103564223,8.22701275846898
CNT/CB single layer,30%,4.754539340954943,8.007039155301362
CNT/CB single layer,30%,4.756220578345662,7.831060272767272
CNT/CB single layer,30%,4.757901815736382,7.69907611086669
CNT/CB single layer,30%,4.759583053127102,7.655081390233172
CNT/CB single layer,30%,4.761264290517821,7.56709194896612
CNT/CB single layer,30%,4.762945527908541,7.435107787065551
CNT/CB single layer,30%,4.76462676529926,7.347118345798501
CNT/CB single layer,30%,4.766308002689979,7.215134183897931
CNT/CB single layer,30%,4.767989240080699,7.127144742630881
CNT/CB single layer,30%,4.7696704774714185,6.995160580730311
CNT/CB single layer,30%,4.7713517148621385,6.907171139463261
CNT/CB single layer,30%,4.7730329522528585,6.775186977562692
CNT/CB single layer,30%,4.774714189643578,6.731192256929172
CNT/CB single layer,30%,4.776395427034298,6.68719753629564
CNT/CB single layer,30%,4.778076664425017,6.68719753629564
CNT/CB single layer,30%,4.779757901815737,6.511218653761553
CNT/CB single layer,30%,4.781439139206456,6.291245050593932
CNT/CB single layer,30%,4.783120376597175,6.115266168059831
CNT/CB single layer,30%,4.784801613987895,5.895292564892211
CNT/CB single layer,30%,4.786482851378614,5.807303123625161
CNT/CB single layer,30%,4.788164088769334,5.7193136823581225
CNT/CB single layer,30%,4.789845326160053,5.631324241091072
CNT/CB single layer,30%,4.791526563550773,5.587329520457541
CNT/CB single layer,30%,4.793207800941493,5.543334799824021
CNT/CB single layer,30%,4.7948890383322125,5.4113506379234515
CNT/CB single layer,30%,4.7965702757229325,5.323361196656401
CNT/CB single layer,30%,4.798251513113652,5.279366476022882
CNT/CB single layer,30%,4.799932750504371,5.191377034755831
CNT/CB single layer,30%,4.801613987895091,5.1473823141223
CNT/CB single layer,30%,4.80329522528581,5.059392872855262
CNT/CB single layer,30%,4.80497646267653,4.883413990321161
CNT/CB single layer,30%,4.80665770006725,4.79542454905411
CNT/CB single layer,30%,4.808338937457969,4.7074351077870595
CNT/CB single layer,30%,4.810020174848689,4.663440387153541
CNT/CB single layer,30%,4.811701412239408,4.57545094588649
CNT/CB single layer,30%,4.813382649630128,4.487461504619439
CNT/CB single layer,30%,4.815063887020847,4.399472063352402
CNT/CB single layer,30%,4.816745124411566,4.311482622085351
CNT/CB single layer,30%,4.8184263618022865,4.2234931808183
CNT/CB single layer,30%,4.820107599193006,4.1794984601847815
CNT/CB single layer,30%,4.821788836583726,4.13550373955125
CNT/CB single layer,30%,4.823470073974445,4.0475142982842
CNT/CB single layer,30%,4.825151311365165,4.003519577650681
CNT/CB single layer,30%,4.826832548755885,3.9595248570171613
CNT/CB single layer,30%,4.828513786146604,3.871535415750111
CNT/CB single layer,30%,4.830195023537324,3.871535415750111
CNT/CB single layer,30%,4.831876260928043,3.82754069511658
CNT/CB single layer,30%,4.833557498318762,3.7395512538495415
CNT/CB single layer,30%,4.835238735709482,3.69555653321601
CNT/CB single layer,30%,4.836919973100201,3.607567091948959
CNT/CB single layer,30%,4.838601210490921,3.5635723713154404
CNT/CB single layer,30%,4.840282447881641,3.4755829300483896
CNT/CB single layer,30%,4.84196368527236,3.34359876814782
CNT/CB single layer,30%,4.84364492266308,3.2996040475143014
CNT/CB single layer,30%,4.8453261600538,3.2116146062472506
CNT/CB single layer,30%,4.84700739744452,3.167619885613719
CNT/CB single layer,30%,4.848688634835239,3.1236251649802003
CNT/CB single layer,30%,4.850369872225958,3.079630444346681
CNT/CB single layer,30%,4.852051109616678,2.9916410030796308
CNT/CB single layer,30%,4.853732347007397,2.9036515618125804
CNT/CB single layer,30%,4.855413584398117,2.8596568411790613
CNT/CB single layer,30%,4.857094821788836,2.8596568411790613
CNT/CB single layer,30%,4.858776059179556,2.8596568411790613
CNT/CB single layer,30%,4.860457296570276,2.7716673999120105
CNT/CB single layer,30%,4.862138533960995,2.68367795864496
CNT/CB single layer,30%,4.863819771351715,2.68367795864496
CNT/CB single layer,30%,4.865501008742434,2.59568851737791
CNT/CB single layer,30%,4.8671822461331535,2.5516937967443907
CNT/CB single layer,30%,4.8688634835238735,2.5076990761108715
CNT/CB single layer,30%,4.870544720914593,2.4637043554773403
CNT/CB single layer,30%,4.872225958305313,2.419709634843821
CNT/CB single layer,30%,4.873907195696033,2.3757149142102896
CNT/CB single layer,30%,4.875588433086752,2.2877254729432512
CNT/CB single layer,30%,4.877269670477472,2.2437307523097196
CNT/CB single layer,30%,4.878950907868191,2.1557413110426693
CNT/CB single layer,30%,4.880632145258911,2.1557413110426693
CNT/CB single layer,30%,4.88231338264963,2.11174659040915
CNT/CB single layer,30%,4.883994620040349,2.0237571491421
CNT/CB single layer,30%,4.885675857431069,1.9357677078750493
CNT/CB single layer,30%,4.887357094821788,1.89177298724153
CNT/CB single layer,30%,4.889038332212508,1.847778266608011
CNT/CB single layer,30%,4.8907195696032275,1.8037835459744795
CNT/CB single layer,30%,4.8924008069939475,1.8037835459744795
CNT/CB single layer,30%,4.8940820443846675,1.7157941047074292
CNT/CB single layer,30%,4.895763281775387,1.67179938407391
CNT/CB single layer,30%,4.897444519166107,1.6278046634403909
CNT/CB single layer,30%,4.899125756556826,1.6278046634403909
CNT/CB single layer,30%,4.900806993947545,1.6278046634403909
CNT/CB single layer,30%,4.902488231338265,1.5838099428068595
CNT/CB single layer,30%,4.904169468728984,1.5398152221733405
CNT/CB single layer,30%,4.905850706119704,1.4958205015398092
CNT/CB single layer,30%,4.907531943510424,1.4518257809062902
CNT/CB single layer,30%,4.909213180901143,1.4518257809062902
CNT/CB single layer,30%,4.910894418291863,1.407831060272771
CNT/CB single layer,30%,4.912575655682582,1.3638363396392397
CNT/CB single layer,30%,4.914256893073302,1.3638363396392397
CNT/CB single layer,30%,4.9159381304640215,1.3198416190057205
CNT/CB single layer,30%,4.917619367854741,1.2758468983721891
CNT/CB single layer,30%,4.919300605245461,1.2318521777386702
CNT/CB single layer,30%,4.92098184263618,1.2318521777386702
CNT/CB single layer,30%,4.9226630800269,1.187857457105151
CNT/CB single layer,30%,4.924344317417619,1.187857457105151
CNT/CB single layer,30%,4.926025554808339,1.1438627364716194
CNT/CB single layer,30%,4.927706792199059,1.1438627364716194
CNT/CB single layer,30%,4.929388029589778,1.1438627364716194
CNT/CB single layer,30%,4.931069266980498,1.0998680158381005
CNT/CB single layer,30%,4.932750504371217,1.055873295204569
CNT/CB single layer,30%,4.934431741761936,1.01187857457105
CNT/CB single layer,30%,4.936112979152656,0.9678838539375308
CNT/CB single layer,30%,4.9377942165433755,0.9678838539375308
CNT/CB single layer,30%,4.9394754539340955,0.8798944126704802
CNT/CB single layer,30%,4.9411566913248155,0.8798944126704802
CNT/CB single layer,30%,4.942837928715535,0.8798944126704802
CNT/CB single layer,30%,4.944519166106255,0.7919049714034297
CNT/CB single layer,30%,4.946200403496974,0.7479102507699107
CNT/CB single layer,30%,4.947881640887694,0.7479102507699107
CNT/CB single layer,30%,4.949562878278413,0.7039155301363793
CNT/CB single layer,30%,4.951244115669132,0.7039155301363793
CNT/CB single layer,30%,4.952925353059852,0.6599208095028603
CNT/CB single layer,30%,4.954606590450571,0.6159260888693289
CNT/CB single layer,30%,4.956287827841291,0.6159260888693289
CNT/CB single layer,30%,4.95796906523201,0.5719313682358097
CNT/CB single layer,30%,4.95965030262273,0.5719313682358097
CNT/CB single layer,30%,4.96133154001345,0.5719313682358097
CNT/CB single layer,30%,4.9630127774041695,0.5279366476022906
CNT/CB single layer,30%,4.9646940147948895,0.5279366476022906
CNT/CB single layer,30%,4.966375252185609,0.48394192696875926
CNT/CB single layer,30%,4.968056489576328,0.4399472063352401
CNT/CB single layer,30%,4.969737726967048,0.3959524857017088
CNT/CB single layer,30%,4.971418964357767,0.3959524857017088
CNT/CB single layer,30%,4.973100201748487,0.35195776506818965
CNT/CB single layer,30%,4.974781439139207,0.35195776506818965
CNT/CB single layer,30%,4.976462676529926,0.30796304443467054
CNT/CB single layer,30%,4.978143913920646,0.30796304443467054
CNT/CB single layer,30%,4.979825151311365,0.30796304443467054
CNT/CB single layer,30%,4.981506388702085,0.2639683238011392
CNT/CB single layer,30%,4.983187626092804,0.21997360316762005
CNT/CB single layer,30%,4.984868863483523,0.21997360316762005
CNT/CB single layer,30%,4.986550100874243,0.17597888253410096
CNT/CB single layer,30%,4.988231338264963,0.17597888253410096
CNT/CB single layer,30%,4.989912575655683,0.17597888253410096
CNT/CB single layer,30%,4.991593813046402,0.17597888253410096
CNT/CB single layer,30%,4.993275050437122,0.1319841619005696
CNT/CB single layer,30%,4.994956287827842,0.17597888253410096
CNT/CB single layer,30%,4.996637525218561,0.1319841619005696
CNT/CB single layer,30%,4.998318762609281,0.1319841619005696
CNT/CB single layer,30%,5.0,0.0
CNT/CB single layer,60%,5.0,0.0
CNT/CB single layer,60%,5.002598752598753,2.7966742252456753
CNT/CB single layer,60%,5.005197505197505,2.8257456828885585
CNT/CB single layer,60%,5.007796257796258,2.8838885981743245
CNT/CB single layer,60%,5.01039501039501,2.9129600558172073
CNT/CB single layer,60%,5.012993762993763,3.000174428745873
CNT/CB single layer,60%,5.015592515592515,3.0873888016745377
CNT/CB single layer,60%,5.018191268191268,3.261817547531852
CNT/CB single layer,60%,5.020790020790021,3.5525321239607144
CNT/CB single layer,60%,5.023388773388773,3.7269608698180288
CNT/CB single layer,60%,5.025987525987526,4.0176754462468915
CNT/CB single layer,60%,5.028586278586278,4.27931856503287
CNT/CB single layer,60%,5.031185031185031,4.628176056747499
CNT/CB single layer,60%,5.033783783783784,5.093319379033676
CNT/CB single layer,60%,5.036382536382536,5.587534158962751
CNT/CB single layer,60%,5.038981288981289,6.285249142392009
CNT/CB single layer,60%,5.041580041580041,7.070178498749947
CNT/CB single layer,60%,5.044178794178794,7.971393685679418
CNT/CB single layer,60%,5.046777546777546,9.017966160823319
CNT/CB single layer,60%,5.049376299376299,9.83196697482414
CNT/CB single layer,60%,5.051975051975052,10.82039653468226
CNT/CB single layer,60%,5.0545738045738045,11.925111925111944
CNT/CB single layer,60%,5.057172557172557,13.378684807256255
CNT/CB single layer,60%,5.0597713097713095,14.308971451828608
CNT/CB single layer,60%,5.0623700623700625,15.297401011686745
CNT/CB single layer,60%,5.064968814968815,16.256759113901982
CNT/CB single layer,60%,5.0675675675675675,17.157974300831466
CNT/CB single layer,60%,5.0701663201663205,18.785975928833093
CNT/CB single layer,60%,5.072765072765073,19.716262573405448
CNT/CB single layer,60%,5.075363825363826,20.617477760334918
CNT/CB single layer,60%,5.077962577962578,21.547764404907287
CNT/CB single layer,60%,5.080561330561331,22.710622710622722
CNT/CB single layer,60%,5.083160083160083,23.582766439909307
CNT/CB single layer,60%,5.085758835758836,24.483981626838794
CNT/CB single layer,60%,5.088357588357589,25.356125356125382
CNT/CB single layer,60%,5.090956340956341,26.373626373626387
CNT/CB single layer,60%,5.093555093555094,27.21669864527009
CNT/CB single layer,60%,5.096153846153846,28.17605674748534
CNT/CB single layer,60%,5.098752598752599,29.019129019129032
CNT/CB single layer,60%,5.101351351351352,29.745915460201182
CNT/CB single layer,60%,5.103950103950104,30.559916274202003
CNT/CB single layer,60%,5.106548856548857,31.34484563055993
CNT/CB single layer,60%,5.109147609147609,32.36234664806095
CNT/CB single layer,60%,5.111746361746362,33.3217047502762
CNT/CB single layer,60%,5.114345114345114,34.1647770219199
CNT/CB single layer,60%,5.116943866943867,35.850921565207294
CNT/CB single layer,60%,5.11954261954262,36.66492237920812
CNT/CB single layer,60%,5.122141372141372,37.42078027792316
CNT/CB single layer,60%,5.124740124740125,38.20570963428108
CNT/CB single layer,60%,5.127338877338877,39.13599627885345
CNT/CB single layer,60%,5.12993762993763,40.0662829234258
CNT/CB single layer,60%,5.132536382536383,40.851212279783724
CNT/CB single layer,60%,5.135135135135135,41.69428455142743
CNT/CB single layer,60%,5.137733887733888,42.47921390778535
CNT/CB single layer,60%,5.14033264033264,43.23507180650041
CNT/CB single layer,60%,5.142931392931393,43.96185824757254
CNT/CB single layer,60%,5.145530145530145,45.21193092621666
CNT/CB single layer,60%,5.148128898128898,46.025931740217466
CNT/CB single layer,60%,5.150727650727651,46.86900401186117
CNT/CB single layer,60%,5.153326403326403,47.62486191057623
CNT/CB single layer,60%,5.155925155925156,48.84586313157744
CNT/CB single layer,60%,5.158523908523908,49.71800686086403
CNT/CB single layer,60%,5.161122661122661,50.53200767486486
CNT/CB single layer,60%,5.163721413721413,51.346008488865635
CNT/CB single layer,60%,5.166320166320166,52.305366591080904
CNT/CB single layer,60%,5.168918918918919,53.52636781208212
CNT/CB single layer,60%,5.171517671517671,54.485725914297355
CNT/CB single layer,60%,5.174116424116424,55.61951276236993
CNT/CB single layer,60%,5.1767151767151764,56.695156695156726
CNT/CB single layer,60%,5.179313929313929,57.82894354322929
CNT/CB single layer,60%,5.1819126819126815,59.13715913715916
CNT/CB single layer,60%,5.1845114345114345,60.15466015466016
CNT/CB single layer,60%,5.1871101871101875,61.08494679923254
CNT/CB single layer,60%,5.1897089397089395,62.1896621896622
CNT/CB single layer,60%,5.1923076923076925,63.14902029187747
CNT/CB single layer,60%,5.194906444906445,64.74795046223619
CNT/CB single layer,60%,5.197505197505198,65.76545147973722
CNT/CB single layer,60%,5.20010395010395,66.87016687016688
CNT/CB single layer,60%,5.202702702702703,67.91673934531079
CNT/CB single layer,60%,5.205301455301456,68.87609744752604
CNT/CB single layer,60%,5.207900207900208,69.8354555497413
CNT/CB single layer,60%,5.210498960498961,71.20181405895694
CNT/CB single layer,60%,5.213097713097713,72.3356009070295
CNT/CB single layer,60%,5.215696465696466,73.32403046688762
CNT/CB single layer,60%,5.218295218295219,74.37060294203154
CNT/CB single layer,60%,5.220893970893971,75.38810395953254
CNT/CB single layer,60%,5.223492723492724,76.40560497703358
CNT/CB single layer,60%,5.226091476091476,77.42310599453458
CNT/CB single layer,60%,5.228690228690229,78.35339263910697
CNT/CB single layer,60%,5.231288981288981,79.34182219896509
CNT/CB single layer,60%,5.233887733887734,80.24303738589455
CNT/CB single layer,60%,5.236486486486487,81.31868131868136
CNT/CB single layer,60%,5.239085239085239,82.36525379382525
CNT/CB single layer,60%,5.241683991683992,83.3536833536834
CNT/CB single layer,60%,5.244282744282744,84.3711843711844
CNT/CB single layer,60%,5.246881496881497,85.50497121925696
CNT/CB single layer,60%,5.24948024948025,86.52247223675796
CNT/CB single layer,60%,5.252079002079002,87.539973254259
CNT/CB single layer,60%,5.254677754677755,89.31333217047506
CNT/CB single layer,60%,5.257276507276507,90.09826152683299
CNT/CB single layer,60%,5.25987525987526,90.99947671376246
CNT/CB single layer,60%,5.262474012474012,91.90069190069194
CNT/CB single layer,60%,5.265072765072765,92.83097854526429
CNT/CB single layer,60%,5.267671517671518,93.76126518983664
CNT/CB single layer,60%,5.27027027027027,95.3020524449096
CNT/CB single layer,60%,5.272869022869023,96.40676783533928
CNT/CB single layer,60%,5.275467775467775,97.48241176812608
CNT/CB single layer,60%,5.278066528066528,98.52898424326997
CNT/CB single layer,60%,5.28066528066528,100.44770044770048
CNT/CB single layer,60%,5.283264033264033,101.46520146520149
CNT/CB single layer,60%,5.285862785862786,102.33734519448807
CNT/CB single layer,60%,5.288461538461538,104.11070411070413
CNT/CB single layer,60%,5.291060291060291,104.89563346706205
CNT/CB single layer,60%,5.293659043659043,106.40734926449214
CNT/CB single layer,60%,5.296257796257796,107.51206465492183
CNT/CB single layer,60%,5.298856548856548,108.55863713006575
CNT/CB single layer,60%,5.301455301455301,109.57613814756675
CNT/CB single layer,60%,5.304054054054054,110.47735333449621
CNT/CB single layer,60%,5.3066528066528065,111.552997267283
CNT/CB single layer,60%,5.3092515592515594,112.74492703064134
CNT/CB single layer,60%,5.3118503118503115,114.80900052328626
CNT/CB single layer,60%,5.3144490644490645,115.85557299843019
CNT/CB single layer,60%,5.317047817047817,116.90214547357407
CNT/CB single layer,60%,5.31964656964657,118.32664689807551
CNT/CB single layer,60%,5.3222453222453225,119.69300540729115
CNT/CB single layer,60%,5.324844074844075,121.14657828943547
CNT/CB single layer,60%,5.327442827442828,122.57107971393688
CNT/CB single layer,60%,5.33004158004158,124.08279551136698
CNT/CB single layer,60%,5.332640332640333,126.11779754636902
CNT/CB single layer,60%,5.335239085239086,127.89115646258509
CNT/CB single layer,60%,5.337837837837838,129.78080120937267
CNT/CB single layer,60%,5.340436590436591,134.05430548287697
CNT/CB single layer,60%,5.343035343035343,136.75795104366537
CNT/CB single layer,60%,5.345634095634096,139.403453689168
CNT/CB single layer,60%,5.348232848232849,142.63038548752837
CNT/CB single layer,60%,5.350831600831601,146.43874643874648
CNT/CB single layer,60%,5.353430353430354,148.7063201348916
CNT/CB single layer,60%,5.356029106029106,148.32839118553406
CNT/CB single layer,60%,5.358627858627859,147.6306762021048
CNT/CB single layer,60%,5.361226611226611,146.93296121867556
CNT/CB single layer,60%,5.363825363825364,146.52596081167513
CNT/CB single layer,60%,5.366424116424117,146.00267457410317
CNT/CB single layer,60%,5.369022869022869,145.21774521774526
CNT/CB single layer,60%,5.371621621621622,144.37467294610155
CNT/CB single layer,60%,5.374220374220374,142.8048142333857
CNT/CB single layer,60%,5.376819126819127,141.7291703005989
CNT/CB single layer,60%,5.379417879417879,141.03145531716962
CNT/CB single layer,60%,5.382016632016632,140.42095470666902
CNT/CB single layer,60%,5.384615384615385,139.89766846909708
CNT/CB single layer,60%,5.387214137214137,139.43252514681092
CNT/CB single layer,60%,5.38981288981289,139.08366765509626
CNT/CB single layer,60%,5.392411642411642,138.61852433281007
CNT/CB single layer,60%,5.395010395010395,138.12430955288102
CNT/CB single layer,60%,5.397609147609147,137.83359497645216
CNT/CB single layer,60%,5.4002079002079,137.4847374847375
CNT/CB single layer,60%,5.402806652806653,137.19402290830865
CNT/CB single layer,60%,5.405405405405405,136.90330833187977
CNT/CB single layer,60%,5.408004158004158,136.6416652130938
CNT/CB single layer,60%,5.41060291060291,136.43816500959363
CNT/CB single layer,60%,5.413201663201663,136.20559334845052
CNT/CB single layer,60%,5.415800415800415,135.97302168730744
CNT/CB single layer,60%,5.418399168399168,135.68230711087855
CNT/CB single layer,60%,5.420997920997921,135.44973544973547
CNT/CB single layer,60%,5.423596673596673,135.12994941566373
CNT/CB single layer,60%,5.426195426195426,134.81016338159196
CNT/CB single layer,60%,5.4287941787941785,134.46130588987734
CNT/CB single layer,60%,5.4313929313929314,134.25780568637714
CNT/CB single layer,60%,5.433991683991684,133.99616256759114
CNT/CB single layer,60%,5.4365904365904365,133.82173382173386
CNT/CB single layer,60%,5.4391891891891895,133.61823361823363
CNT/CB single layer,60%,5.441787941787942,133.47287633001923
CNT/CB single layer,60%,5.4443866943866945,133.1530902959475
CNT/CB single layer,60%,5.446985446985447,133.03680446537592
CNT/CB single layer,60%,5.4495841995842,132.8623757195186
CNT/CB single layer,60%,5.452182952182953,132.6879469736613
CNT/CB single layer,60%,5.454781704781705,132.54258968544687
CNT/CB single layer,60%,5.457380457380458,132.4263038548753
CNT/CB single layer,60%,5.45997920997921,132.3100180243038
CNT/CB single layer,60%,5.462577962577963,132.16466073608933
CNT/CB single layer,60%,5.465176715176716,132.07744636316067
CNT/CB single layer,60%,5.467775467775468,131.90301761730336
CNT/CB single layer,60%,5.470374220374221,130.82737368451657
CNT/CB single layer,60%,5.472972972972973,127.54229897087042
CNT/CB single layer,60%,5.475571725571726,123.79208093493813
CNT/CB single layer,60%,5.478170478170478,120.33257747543465
CNT/CB single layer,60%,5.480769230769231,117.36728879586028
CNT/CB single layer,60%,5.483367983367984,113.96592825164255
CNT/CB single layer,60%,5.485966735966736,110.01221001221005
CNT/CB single layer,60%,5.488565488565489,108.32606546892265
CNT/CB single layer,60%,5.491164241164241,106.81434967149256
CNT/CB single layer,60%,5.493762993762994,105.27356241641957
CNT/CB single layer,60%,5.496361746361746,104.11070411070413
CNT/CB single layer,60%,5.498960498960499,103.06413163556023
CNT/CB single layer,60%,5.501559251559252,102.07570207570211
CNT/CB single layer,60%,5.504158004158004,101.26170126170129
CNT/CB single layer,60%,5.506756756756757,100.36048607477184
CNT/CB single layer,60%,5.509355509355509,99.57555671841389
CNT/CB single layer,60%,5.511954261954262,98.7034129891273
CNT/CB single layer,60%,5.514553014553014,98.06384092098381
CNT/CB single layer,60%,5.517151767151767,97.48241176812608
CNT/CB single layer,60%,5.51975051975052,96.988196988197
CNT/CB single layer,60%,5.522349272349272,96.3776963776964
CNT/CB single layer,60%,5.524948024948025,95.79626722483867
CNT/CB single layer,60%,5.527546777546777,95.01133786848074
CNT/CB single layer,60%,5.53014553014553,94.37176580033724
CNT/CB single layer,60%,5.532744282744282,93.58683644397934
CNT/CB single layer,60%,5.535343035343035,93.06355020640738
CNT/CB single layer,60%,5.537941787941788,92.45304959590678
CNT/CB single layer,60%,5.54054054054054,91.92976335833481
CNT/CB single layer,60%,5.543139293139293,91.29019129019133
CNT/CB single layer,60%,5.545738045738045,90.73783359497648
CNT/CB single layer,60%,5.548336798336798,90.21454735740453
CNT/CB single layer,60%,5.5509355509355505,89.60404674690392
CNT/CB single layer,60%,5.553534303534303,88.96447467876042
CNT/CB single layer,60%,5.556133056133056,88.49933135647423
CNT/CB single layer,60%,5.5587318087318085,88.00511657654518
CNT/CB single layer,60%,5.5613305613305615,87.42368742368747
CNT/CB single layer,60%,5.5639293139293144,86.69690098261529
CNT/CB single layer,60%,5.5665280665280665,86.17361474504334
CNT/CB single layer,60%,5.5691268191268195,85.53404267689984
CNT/CB single layer,60%,5.571725571725572,85.01075643932788
CNT/CB single layer,60%,5.574324324324325,84.3711843711844
CNT/CB single layer,60%,5.576923076923077,83.64439793011226
CNT/CB single layer,60%,5.57952182952183,82.53968253968257
CNT/CB single layer,60%,5.582120582120583,82.0163963021106
CNT/CB single layer,60%,5.584719334719335,81.55125297982445
CNT/CB single layer,60%,5.587318087318088,81.20239548810979
CNT/CB single layer,60%,5.58991683991684,80.59189487760918
CNT/CB single layer,60%,5.592515592515593,80.06860864003723
CNT/CB single layer,60%,5.595114345114345,79.3127507413222
CNT/CB single layer,60%,5.597713097713098,78.7022501308216
CNT/CB single layer,60%,5.600311850311851,78.03360660503522
CNT/CB single layer,60%,5.602910602910603,77.3940345368917
CNT/CB single layer,60%,5.605509355509356,76.72539101110532
CNT/CB single layer,60%,5.608108108108108,75.47531833246121
CNT/CB single layer,60%,5.610706860706861,74.95203209488926
CNT/CB single layer,60%,5.613305613305613,74.39967439967442
CNT/CB single layer,60%,5.615904365904366,73.70195941624516
CNT/CB single layer,60%,5.618503118503119,72.82981568695858
CNT/CB single layer,60%,5.621101871101871,72.21931507645797
CNT/CB single layer,60%,5.623700623700624,71.17274260131406
CNT/CB single layer,60%,5.626299376299376,70.47502761788479
CNT/CB single layer,60%,5.628898128898129,69.80638409209838
CNT/CB single layer,60%,5.631496881496881,69.10866910866913
CNT/CB single layer,60%,5.634095634095634,68.26559683702543
CNT/CB single layer,60%,5.636694386694387,67.48066748066749
CNT/CB single layer,60%,5.639293139293139,66.11430897145185
CNT/CB single layer,60%,5.641891891891892,64.98052212337929
CNT/CB single layer,60%,5.644490644490644,64.13744985173558
CNT/CB single layer,60%,5.647089397089397,63.119948834234584
CNT/CB single layer,60%,5.649688149688149,62.4222338508053
CNT/CB single layer,60%,5.652286902286902,61.724518867376034
CNT/CB single layer,60%,5.654885654885655,60.881446595732335
CNT/CB single layer,60%,5.657484407484407,60.15466015466016
CNT/CB single layer,60%,5.66008316008316,59.19530205244492
CNT/CB single layer,60%,5.662681912681912,58.3813012384441
CNT/CB single layer,60%,5.665280665280665,57.71265771265773
CNT/CB single layer,60%,5.667879417879417,56.98587127158559
CNT/CB single layer,60%,5.67047817047817,56.171870457584774
CNT/CB single layer,60%,5.673076923076923,55.41601255886971
CNT/CB single layer,60%,5.675675675675675,54.107796964939844
CNT/CB single layer,60%,5.678274428274428,53.351939066224794
CNT/CB single layer,60%,5.680873180873181,52.596081167509766
CNT/CB single layer,60%,5.6834719334719335,51.92743764172336
CNT/CB single layer,60%,5.686070686070686,51.142508285365466
CNT/CB single layer,60%,5.6886694386694385,50.3866503866504
CNT/CB single layer,60%,5.6912681912681915,49.659863945578266
CNT/CB single layer,60%,5.693866943866944,48.72957730100591
CNT/CB single layer,60%,5.696465696465697,48.09000523286239
CNT/CB single layer,60%,5.6990644490644495,47.50857608000466
CNT/CB single layer,60%,5.701663201663202,46.72364672364676
CNT/CB single layer,60%,5.704261954261955,45.99686028257458
CNT/CB single layer,60%,5.706860706860707,45.357288214431094
CNT/CB single layer,60%,5.70945945945946,44.48514448514451
CNT/CB single layer,60%,5.712058212058212,43.758358044072345
CNT/CB single layer,60%,5.714656964656965,42.915285772428646
CNT/CB single layer,60%,5.717255717255718,42.01407058549918
CNT/CB single layer,60%,5.71985446985447,41.141926856212585
CNT/CB single layer,60%,5.722453222453223,40.298854584568886
CNT/CB single layer,60%,5.725051975051975,39.54299668585384
CNT/CB single layer,60%,5.727650727650728,38.87435316006747
CNT/CB single layer,60%,5.73024948024948,38.11849526135243
CNT/CB single layer,60%,5.732848232848233,37.36263736263737
CNT/CB single layer,60%,5.735446985446986,36.57770800627945
CNT/CB single layer,60%,5.738045738045738,35.821850107564416
CNT/CB single layer,60%,5.740644490644491,34.77527763242051
CNT/CB single layer,60%,5.743243243243243,33.932205360776805
CNT/CB single layer,60%,5.745841995841996,33.17634746206177
CNT/CB single layer,60%,5.748440748440748,32.07163207163208
CNT/CB single layer,60%,5.751039501039501,31.228559799988396
CNT/CB single layer,60%,5.753638253638254,30.50177335891624
CNT/CB single layer,60%,5.756237006237006,29.745915460201182
CNT/CB single layer,60%,5.758835758835759,29.019129019129032
CNT/CB single layer,60%,5.761434511434511,28.32141403569977
CNT/CB single layer,60%,5.764033264033264,27.50741322169895
CNT/CB single layer,60%,5.766632016632016,26.693412407698148
CNT/CB single layer,60%,5.769230769230769,25.763125763125778
CNT/CB single layer,60%,5.771829521829522,24.716553287981874
CNT/CB single layer,60%,5.774428274428274,23.815338101052404
CNT/CB single layer,60%,5.777027027027027,23.001337287051584
CNT/CB single layer,60%,5.77962577962578,22.187336473050777
CNT/CB single layer,60%,5.782224532224532,20.90819233676378
CNT/CB single layer,60%,5.784823284823285,19.570905285191014
CNT/CB single layer,60%,5.787422037422037,18.960404674690405
CNT/CB single layer,60%,5.79002079002079,18.378975521832682
CNT/CB single layer,60%,5.792619542619542,17.710331996046293
CNT/CB single layer,60%,5.795218295218295,17.216117216117233
CNT/CB single layer,60%,5.797817047817047,16.692830978545274
CNT/CB single layer,60%,5.8004158004158,16.256759113901982
CNT/CB single layer,60%,5.8030145530145525,15.733472876330037
CNT/CB single layer,60%,5.8056133056133055,15.326472469329627
CNT/CB single layer,60%,5.808212058212058,14.86132914704345
CNT/CB single layer,60%,5.8108108108108105,14.483400197685922
CNT/CB single layer,60%,5.8134095634095635,14.163614163614177
CNT/CB single layer,60%,5.8160083160083165,13.785685214256665
CNT/CB single layer,60%,5.8186070686070686,13.436827722542022
CNT/CB single layer,60%,5.8212058212058215,13.117041688470277
CNT/CB single layer,60%,5.823804573804574,12.768184196755646
CNT/CB single layer,60%,5.826403326403327,12.506541077969668
CNT/CB single layer,60%,5.829002079002079,12.244897959183689
CNT/CB single layer,60%,5.831600831600832,12.012326298040591
CNT/CB single layer,60%,5.834199584199585,11.692540263968846
CNT/CB single layer,60%,5.836798336798337,11.285539856968436
CNT/CB single layer,60%,5.83939708939709,10.936682365253809
CNT/CB single layer,60%,5.841995841995842,10.645967788824946
CNT/CB single layer,60%,5.844594594594595,10.151753008895884
CNT/CB single layer,60%,5.847193347193347,9.948252805395672
CNT/CB single layer,60%,5.8497920997921,9.744752601895474
CNT/CB single layer,60%,5.852390852390853,9.570323856038161
CNT/CB single layer,60%,5.854989604989605,9.366823652537947
CNT/CB single layer,60%,5.857588357588358,9.192394906680633
CNT/CB single layer,60%,5.86018711018711,9.017966160823319
CNT/CB single layer,60%,5.862785862785863,8.81446595732312
CNT/CB single layer,60%,5.865384615384615,8.523751380894259
CNT/CB single layer,60%,5.867983367983368,8.349322635036929
CNT/CB single layer,60%,5.870582120582121,8.174893889179614
CNT/CB single layer,60%,5.873180873180873,7.971393685679418
CNT/CB single layer,60%,5.875779625779626,7.448107448107458
CNT/CB single layer,60%,5.878378378378378,7.244607244607261
CNT/CB single layer,60%,5.880977130977131,7.099249956392829
CNT/CB single layer,60%,5.883575883575883,6.9538926681783995
CNT/CB single layer,60%,5.886174636174636,6.808535379963968
CNT/CB single layer,60%,5.888773388773389,6.663178091749536
CNT/CB single layer,60%,5.891372141372141,6.3143206000349075
CNT/CB single layer,60%,5.893970893970894,6.168963311820477
CNT/CB single layer,60%,5.896569646569646,6.023606023606045
CNT/CB single layer,60%,5.899168399168399,5.878248735391614
CNT/CB single layer,60%,5.901767151767151,5.791034362462949
CNT/CB single layer,60%,5.904365904365904,5.645677074248518
CNT/CB single layer,60%,5.906964656964657,5.52939124367697
CNT/CB single layer,60%,5.909563409563409,5.384033955462538
CNT/CB single layer,60%,5.912162162162162,5.296819582533889
CNT/CB single layer,60%,5.914760914760915,5.151462294319458
CNT/CB single layer,60%,5.917359667359667,5.0061050061050265
CNT/CB single layer,60%,5.91995841995842,4.773533344961931
CNT/CB single layer,60%,5.922557172557172,4.686318972033265
CNT/CB single layer,60%,5.925155925155925,4.686318972033265
CNT/CB single layer,60%,5.9277546777546775,4.628176056747499
CNT/CB single layer,60%,5.93035343035343,4.511890226175951
CNT/CB single layer,60%,5.932952182952183,4.395604395604403
CNT/CB single layer,60%,5.9355509355509355,4.27931856503287
CNT/CB single layer,60%,5.9381496881496885,4.163032734461322
CNT/CB single layer,60%,5.9407484407484406,3.9304610733182264
CNT/CB single layer,60%,5.9433471933471935,3.7851037851037947
CNT/CB single layer,60%,5.945945945945946,3.6978894121751456
CNT/CB single layer,60%,5.948544698544699,3.5816035816035976
CNT/CB single layer,60%,5.951143451143452,3.436246293389166
CNT/CB single layer,60%,5.953742203742204,3.3490319204605012
CNT/CB single layer,60%,5.956340956340957,3.2327460898889693
CNT/CB single layer,60%,5.958939708939709,3.1455317169603036
CNT/CB single layer,60%,5.961538461538462,3.0583173440316385
CNT/CB single layer,60%,5.964137214137214,2.9711029711029897
CNT/CB single layer,60%,5.966735966735967,2.9420315134601065
CNT/CB single layer,60%,5.96933471933472,2.8548171405314413
CNT/CB single layer,60%,5.971933471933472,2.7676027676027766
CNT/CB single layer,60%,5.974532224532225,2.6803883946741274
CNT/CB single layer,60%,5.977130977130977,2.5931740217454617
CNT/CB single layer,60%,5.97972972972973,2.476888191173914
CNT/CB single layer,60%,5.982328482328482,2.418745275888148
CNT/CB single layer,60%,5.984927234927235,2.3315309029594826
CNT/CB single layer,60%,5.987525987525988,2.3024594453166
CNT/CB single layer,60%,5.99012474012474,2.2152450723879507
CNT/CB single layer,60%,5.992723492723493,2.1571021571021682
CNT/CB single layer,60%,5.995322245322245,2.1280306994592855
CNT/CB single layer,60%,5.997920997920998,2.04081632653062
CNT/CB single layer,60%,6.00051975051975,2.011744868887737
CNT/CB single layer,60%,6.003118503118503,1.9826734112448543
CNT/CB single layer,60%,6.005717255717256,1.9826734112448543
CNT/CB single layer,60%,6.008316008316008,2.011744868887737
CNT/CB single layer,60%,6.010914760914761,2.04081632653062
CNT/CB single layer,60%,6.013513513513514,2.0989592418164023
CNT/CB single layer,60%,6.016112266112266,2.1861736147450515
CNT/CB single layer,60%,6.018711018711018,2.3315309029594826
CNT/CB single layer,60%,6.021309771309771,2.447816733531031
CNT/CB single layer,60%,6.023908523908524,2.7966742252456753
CNT/CB single layer,60%,6.026507276507276,3.174603174603187
CNT/CB single layer,60%,6.029106029106029,3.436246293389166
CNT/CB single layer,60%,6.031704781704782,3.7851037851037947
CNT/CB single layer,60%,6.034303534303534,4.2502471073899715
CNT/CB single layer,60%,6.036902286902286,4.744461887319047
CNT/CB single layer,60%,6.039501039501039,5.296819582533889
CNT/CB single layer,60%,6.042099792099792,6.110820396534694
CNT/CB single layer,60%,6.044698544698544,6.9538926681783995
CNT/CB single layer,60%,6.047297297297297,7.884179312750753
CNT/CB single layer,60%,6.04989604989605,8.640037211465792
CNT/CB single layer,60%,6.052494802494802,9.483109483109494
CNT/CB single layer,60%,6.055093555093555,10.529681958253397
CNT/CB single layer,60%,6.0576923076923075,11.63439734868308
CNT/CB single layer,60%,6.0602910602910605,12.6518983661841
CNT/CB single layer,60%,6.0628898128898125,13.582185010756454
CNT/CB single layer,60%,6.0654885654885655,14.686900401186136
CNT/CB single layer,60%,6.0680873180873185,15.675329961044257
CNT/CB single layer,60%,6.070686070686071,16.663759520902392
CNT/CB single layer,60%,6.0732848232848236,17.623117623117643
CNT/CB single layer,60%,6.075883575883576,18.873190301761742
CNT/CB single layer,60%,6.078482328482329,19.77440548869121
CNT/CB single layer,60%,6.081081081081081,20.96633525204956
CNT/CB single layer,60%,6.083679833679834,21.867550438979034
CNT/CB single layer,60%,6.086278586278587,22.797837083551386
CNT/CB single layer,60%,6.088877338877339,23.699052270480855
CNT/CB single layer,60%,6.091476091476092,24.600267457410325
CNT/CB single layer,60%,6.094074844074844,25.385196813768264
CNT/CB single layer,60%,6.096673596673597,26.257340543054852
CNT/CB single layer,60%,6.099272349272349,27.042269899412773
CNT/CB single layer,60%,6.101871101871102,28.26327112041399
CNT/CB single layer,60%,6.104469854469855,29.019129019129032
CNT/CB single layer,60%,6.107068607068607,29.920344206058513
CNT/CB single layer,60%,6.10966735966736,30.67620210477355
CNT/CB single layer,60%,6.112266112266113,31.34484563055993
CNT/CB single layer,60%,6.114864864864865,32.304203732775186
CNT/CB single layer,60%,6.117463617463617,33.20541891970465
CNT/CB single layer,60%,6.12006237006237,34.048491191348354
CNT/CB single layer,60%,6.122661122661123,34.94970637827783
CNT/CB single layer,60%,6.125259875259875,35.67649281934998
CNT/CB single layer,60%,6.127858627858628,36.635850921565215
CNT/CB single layer,60%,6.130457380457381,37.566137566137584
CNT/CB single layer,60%,6.133056133056133,38.4092098377813
CNT/CB single layer,60%,6.135654885654885,39.2232106517821
CNT/CB single layer,60%,6.138253638253638,40.32792604221178
CNT/CB single layer,60%,6.140852390852391,41.141926856212585
CNT/CB single layer,60%,6.143451143451143,41.839641839641864
CNT/CB single layer,60%,6.146049896049896,42.624571195999785
CNT/CB single layer,60%,6.148648648648649,43.467643467643484
CNT/CB single layer,60%,6.151247401247401,44.339787196930075
CNT/CB single layer,60%,6.153846153846154,45.29914529914533
CNT/CB single layer,60%,6.156444906444906,46.08407465550323
CNT/CB single layer,60%,6.159043659043659,46.72364672364676
CNT/CB single layer,60%,6.161642411642411,47.537647537647544
CNT/CB single layer,60%,6.164241164241164,48.700505843363
CNT/CB single layer,60%,6.166839916839917,49.39822082679228
CNT/CB single layer,60%,6.169438669438669,50.357578929007516
CNT/CB single layer,60%,6.172037422037422,51.31693703122275
CNT/CB single layer,60%,6.174636174636174,52.24722367579514
CNT/CB single layer,60%,6.177234927234927,53.43915343915347
CNT/CB single layer,60%,6.1798336798336795,54.86365486365487
CNT/CB single layer,60%,6.1824324324324325,55.70672713529857
CNT/CB single layer,60%,6.185031185031185,56.98587127158559
CNT/CB single layer,60%,6.1876299376299375,58.03244374672948
CNT/CB single layer,60%,6.1902286902286905,58.96273039130183
CNT/CB single layer,60%,6.192827442827443,59.95115995115998
CNT/CB single layer,60%,6.1954261954261955,60.881446595732335
CNT/CB single layer,60%,6.198024948024948,61.84080469794757
CNT/CB single layer,60%,6.200623700623701,63.265306122449
CNT/CB single layer,60%,6.203222453222454,64.22466422466422
CNT/CB single layer,60%,6.205821205821206,65.27123669980816
CNT/CB single layer,60%,6.208419958419959,66.37595209023783
CNT/CB single layer,60%,6.211018711018712,67.18995290423862
CNT/CB single layer,60%,6.213617463617464,68.49816849816852
CNT/CB single layer,60%,6.216216216216216,69.7773126344555
CNT/CB single layer,60%,6.218814968814969,70.67852782138498
CNT/CB single layer,60%,6.221413721413722,71.60881446595737
CNT/CB single layer,60%,6.224012474012474,72.51002965288683
CNT/CB single layer,60%,6.226611226611227,73.55660212803072
CNT/CB single layer,60%,6.22920997920998,74.54503168788887
CNT/CB single layer,60%,6.231808731808732,76.17303331589048
CNT/CB single layer,60%,6.234407484407484,77.04517704517706
CNT/CB single layer,60%,6.237006237006237,78.03360660503522
CNT/CB single layer,60%,6.23960498960499,79.16739345310775
CNT/CB single layer,60%,6.242203742203742,80.12675155532301
CNT/CB single layer,60%,6.244802494802495,81.11518111518113
CNT/CB single layer,60%,6.247401247401248,82.04546775975349
CNT/CB single layer,60%,6.25,83.15018315018318
CNT/CB single layer,60%,6.252598752598752,84.10954125239842
CNT/CB single layer,60%,6.255197505197505,84.95261352404212
CNT/CB single layer,60%,6.257796257796258,85.91197162625735
CNT/CB single layer,60%,6.26039501039501,86.92947264375839
CNT/CB single layer,60%,6.262993762993763,88.06325949183096
CNT/CB single layer,60%,6.265592515592515,89.16797488226061
CNT/CB single layer,60%,6.268191268191268,90.0401186115472
CNT/CB single layer,60%,6.27079002079002,91.0866910866911
CNT/CB single layer,60%,6.273388773388773,92.01697773126347
CNT/CB single layer,60%,6.275987525987526,93.06355020640738
CNT/CB single layer,60%,6.278586278586278,94.66248037676611
CNT/CB single layer,60%,6.281185031185031,95.67998139426714
CNT/CB single layer,60%,6.283783783783784,96.75562532705392
CNT/CB single layer,60%,6.286382536382536,97.59869759869761
CNT/CB single layer,60%,6.288981288981289,98.79062736205594
CNT/CB single layer,60%,6.291580041580041,99.7790569219141
CNT/CB single layer,60%,6.294178794178794,101.17448688877262
CNT/CB single layer,60%,6.296777546777546,102.59898831327405
CNT/CB single layer,60%,6.299376299376299,103.5874178731322
CNT/CB single layer,60%,6.301975051975052,104.63399034827607
CNT/CB single layer,60%,6.3045738045738045,105.70963428106288
CNT/CB single layer,60%,6.3071725571725565,106.61084946799235
CNT/CB single layer,60%,6.30977130977131,107.88999360427934
CNT/CB single layer,60%,6.3123700623700625,109.43078085935234
CNT/CB single layer,60%,6.314968814968815,110.47735333449621
CNT/CB single layer,60%,6.3175675675675675,111.49485435199725
CNT/CB single layer,60%,6.3201663201663205,112.83214140357
CNT/CB single layer,60%,6.322765072765073,114.22757137042854
CNT/CB single layer,60%,6.325363825363826,115.41950113378687
CNT/CB single layer,60%,6.327962577962578,117.13471713471716
CNT/CB single layer,60%,6.330561330561331,118.87900459329035
CNT/CB single layer,60%,6.333160083160083,120.56514913657774
CNT/CB single layer,60%,6.335758835758836,121.96057910343627
CNT/CB single layer,60%,6.338357588357589,123.50136635850926
CNT/CB single layer,60%,6.340956340956341,125.24565381708244
CNT/CB single layer,60%,6.343555093555094,127.07715564858427
CNT/CB single layer,60%,6.346153846153846,128.93772893772896
CNT/CB single layer,60%,6.348752598752599,131.08901680330257
CNT/CB single layer,60%,6.351351351351351,133.531019245305
CNT/CB single layer,60%,6.353950103950104,136.78702250130826
CNT/CB single layer,60%,6.356548856548857,140.18838304552594
CNT/CB single layer,60%,6.359147609147609,144.4909587766731
CNT/CB single layer,60%,6.361746361746362,145.04331647188792
CNT/CB single layer,60%,6.364345114345115,144.4618873190302
CNT/CB single layer,60%,6.366943866943867,143.79324379324382
CNT/CB single layer,60%,6.369542619542619,143.06645735217165
CNT/CB single layer,60%,6.372141372141372,142.54317111459974
CNT/CB single layer,60%,6.374740124740125,142.1361707075993
CNT/CB single layer,60%,6.377338877338877,141.4965986394558
CNT/CB single layer,60%,6.37993762993763,140.79888365602656
CNT/CB single layer,60%,6.382536382536383,139.34531077388223
CNT/CB single layer,60%,6.385135135135135,138.24059538345256
CNT/CB single layer,60%,6.387733887733887,137.3393801965231
CNT/CB single layer,60%,6.39033264033264,136.81609395895114
CNT/CB single layer,60%,6.392931392931393,136.38002209430786
CNT/CB single layer,60%,6.395530145530145,136.00209314495032
CNT/CB single layer,60%,6.398128898128898,135.56602128030704
CNT/CB single layer,60%,6.400727650727651,135.2753067038782
CNT/CB single layer,60%,6.403326403326403,134.89737775452068
CNT/CB single layer,60%,6.405925155925156,134.57759172044888
CNT/CB single layer,60%,6.408523908523908,134.25780568637714
CNT/CB single layer,60%,6.411122661122661,134.02523402523408
CNT/CB single layer,60%,6.413721413721413,133.7635909064481
CNT/CB single layer,60%,6.416320166320166,133.44380487237635
CNT/CB single layer,60%,6.418918918918919,133.00773300773304
CNT/CB single layer,60%,6.421517671517671,132.71701843130415
CNT/CB single layer,60%,6.424116424116424,132.54258968544687
CNT/CB single layer,60%,6.4267151767151764,132.33908948194667
CNT/CB single layer,60%,6.429313929313929,132.10651782080356
CNT/CB single layer,60%,6.4319126819126815,131.75766032908894
CNT/CB single layer,60%,6.4345114345114345,131.49601721030294
CNT/CB single layer,60%,6.4371101871101875,131.29251700680277
CNT/CB single layer,60%,6.4397089397089395,131.11808826094546
CNT/CB single layer,60%,6.442307692307692,130.91458805744523
CNT/CB single layer,60%,6.4449064449064455,130.7692307692308
CNT/CB single layer,60%,6.447505197505198,130.5657305657306
CNT/CB single layer,60%,6.45010395010395,130.3040874469446
CNT/CB single layer,60%,6.452702702702703,130.1005872434444
CNT/CB single layer,60%,6.455301455301456,129.83894412465844
CNT/CB single layer,60%,6.457900207900208,129.693586836444
CNT/CB single layer,60%,6.460498960498961,129.5191580905867
CNT/CB single layer,60%,6.463097713097713,129.31565788708647
CNT/CB single layer,60%,6.465696465696466,129.1412291412292
CNT/CB single layer,60%,6.468295218295218,128.99587185301473
CNT/CB single layer,60%,6.470893970893971,128.82144310715745
CNT/CB single layer,60%,6.473492723492724,128.6470143613001
CNT/CB single layer,60%,6.476091476091476,127.36787022501312
CNT/CB single layer,60%,6.478690228690229,124.14093842665275
CNT/CB single layer,60%,6.481288981288982,120.47793476364907
CNT/CB single layer,60%,6.483887733887734,117.25100296528869
CNT/CB single layer,60%,6.486486486486487,113.84964242107102
CNT/CB single layer,60%,6.489085239085239,111.52392580964012
CNT/CB single layer,60%,6.491683991683992,109.51799523228098
CNT/CB single layer,60%,6.494282744282744,107.62835048549336
CNT/CB single layer,60%,6.496881496881497,105.50613407756266
CNT/CB single layer,60%,6.49948024948025,102.59898831327405
CNT/CB single layer,60%,6.502079002079002,101.4361300075586
CNT/CB single layer,60%,6.504677754677754,100.44770044770048
CNT/CB single layer,60%,6.507276507276507,99.48834234548524
CNT/CB single layer,60%,6.50987525987526,98.52898424326997
CNT/CB single layer,60%,6.512474012474012,97.8603407174836
CNT/CB single layer,60%,6.515072765072765,97.16262573405434
CNT/CB single layer,60%,6.517671517671518,96.26141054712487
CNT/CB single layer,60%,6.52027027027027,95.65090993662426
CNT/CB single layer,60%,6.522869022869022,95.06948078376654
CNT/CB single layer,60%,6.525467775467775,94.45898017326593
CNT/CB single layer,60%,6.528066528066528,93.8775510204082
CNT/CB single layer,60%,6.53066528066528,93.2089074946218
CNT/CB single layer,60%,6.533264033264033,92.59840688412119
CNT/CB single layer,60%,6.535862785862786,91.87162044304905
CNT/CB single layer,60%,6.538461538461538,91.29019129019133
CNT/CB single layer,60%,6.541060291060291,90.76690505261936
CNT/CB single layer,60%,6.543659043659043,90.15640444211876
CNT/CB single layer,60%,6.546257796257796,89.60404674690392
CNT/CB single layer,60%,6.548856548856548,89.13890342461772
CNT/CB single layer,60%,6.551455301455301,88.52840281411711
CNT/CB single layer,60%,6.554054054054054,88.03418803418808
CNT/CB single layer,60%,6.5566528066528065,87.62718762718764
CNT/CB single layer,60%,6.5592515592515594,87.10390138961569
CNT/CB single layer,60%,6.561850311850312,86.58061515204376
CNT/CB single layer,60%,6.5644490644490645,85.94104308390024
CNT/CB single layer,60%,6.567047817047817,85.4177568463283
CNT/CB single layer,60%,6.56964656964657,84.8072562358277
CNT/CB single layer,60%,6.5722453222453225,84.22582708296997
CNT/CB single layer,60%,6.574844074844075,83.76068376068379
CNT/CB single layer,60%,6.577442827442828,83.2955404383976
CNT/CB single layer,60%,6.580041580041581,82.6559683702541
CNT/CB single layer,60%,6.582640332640333,82.10361067503926
CNT/CB single layer,60%,6.585239085239085,81.46403860689577
CNT/CB single layer,60%,6.587837837837838,80.85353799639516
CNT/CB single layer,60%,6.590436590436591,80.1848944706088
CNT/CB single layer,60%,6.593035343035343,79.71975114832259
CNT/CB single layer,60%,6.595634095634096,79.34182219896509
CNT/CB single layer,60%,6.598232848232848,78.73132158846448
CNT/CB single layer,60%,6.600831600831601,78.14989243560674
CNT/CB single layer,60%,6.603430353430353,77.04517704517706
CNT/CB single layer,60%,6.606029106029106,76.40560497703358
CNT/CB single layer,60%,6.608627858627859,75.76603290889008
CNT/CB single layer,60%,6.611226611226611,75.24274667131813
CNT/CB single layer,60%,6.613825363825364,74.57410314553175
CNT/CB single layer,60%,6.616424116424117,73.87638816210246
CNT/CB single layer,60%,6.619022869022869,73.09145880574455
CNT/CB single layer,60%,6.621621621621622,72.21931507645797
CNT/CB single layer,60%,6.624220374220374,71.46345717774292
CNT/CB single layer,60%,6.626819126819127,70.79481365195653
CNT/CB single layer,60%,6.629417879417879,70.15524158381304
CNT/CB single layer,60%,6.632016632016632,69.25402639688359
CNT/CB single layer,60%,6.634615384615385,68.49816849816852
CNT/CB single layer,60%,6.637214137214137,67.85859643002503
CNT/CB single layer,60%,6.639812889812889,67.21902436188154
CNT/CB single layer,60%,6.642411642411643,66.4340950055236
CNT/CB single layer,60%,6.645010395010395,65.56195127623702
CNT/CB single layer,60%,6.647609147609147,64.7188790045933
CNT/CB single layer,60%,6.6502079002079,63.904878190592484
CNT/CB single layer,60%,6.652806652806653,63.14902029187747
CNT/CB single layer,60%,6.655405405405405,62.364090935519535
CNT/CB single layer,60%,6.658004158004158,61.43380429094718
CNT/CB single layer,60%,6.66060291060291,60.64887493458924
CNT/CB single layer,60%,6.663201663201663,59.83487412058841
CNT/CB single layer,60%,6.665800415800415,58.206872492586804
CNT/CB single layer,60%,6.668399168399168,57.48008605151463
CNT/CB single layer,60%,6.670997920997921,56.66608523751384
CNT/CB single layer,60%,6.673596673596673,55.73579859294146
CNT/CB single layer,60%,6.676195426195426,54.95086923658356
CNT/CB single layer,60%,6.6787941787941785,54.078725507296966
CNT/CB single layer,60%,6.6813929313929314,53.322867608581916
CNT/CB single layer,60%,6.6839916839916835,52.596081167509766
CNT/CB single layer,60%,6.6865904365904365,51.840223268794716
CNT/CB single layer,60%,6.6891891891891895,50.968079539508125
CNT/CB single layer,60%,6.691787941787942,50.21222164079311
CNT/CB single layer,60%,6.6943866943866945,48.642362928077226
CNT/CB single layer,60%,6.6969854469854475,48.00279085993374
CNT/CB single layer,60%,6.6995841995842,47.30507587650448
CNT/CB single layer,60%,6.702182952182952,46.636432350718074
CNT/CB single layer,60%,6.704781704781705,45.82243153671728
CNT/CB single layer,60%,6.707380457380458,45.03750218035935
CNT/CB single layer,60%,6.70997920997921,44.31071573928719
CNT/CB single layer,60%,6.712577962577963,43.467643467643484
CNT/CB single layer,60%,6.715176715176716,42.5954997383569
CNT/CB single layer,60%,6.717775467775468,41.92685621257052
CNT/CB single layer,60%,6.72037422037422,40.88028373742661
CNT/CB single layer,60%,6.722972972972973,40.21164021164023
CNT/CB single layer,60%,6.725571725571726,39.455782312925194
CNT/CB single layer,60%,6.728170478170478,38.72899587185304
CNT/CB single layer,60%,6.730769230769231,37.79870922728067
CNT/CB single layer,60%,6.733367983367984,37.130065701494296
CNT/CB single layer,60%,6.735966735966736,36.28699342985059
CNT/CB single layer,60%,6.738565488565489,35.53113553113555
CNT/CB single layer,60%,6.741164241164241,34.5717774289203
CNT/CB single layer,60%,6.743762993762994,33.96127681841969
CNT/CB single layer,60%,6.746361746361746,33.17634746206177
CNT/CB single layer,60%,6.748960498960499,32.4786324786325
CNT/CB single layer,60%,6.751559251559252,31.63556020698879
CNT/CB single layer,60%,6.754158004158004,30.38548752834469
CNT/CB single layer,60%,6.756756756756757,29.62962962962965
CNT/CB single layer,60%,6.759355509355509,28.699342985057285
CNT/CB single layer,60%,6.761954261954262,27.798127798127815
CNT/CB single layer,60%,6.764553014553014,27.042269899412773
CNT/CB single layer,60%,6.767151767151767,26.228269085411952
CNT/CB single layer,60%,6.76975051975052,25.44333972905403
CNT/CB single layer,60%,6.772349272349272,24.309552880981464
CNT/CB single layer,60%,6.774948024948024,23.466480609337776
CNT/CB single layer,60%,6.777546777546778,22.73969416826562
CNT/CB single layer,60%,6.78014553014553,21.66405023547882
CNT/CB single layer,60%,6.782744282744282,20.90819233676378
CNT/CB single layer,60%,6.785343035343035,20.181405895691622
CNT/CB single layer,60%,6.787941787941788,19.48369091226235
CNT/CB single layer,60%,6.79054054054054,18.785975928833093
CNT/CB single layer,60%,6.793139293139293,17.82661782661784
CNT/CB single layer,60%,6.795738045738045,17.24518867376012
CNT/CB single layer,60%,6.798336798336798,16.692830978545274
CNT/CB single layer,60%,6.8009355509355505,16.053258910401784
CNT/CB single layer,60%,6.803534303534303,15.61718704575849
CNT/CB single layer,60%,6.806133056133056,15.21018663875808
CNT/CB single layer,60%,6.8087318087318085,14.774114774114786
CNT/CB single layer,60%,6.8113305613305615,14.396185824757273
CNT/CB single layer,60%,6.8139293139293144,13.989185417756863
CNT/CB single layer,60%,6.8165280665280665,13.640327926042234
CNT/CB single layer,60%,6.8191268191268195,13.262398976684707
CNT/CB single layer,60%,6.821725571725572,12.94261294261296
CNT/CB single layer,60%,6.824324324324325,12.593755450898318
CNT/CB single layer,60%,6.826923076923077,12.273969416826572
CNT/CB single layer,60%,6.82952182952183,12.04139775568349
CNT/CB single layer,60%,6.832120582120583,11.808826094540395
CNT/CB single layer,60%,6.834719334719335,11.518111518111533
CNT/CB single layer,60%,6.837318087318087,11.285539856968436
CNT/CB single layer,60%,6.83991683991684,11.023896738182474
CNT/CB single layer,60%,6.842515592515593,10.413396127681866
CNT/CB single layer,60%,6.845114345114345,10.122681551253002
CNT/CB single layer,60%,6.847713097713098,9.890109890109906
CNT/CB single layer,60%,6.850311850311851,9.628466771323927
CNT/CB single layer,60%,6.852910602910603,9.424966567823729
CNT/CB single layer,60%,6.855509355509355,9.221466364323517
CNT/CB single layer,60%,6.858108108108108,9.076109076109084
CNT/CB single layer,60%,6.860706860706861,8.843537414966004
CNT/CB single layer,60%,6.863305613305613,8.66910866910869
CNT/CB single layer,60%,6.865904365904366,8.49467992325136
CNT/CB single layer,60%,6.868503118503119,8.320251177394047
CNT/CB single layer,60%,6.871101871101871,7.826036397464986
CNT/CB single layer,60%,6.873700623700624,7.5062503633932405
CNT/CB single layer,60%,6.876299376299376,7.244607244607261
CNT/CB single layer,60%,6.878898128898129,6.982964125821281
CNT/CB single layer,60%,6.881496881496881,6.808535379963968
CNT/CB single layer,60%,6.884095634095634,6.634106634106653
CNT/CB single layer,60%,6.886694386694387,6.488749345892223
CNT/CB single layer,60%,6.889293139293139,6.3143206000349075
CNT/CB single layer,60%,6.891891891891892,6.139891854177577
CNT/CB single layer,60%,6.894490644490645,5.994534565963146
CNT/CB single layer,60%,6.897089397089397,5.849177277748715
CNT/CB single layer,60%,6.899688149688149,5.703819989534284
CNT/CB single layer,60%,6.902286902286902,5.587534158962751
CNT/CB single layer,60%,6.904885654885655,5.471248328391203
CNT/CB single layer,60%,6.907484407484407,5.26774812489099
CNT/CB single layer,60%,6.91008316008316,5.151462294319458
CNT/CB single layer,60%,6.912681912681913,5.0061050061050265
CNT/CB single layer,60%,6.915280665280665,4.918890633176361
CNT/CB single layer,60%,6.917879417879417,4.802604802604813
CNT/CB single layer,60%,6.92047817047817,4.540961683818834
CNT/CB single layer,60%,6.923076923076923,4.424675853247302
CNT/CB single layer,60%,6.925675675675675,4.337461480318637
CNT/CB single layer,60%,6.928274428274428,4.192104192104205
CNT/CB single layer,60%,6.9308731808731805,4.075818361532657
CNT/CB single layer,60%,6.9334719334719335,3.988603988604008
CNT/CB single layer,60%,6.9360706860706856,3.9013896156753427
CNT/CB single layer,60%,6.9386694386694385,3.814175242746678
CNT/CB single layer,60%,6.9412681912681915,3.7269608698180288
CNT/CB single layer,60%,6.943866943866944,3.7269608698180288
CNT/CB single layer,60%,6.946465696465697,3.6978894121751456
CNT/CB single layer,60%,6.9490644490644495,3.5816035816035976
CNT/CB single layer,60%,6.951663201663202,3.4653177510320496
CNT/CB single layer,60%,6.954261954261955,3.3781033781034004
CNT/CB single layer,60%,6.956860706860707,3.2908890051747353
CNT/CB single layer,60%,6.95945945945946,3.20367463224607
CNT/CB single layer,60%,6.962058212058212,3.116460259317421
CNT/CB single layer,60%,6.964656964656965,2.9711029711029897
CNT/CB single layer,60%,6.967255717255718,2.8548171405314413
CNT/CB single layer,60%,6.96985446985447,2.738531309959893
CNT/CB single layer,60%,6.972453222453222,2.564102564102579
CNT/CB single layer,60%,6.975051975051976,2.476888191173914
CNT/CB single layer,60%,6.977650727650728,2.418745275888148
CNT/CB single layer,60%,6.98024948024948,2.3315309029594826
CNT/CB single layer,60%,6.982848232848233,2.2443165300308334
CNT/CB single layer,60%,6.985446985446986,2.1280306994592855
CNT/CB single layer,60%,6.988045738045738,2.0698877841735195
CNT/CB single layer,60%,6.990644490644491,1.9826734112448543
CNT/CB single layer,60%,6.993243243243243,1.895459038316189
CNT/CB single layer,60%,6.995841995841996,1.866387580673306
CNT/CB single layer,60%,6.998440748440748,1.750101750101758
CNT/CB single layer,60%,7.001039501039501,1.6628873771731087
CNT/CB single layer,60%,7.003638253638254,1.6338159195302255
CNT/CB single layer,60%,7.006237006237006,1.5756730042444433
CNT/CB single layer,60%,7.008835758835759,1.4884586313157944
CNT/CB single layer,60%,7.011434511434512,1.4884586313157944
CNT/CB single layer,60%,7.014033264033264,1.4884586313157944
CNT/CB single layer,60%,7.016632016632016,1.4884586313157944
CNT/CB single layer,60%,7.019230769230769,1.5466015466015604
CNT/CB single layer,60%,7.021829521829522,1.5756730042444433
CNT/CB single layer,60%,7.024428274428274,1.6628873771731087
CNT/CB single layer,60%,7.027027027027027,1.7791732077446567
CNT/CB single layer,60%,7.02962577962578,1.895459038316189
CNT/CB single layer,60%,7.032224532224532,2.0698877841735195
CNT/CB single layer,60%,7.034823284823284,2.5931740217454617
CNT/CB single layer,60%,7.037422037422037,2.9129600558172073
CNT/CB single layer,60%,7.04002079002079,3.174603174603187
CNT/CB single layer,60%,7.042619542619542,3.523460666317831
CNT/CB single layer,60%,7.045218295218295,4.075818361532657
CNT/CB single layer,60%,7.047817047817048,4.5700331414617335
CNT/CB single layer,60%,7.0504158004158,5.209605209605224
CNT/CB single layer,60%,7.0530145530145525,5.994534565963146
CNT/CB single layer,60%,7.0556133056133055,6.837606837606851
CNT/CB single layer,60%,7.058212058212058,7.680679109250555
CNT/CB single layer,60%,7.0608108108108105,8.465608465608476
CNT/CB single layer,60%,7.0634095634095635,9.83196697482414
CNT/CB single layer,60%,7.0660083160083165,10.907610907610925
CNT/CB single layer,60%,7.0686070686070686,11.98325484039771
CNT/CB single layer,60%,7.071205821205821,13.000755857898728
CNT/CB single layer,60%,7.073804573804574,13.96011396011398
CNT/CB single layer,60%,7.076403326403327,15.849758706901588
CNT/CB single layer,60%,7.079002079002079,16.809116809116823
CNT/CB single layer,60%,7.081600831600832,17.79754636897496
CNT/CB single layer,60%,7.084199584199585,18.669690098261547
CNT/CB single layer,60%,7.086798336798337,19.570905285191014
CNT/CB single layer,60%,7.08939708939709,20.6756206756207
CNT/CB single layer,60%,7.091995841995843,21.634978777835936
CNT/CB single layer,60%,7.094594594594595,22.507122507122524
CNT/CB single layer,60%,7.097193347193347,23.553694982266425
CNT/CB single layer,60%,7.0997920997921,24.687481830338992
CNT/CB single layer,60%,7.102390852390853,25.356125356125382
CNT/CB single layer,60%,7.104989604989605,26.286412000697734
CNT/CB single layer,60%,7.107588357588357,27.303913018198756
CNT/CB single layer,60%,7.110187110187111,28.088842374556677
CNT/CB single layer,60%,7.112785862785863,28.873771730914616
CNT/CB single layer,60%,7.115384615384615,29.68777254491542
CNT/CB single layer,60%,7.117983367983368,30.472701901273343
CNT/CB single layer,60%,7.120582120582121,31.25763125763128
CNT/CB single layer,60%,7.123180873180873,32.333275190418064
CNT/CB single layer,60%,7.125779625779626,33.49613349613351
CNT/CB single layer,60%,7.128378378378378,34.31013431013433
CNT/CB single layer,60%,7.130977130977131,35.21134949706381
CNT/CB single layer,60%,7.133575883575883,35.99627885342173
CNT/CB single layer,60%,7.136174636174636,36.81027966742255
CNT/CB single layer,60%,7.138773388773389,37.68242339670913
CNT/CB single layer,60%,7.141372141372141,39.42671085528231
CNT/CB single layer,60%,7.143970893970894,40.269783126926
CNT/CB single layer,60%,7.146569646569647,41.46171289028433
CNT/CB single layer,60%,7.149168399168399,42.24664224664227
CNT/CB single layer,60%,7.151767151767151,42.944357230071546
CNT/CB single layer,60%,7.154365904365904,43.81650095935811
CNT/CB single layer,60%,7.156964656964657,44.65957323100182
CNT/CB single layer,60%,7.159563409563409,45.648002790859955
CNT/CB single layer,60%,7.162162162162162,47.42136170707601
CNT/CB single layer,60%,7.164760914760915,48.20629106343395
CNT/CB single layer,60%,7.167359667359667,49.078434792720536
CNT/CB single layer,60%,7.169958419958419,50.24129309843599
CNT/CB single layer,60%,7.172557172557173,51.171579743008344
CNT/CB single layer,60%,7.175155925155925,52.13093784522358
CNT/CB single layer,60%,7.1777546777546775,53.09029594743882
CNT/CB single layer,60%,7.18035343035343,54.0205825920112
CNT/CB single layer,60%,7.182952182952183,55.32879818594106
CNT/CB single layer,60%,7.1855509355509355,56.40444211872786
CNT/CB single layer,60%,7.188149688149688,57.56730042444331
CNT/CB single layer,60%,7.1907484407484406,58.497587069015665
CNT/CB single layer,60%,7.1933471933471935,59.19530205244492
CNT/CB single layer,60%,7.195945945945946,60.387231815803254
CNT/CB single layer,60%,7.198544698544699,61.43380429094718
CNT/CB single layer,60%,7.201143451143452,62.742019884877045
CNT/CB single layer,60%,7.203742203742204,63.81766381766384
CNT/CB single layer,60%,7.206340956340957,64.92237920809353
CNT/CB single layer,60%,7.208939708939709,65.85266585266588
CNT/CB single layer,60%,7.211538461538462,66.81202395488111
CNT/CB single layer,60%,7.214137214137214,67.74231059945348
CNT/CB single layer,60%,7.216735966735967,69.10866910866913
CNT/CB single layer,60%,7.21933471933472,70.32967032967035
CNT/CB single layer,60%,7.221933471933472,71.28902843188558
CNT/CB single layer,60%,7.224532224532225,72.21931507645797
CNT/CB single layer,60%,7.227130977130978,73.26588755160185
CNT/CB single layer,60%,7.22972972972973,74.2833885691029
CNT/CB single layer,60%,7.232328482328482,75.62067562067564
CNT/CB single layer,60%,7.234927234927235,76.5218908076051
CNT/CB single layer,60%,7.237525987525988,77.71382057096345
CNT/CB single layer,60%,7.24012474012474,78.64410721553583
CNT/CB single layer,60%,7.242723492723492,79.80696552125127
CNT/CB single layer,60%,7.245322245322246,80.67910925053786
CNT/CB single layer,60%,7.247920997920998,81.8710390138962
CNT/CB single layer,60%,7.25051975051975,82.8885400313972
CNT/CB single layer,60%,7.253118503118503,83.81882667596955
CNT/CB single layer,60%,7.255717255717256,84.77818477818482
CNT/CB single layer,60%,7.258316008316008,85.76661433804293
CNT/CB single layer,60%,7.260914760914761,86.84225827082975
CNT/CB single layer,60%,7.263513513513514,87.80161637304498
CNT/CB single layer,60%,7.266112266112266,89.05168905168908
CNT/CB single layer,60%,7.268711018711018,90.62154776440492
CNT/CB single layer,60%,7.271309771309771,91.9588348159777
CNT/CB single layer,60%,7.273908523908524,92.94726437583581
CNT/CB single layer,60%,7.276507276507276,93.8775510204082
CNT/CB single layer,60%,7.279106029106029,94.83690912262344
CNT/CB single layer,60%,7.281704781704782,95.88348159776733
CNT/CB single layer,60%,7.284303534303534,96.90098261526836
CNT/CB single layer,60%,7.286902286902287,97.71498342926918
CNT/CB single layer,60%,7.289501039501039,98.58712715855576
CNT/CB single layer,60%,7.292099792099792,100.4186289900576
CNT/CB single layer,60%,7.294698544698544,101.40705854991572
CNT/CB single layer,60%,7.297297297297297,102.45363102505962
CNT/CB single layer,60%,7.29989604989605,103.47113204256064
CNT/CB single layer,60%,7.302494802494802,104.57584743299032
CNT/CB single layer,60%,7.3050935550935545,105.59334845049135
CNT/CB single layer,60%,7.307692307692308,106.63992092563524
CNT/CB single layer,60%,7.3102910602910605,107.62835048549336
CNT/CB single layer,60%,7.3128898128898125,108.8784231641375
CNT/CB single layer,60%,7.3154885654885655,109.89592418163849
CNT/CB single layer,60%,7.3180873180873185,110.9424966567824
CNT/CB single layer,60%,7.320686070686071,112.1925693354265
CNT/CB single layer,60%,7.323284823284823,113.41357055642771
CNT/CB single layer,60%,7.325883575883576,114.66364323507182
CNT/CB single layer,60%,7.328482328482329,115.88464445607308
CNT/CB single layer,60%,7.331081081081081,117.22193150764582
CNT/CB single layer,60%,7.333679833679834,118.84993313564746
CNT/CB single layer,60%,7.336278586278587,120.24536310250599
CNT/CB single layer,60%,7.338877338877339,121.8733647305076
CNT/CB single layer,60%,7.341476091476092,123.55950927379502
CNT/CB single layer,60%,7.344074844074845,125.33286819001108
CNT/CB single layer,60%,7.346673596673597,127.16437002151291
CNT/CB single layer,60%,7.349272349272349,129.31565788708647
CNT/CB single layer,60%,7.351871101871102,131.52508866794582
CNT/CB single layer,60%,7.354469854469855,134.95552066980642
CNT/CB single layer,60%,7.357068607068607,137.9789522646666
CNT/CB single layer,60%,7.35966735966736,141.43845572417004
CNT/CB single layer,60%,7.362266112266113,143.90952962381536
CNT/CB single layer,60%,7.364864864864865,143.41531484388634
CNT/CB single layer,60%,7.367463617463617,141.9908134193849
CNT/CB single layer,60%,7.37006237006237,141.5256700970987
CNT/CB single layer,60%,7.372661122661123,141.17681260538407
CNT/CB single layer,60%,7.375259875259875,140.682597825455
CNT/CB single layer,60%,7.377858627858628,139.98488284202574
CNT/CB single layer,60%,7.380457380457381,138.67666724809584
CNT/CB single layer,60%,7.383056133056133,137.19402290830865
CNT/CB single layer,60%,7.385654885654885,136.40909355195075
CNT/CB single layer,60%,7.388253638253638,135.827664399093
CNT/CB single layer,60%,7.390852390852391,135.3915925344497
CNT/CB single layer,60%,7.393451143451143,134.9845921274493
CNT/CB single layer,60%,7.396049896049896,134.57759172044888
CNT/CB single layer,60%,7.398648648648649,134.22873422873425
CNT/CB single layer,60%,7.401247401247401,133.9089481946625
CNT/CB single layer,60%,7.403846153846153,133.64730507587652
CNT/CB single layer,60%,7.406444906444906,133.24030466887612
CNT/CB single layer,60%,7.409043659043659,132.92051863480438
CNT/CB single layer,60%,7.411642411642411,132.54258968544687
CNT/CB single layer,60%,7.414241164241164,132.2809465666609
CNT/CB single layer,60%,7.416839916839917,132.0193034478749
CNT/CB single layer,60%,7.419438669438669,131.69951741380316
CNT/CB single layer,60%,7.422037422037422,131.4378742950172
CNT/CB single layer,60%,7.424636174636175,131.26344554915985
CNT/CB single layer,60%,7.427234927234927,131.03087388801677
CNT/CB single layer,60%,7.4298336798336795,130.7983022268737
CNT/CB single layer,60%,7.4324324324324325,130.62387348101637
CNT/CB single layer,60%,7.435031185031185,130.44944473515903
CNT/CB single layer,60%,7.4376299376299375,130.27501598930172
CNT/CB single layer,60%,7.44022869022869,130.1296587010873
CNT/CB single layer,60%,7.4428274428274435,129.98430141287287
CNT/CB single layer,60%,7.4454261954261955,129.80987266701555
CNT/CB single layer,60%,7.448024948024948,129.57730100587247
CNT/CB single layer,60%,7.450623700623701,129.40287226001516
CNT/CB single layer,60%,7.453222453222454,129.17030059887207
CNT/CB single layer,60%,7.455821205821206,128.99587185301473
CNT/CB single layer,60%,7.458419958419959,128.82144310715745
CNT/CB single layer,60%,7.461018711018711,128.676085818943
CNT/CB single layer,60%,7.463617463617464,128.5016570730857
CNT/CB single layer,60%,7.466216216216216,128.35629978487125
CNT/CB single layer,60%,7.468814968814969,128.21094249665683
CNT/CB single layer,60%,7.471413721413722,128.06558520844237
CNT/CB single layer,60%,7.474012474012474,127.89115646258509
CNT/CB single layer,60%,7.476611226611227,127.65858480144199
CNT/CB single layer,60%,7.47920997920998,125.36193964765397
CNT/CB single layer,60%,7.481808731808732,120.50700622129196
CNT/CB single layer,60%,7.484407484407484,116.98935984650272
CNT/CB single layer,60%,7.487006237006237,113.93685679399968
CNT/CB single layer,60%,7.48960498960499,111.43671143671145
CNT/CB single layer,60%,7.492203742203742,108.58770858770863
CNT/CB single layer,60%,7.494802494802495,106.08756323042039
CNT/CB single layer,60%,7.497401247401248,104.66306180591896
CNT/CB single layer,60%,7.5,103.20948892377466
CNT/CB single layer,60%,7.502598752598752,101.93034478748768
CNT/CB single layer,60%,7.505197505197505,100.38955753241471
CNT/CB single layer,60%,7.507796257796258,99.45927088784235
CNT/CB single layer,60%,7.51039501039501,97.65684051398338
CNT/CB single layer,60%,7.512993762993763,96.90098261526836
CNT/CB single layer,60%,7.515592515592516,96.14512471655331
CNT/CB single layer,60%,7.518191268191268,95.18576661433808
CNT/CB single layer,60%,7.52079002079002,94.57526600383747
CNT/CB single layer,60%,7.523388773388773,94.02290830862262
CNT/CB single layer,60%,7.525987525987526,93.52869352869354
CNT/CB single layer,60%,7.528586278586278,92.74376417233564
CNT/CB single layer,60%,7.53118503118503,92.07512064654924
CNT/CB single layer,60%,7.533783783783784,91.49369149369151
CNT/CB single layer,60%,7.536382536382536,90.8831908831909
CNT/CB single layer,60%,7.538981288981289,90.2726902726903
CNT/CB single layer,60%,7.541580041580041,89.69126111983256
CNT/CB single layer,60%,7.544178794178794,89.16797488226061
CNT/CB single layer,60%,7.546777546777546,88.67376010233157
CNT/CB single layer,60%,7.549376299376299,88.26675969533113
CNT/CB single layer,60%,7.5519750519750515,87.68533054247342
CNT/CB single layer,60%,7.5545738045738045,87.19111576254437
CNT/CB single layer,60%,7.557172557172557,86.72597244025818
CNT/CB single layer,60%,7.55977130977131,85.76661433804293
CNT/CB single layer,60%,7.5623700623700625,85.09797081225656
CNT/CB single layer,60%,7.564968814968815,84.42932728647015
CNT/CB single layer,60%,7.5675675675675675,83.78975521832666
CNT/CB single layer,60%,7.5701663201663205,83.1211116925403
CNT/CB single layer,60%,7.572765072765073,82.59782545496833
CNT/CB single layer,60%,7.575363825363826,81.98732484446772
CNT/CB single layer,60%,7.5779625779625785,81.34775277632423
CNT/CB single layer,60%,7.580561330561331,80.79539508110939
CNT/CB single layer,60%,7.583160083160083,80.24303738589455
CNT/CB single layer,60%,7.585758835758836,79.69067969067972
CNT/CB single layer,60%,7.588357588357589,78.93482179196468
CNT/CB single layer,60%,7.590956340956341,78.52782138496426
CNT/CB single layer,60%,7.593555093555093,77.91732077446365
CNT/CB single layer,60%,7.596153846153847,77.3940345368917
CNT/CB single layer,60%,7.598752598752599,76.78353392639109
CNT/CB single layer,60%,7.601351351351351,75.94046165474738
CNT/CB single layer,60%,7.603950103950104,75.27181812896102
CNT/CB single layer,60%,7.606548856548857,74.60317460317464
CNT/CB single layer,60%,7.609147609147609,73.84731670445957
CNT/CB single layer,60%,7.611746361746361,73.23681609395896
CNT/CB single layer,60%,7.614345114345114,72.45188673760103
CNT/CB single layer,60%,7.616943866943867,71.8704575847433
CNT/CB single layer,60%,7.61954261954262,71.11459968602828
CNT/CB single layer,60%,7.622141372141372,70.18431304145592
CNT/CB single layer,60%,7.624740124740125,69.28309785452646
CNT/CB single layer,60%,7.627338877338877,67.65509622652482
CNT/CB single layer,60%,7.62993762993763,66.95738124309555
CNT/CB single layer,60%,7.632536382536382,66.2015233443805
CNT/CB single layer,60%,7.635135135135135,65.41659398802257
CNT/CB single layer,60%,7.637733887733888,64.7188790045933
CNT/CB single layer,60%,7.640332640332641,63.992092563521176
CNT/CB single layer,60%,7.642931392931393,63.23623466480611
CNT/CB single layer,60%,7.645530145530145,62.13151927437644
CNT/CB single layer,60%,7.648128898128898,61.37566137566141
CNT/CB single layer,60%,7.650727650727651,60.53258910401771
CNT/CB single layer,60%,7.653326403326403,59.80580266294553
CNT/CB single layer,60%,7.655925155925155,58.497587069015665
CNT/CB single layer,60%,7.658523908523909,57.68358625501485
CNT/CB single layer,60%,7.661122661122661,56.89865689865691
CNT/CB single layer,60%,7.663721413721413,56.08465608465612
CNT/CB single layer,60%,7.666320166320166,54.979940694226435
CNT/CB single layer,60%,7.668918918918919,54.28222571079715
CNT/CB single layer,60%,7.671517671517671,53.67172510029654
CNT/CB single layer,60%,7.6741164241164235,52.50886679458109
CNT/CB single layer,60%,7.6767151767151764,51.753008895866074
CNT/CB single layer,60%,7.679313929313929,50.939008081865246
CNT/CB single layer,60%,7.6819126819126815,50.1831501831502
CNT/CB single layer,60%,7.6845114345114345,49.42729228443517
CNT/CB single layer,60%,7.6871101871101875,48.72957730100591
CNT/CB single layer,60%,7.6897089397089395,47.30507587650448
CNT/CB single layer,60%,7.692307692307692,46.462003604860776
CNT/CB single layer,60%,7.694906444906445,45.76428862143149
CNT/CB single layer,60%,7.697505197505198,45.066573638002225
CNT/CB single layer,60%,7.7001039501039505,44.339787196930075
CNT/CB single layer,60%,7.702702702702703,43.67114367114368
CNT/CB single layer,60%,7.705301455301456,43.06064306064308
CNT/CB single layer,60%,7.707900207900208,42.30478516192804
CNT/CB single layer,60%,7.710498960498961,41.60707017849876
CNT/CB single layer,60%,7.713097713097713,40.79306936449796
CNT/CB single layer,60%,7.715696465696466,40.15349729635445
CNT/CB single layer,60%,7.718295218295218,39.42671085528231
CNT/CB single layer,60%,7.720893970893972,38.58363858363861
CNT/CB single layer,60%,7.723492723492724,37.44985173556604
CNT/CB single layer,60%,7.726091476091476,36.66492237920812
CNT/CB single layer,60%,7.728690228690229,35.938135938135964
CNT/CB single layer,60%,7.731288981288982,35.298563869992456
CNT/CB single layer,60%,7.733887733887734,34.5717774289203
CNT/CB single layer,60%,7.736486486486486,33.29263329263332
CNT/CB single layer,60%,7.739085239085239,32.59491830920404
CNT/CB single layer,60%,7.741683991683992,31.89720332577477
CNT/CB single layer,60%,7.744282744282744,31.17041688470261
CNT/CB single layer,60%,7.746881496881497,30.50177335891624
CNT/CB single layer,60%,7.74948024948025,29.658701087272537
CNT/CB single layer,60%,7.752079002079002,28.873771730914616
CNT/CB single layer,60%,7.754677754677754,28.11791383219956
CNT/CB single layer,60%,7.757276507276507,27.100412814698537
CNT/CB single layer,60%,7.75987525987526,26.373626373626387
CNT/CB single layer,60%,7.762474012474012,25.646839932554226
CNT/CB single layer,60%,7.765072765072765,24.861910576196305
CNT/CB single layer,60%,7.767671517671518,23.873481016338168
CNT/CB single layer,60%,7.77027027027027,23.117623117623133
CNT/CB single layer,60%,7.772869022869022,22.303622303622326
CNT/CB single layer,60%,7.775467775467775,21.518692947264388
CNT/CB single layer,60%,7.778066528066528,20.79190650619223
CNT/CB single layer,60%,7.78066528066528,19.48369091226235
CNT/CB single layer,60%,7.783264033264033,18.756904471190193
CNT/CB single layer,60%,7.785862785862786,18.001046572475154
CNT/CB single layer,60%,7.788461538461538,17.157974300831466
CNT/CB single layer,60%,7.791060291060291,16.547473690330843
CNT/CB single layer,60%,7.793659043659043,15.936973079830235
CNT/CB single layer,60%,7.796257796257796,15.384615384615394
CNT/CB single layer,60%,7.798856548856548,14.657828943543239
CNT/CB single layer,60%,7.801455301455301,14.076399790685528
CNT/CB single layer,60%,7.804054054054054,13.698470841328
CNT/CB single layer,60%,7.8066528066528065,13.349613349613373
CNT/CB single layer,60%,7.8092515592515594,13.000755857898728
CNT/CB single layer,60%,7.811850311850312,12.593755450898318
CNT/CB single layer,60%,7.8144490644490645,11.925111925111944
CNT/CB single layer,60%,7.817047817047817,11.547182975754415
CNT/CB single layer,60%,7.81964656964657,11.22739694168267
CNT/CB single layer,60%,7.8222453222453225,10.907610907610925
CNT/CB single layer,60%,7.824844074844075,10.645967788824946
CNT/CB single layer,60%,7.827442827442828,10.3261817547532
CNT/CB single layer,60%,7.830041580041581,9.91918134775279
CNT/CB single layer,60%,7.832640332640333,9.657538228966809
CNT/CB single layer,60%,7.835239085239085,9.279609279609298
CNT/CB single layer,60%,7.837837837837838,8.959823245537553
CNT/CB single layer,60%,7.840436590436591,8.727251584394455
CNT/CB single layer,60%,7.843035343035343,8.40746555032271
CNT/CB single layer,60%,7.845634095634096,8.203965346822498
CNT/CB single layer,60%,7.848232848232849,7.913250770393635
CNT/CB single layer,60%,7.850831600831601,7.680679109250555
CNT/CB single layer,60%,7.853430353430353,7.477178905750341
CNT/CB single layer,60%,7.856029106029106,7.244607244607261
CNT/CB single layer,60%,7.858627858627859,7.128321414035713
CNT/CB single layer,60%,7.861226611226611,6.982964125821281
CNT/CB single layer,60%,7.863825363825363,6.721321007035303
CNT/CB single layer,60%,7.866424116424117,6.517820803535105
CNT/CB single layer,60%,7.869022869022869,6.372463515320674
CNT/CB single layer,60%,7.871621621621622,6.168963311820477
CNT/CB single layer,60%,7.874220374220374,5.907320193034497
CNT/CB single layer,60%,7.876819126819127,5.703819989534284
CNT/CB single layer,60%,7.879417879417879,5.413105413105422
CNT/CB single layer,60%,7.882016632016632,5.296819582533889
CNT/CB single layer,60%,7.884615384615384,5.180533751962341
CNT/CB single layer,60%,7.887214137214137,4.977033548462127
CNT/CB single layer,60%,7.88981288981289,4.831676260247696
CNT/CB single layer,60%,7.892411642411643,4.744461887319047
CNT/CB single layer,60%,7.895010395010395,4.628176056747499
CNT/CB single layer,60%,7.897609147609147,4.511890226175951
CNT/CB single layer,60%,7.9002079002079,4.366532937961519
CNT/CB single layer,60%,7.902806652806653,4.2502471073899715
CNT/CB single layer,60%,7.905405405405405,4.104889819175541
CNT/CB single layer,60%,7.908004158004158,3.988603988604008
CNT/CB single layer,60%,7.910602910602911,3.814175242746678
CNT/CB single layer,60%,7.913201663201663,3.7269608698180288
CNT/CB single layer,60%,7.915800415800415,3.6106750392464804
CNT/CB single layer,60%,7.918399168399168,3.523460666317831
CNT/CB single layer,60%,7.920997920997921,3.3781033781034004
CNT/CB single layer,60%,7.923596673596673,3.261817547531852
CNT/CB single layer,60%,7.9261954261954255,3.174603174603187
CNT/CB single layer,60%,7.928794178794179,3.0873888016745377
CNT/CB single layer,60%,7.9313929313929314,2.9129600558172073
CNT/CB single layer,60%,7.9339916839916835,2.7966742252456753
CNT/CB single layer,60%,7.9365904365904365,2.70945985231701
CNT/CB single layer,60%,7.9391891891891895,2.622245479388345
CNT/CB single layer,60%,7.941787941787942,2.505959648816813
CNT/CB single layer,60%,7.944386694386694,2.418745275888148
CNT/CB single layer,60%,7.946985446985447,2.3896738182452646
CNT/CB single layer,60%,7.9495841995842,2.360602360602382
CNT/CB single layer,60%,7.952182952182953,2.273387987673716
CNT/CB single layer,60%,7.954781704781705,2.1571021571021682
CNT/CB single layer,60%,7.957380457380458,2.04081632653062
CNT/CB single layer,60%,7.95997920997921,1.9826734112448543
CNT/CB single layer,60%,7.962577962577963,1.80824466538754
CNT/CB single layer,60%,7.965176715176715,1.6919588348159917
CNT/CB single layer,60%,7.967775467775468,1.6047444618873266
CNT/CB single layer,60%,7.970374220374221,1.4884586313157944
CNT/CB single layer,60%,7.972972972972974,1.4303157160300122
CNT/CB single layer,60%,7.975571725571726,1.3431013431013632
CNT/CB single layer,60%,7.978170478170478,1.255886970172698
CNT/CB single layer,60%,7.980769230769231,1.1686725972440328
CNT/CB single layer,60%,7.983367983367984,1.1105296819582668
CNT/CB single layer,60%,7.985966735966736,1.0233153090296017
CNT/CB single layer,60%,7.988565488565488,0.9942438513867187
CNT/CB single layer,60%,7.991164241164242,0.9361009361009526
CNT/CB single layer,60%,7.993762993762994,0.8779580208151705
CNT/CB single layer,60%,7.996361746361746,0.7907436478865213
CNT/CB single layer,60%,7.998960498960499,0.7326007326007392
CNT/CB single layer,60%,8.001559251559252,0.6744578173149731
CNT/CB single layer,60%,8.004158004158004,0.616314902029207
CNT/CB single layer,60%,8.006756756756756,0.5872434443863079
CNT/CB single layer,60%,8.009355509355508,0.5581719867434249
CNT/CB single layer,60%,8.011954261954262,0.529100529100542
CNT/CB single layer,60%,8.014553014553014,0.529100529100542
CNT/CB single layer,60%,8.017151767151766,0.5581719867434249
CNT/CB single layer,60%,8.01975051975052,0.616314902029207
CNT/CB single layer,60%,8.022349272349272,0.6453863596720901
CNT/CB single layer,60%,8.024948024948024,0.7326007326007392
CNT/CB single layer,60%,8.027546777546778,0.8488865631722874
CNT/CB single layer,60%,8.03014553014553,1.0523867666725009
CNT/CB single layer,60%,8.032744282744282,1.7791732077446567
CNT/CB single layer,60%,8.035343035343036,2.0698877841735195
CNT/CB single layer,60%,8.037941787941788,2.3896738182452646
CNT/CB single layer,60%,8.04054054054054,2.8257456828885585
CNT/CB single layer,60%,8.043139293139294,3.2908890051747353
CNT/CB single layer,60%,8.045738045738045,4.046746903889774
CNT/CB single layer,60%,8.048336798336798,5.471248328391203
CNT/CB single layer,60%,8.05093555093555,6.692249549392419
CNT/CB single layer,60%,8.053534303534304,7.622536193964772
CNT/CB single layer,60%,8.056133056133056,8.698180126751573
CNT/CB single layer,60%,8.058731808731808,9.744752601895474
CNT/CB single layer,60%,8.06133056133056,10.82039653468226
CNT/CB single layer,60%,8.063929313929314,12.04139775568349
CNT/CB single layer,60%,8.066528066528067,13.000755857898728
CNT/CB single layer,60%,8.069126819126819,13.872899587185314
CNT/CB single layer,60%,8.071725571725572,14.745043316471904
CNT/CB single layer,60%,8.074324324324325,15.675329961044257
CNT/CB single layer,60%,8.076923076923077,16.663759520902392
CNT/CB single layer,60%,8.07952182952183,17.59404616547476
CNT/CB single layer,60%,8.082120582120583,18.3499040641898
CNT/CB single layer,60%,8.084719334719335,19.5999767428339
CNT/CB single layer,60%,8.087318087318087,20.55933484504915
CNT/CB single layer,60%,8.089916839916839,21.867550438979034
CNT/CB single layer,60%,8.092515592515593,22.710622710622722
CNT/CB single layer,60%,8.095114345114345,23.640909355195088
CNT/CB single layer,60%,8.097713097713097,24.454910169195895
CNT/CB single layer,60%,8.10031185031185,25.210768067910948
CNT/CB single layer,60%,8.102910602910603,25.93755450898309
CNT/CB single layer,60%,8.105509355509355,26.75155532298391
CNT/CB single layer,60%,8.108108108108109,27.594627594627614
CNT/CB single layer,60%,8.11070686070686,28.350485493342653
CNT/CB single layer,60%,8.113305613305613,29.309843595557894
CNT/CB single layer,60%,8.115904365904367,30.123844409558714
CNT/CB single layer,60%,8.118503118503119,31.432060003488594
CNT/CB single layer,60%,8.121101871101871,32.246060817489415
CNT/CB single layer,60%,8.123700623700625,33.147276004418885
CNT/CB single layer,60%,8.126299376299375,33.96127681841969
CNT/CB single layer,60%,8.128898128898129,34.65899180184896
CNT/CB single layer,60%,8.131496881496881,35.356706785278234
CNT/CB single layer,60%,8.134095634095633,36.19977905692194
CNT/CB single layer,60%,8.136694386694387,37.01377987092275
CNT/CB single layer,60%,8.13929313929314,37.973137973138
CNT/CB single layer,60%,8.141891891891891,39.19413919413922
CNT/CB single layer,60%,8.144490644490645,39.97906855049714
CNT/CB single layer,60%,8.147089397089397,40.560497703354855
CNT/CB single layer,60%,8.14968814968815,41.43264143264145
CNT/CB single layer,60%,8.152286902286903,42.362928077213816
CNT/CB single layer,60%,8.154885654885655,43.23507180650041
CNT/CB single layer,60%,8.157484407484407,44.049072620501214
CNT/CB single layer,60%,8.160083160083161,45.124716553287996
CNT/CB single layer,60%,8.162681912681913,47.450433164718895
CNT/CB single layer,60%,8.165280665280665,48.23536252107684
CNT/CB single layer,60%,8.167879417879417,49.10750625036342
CNT/CB single layer,60%,8.17047817047817,50.357578929007516
CNT/CB single layer,60%,8.173076923076923,51.28786557357987
CNT/CB single layer,60%,8.175675675675675,53.29379615093902
CNT/CB single layer,60%,8.178274428274428,54.36944008372583
CNT/CB single layer,60%,8.180873180873181,55.61951276236993
CNT/CB single layer,60%,8.183471933471933,56.724228152799604
CNT/CB single layer,60%,8.186070686070686,57.596371882086196
CNT/CB single layer,60%,8.18866943866944,58.67201581487297
CNT/CB single layer,60%,8.191268191268192,59.95115995115998
CNT/CB single layer,60%,8.193866943866944,61.172161172161196
CNT/CB single layer,60%,8.196465696465696,62.160590732019315
CNT/CB single layer,60%,8.19906444906445,63.32344903773477
CNT/CB single layer,60%,8.201663201663202,64.28280713995004
CNT/CB single layer,60%,8.204261954261955,65.24216524216527
CNT/CB single layer,60%,8.206860706860706,66.2015233443805
CNT/CB single layer,60%,8.20945945945946,67.0736670736671
CNT/CB single layer,60%,8.212058212058212,69.28309785452646
CNT/CB single layer,60%,8.214656964656964,70.27152741438458
CNT/CB single layer,60%,8.217255717255718,71.3180998895285
CNT/CB single layer,60%,8.21985446985447,72.27745799174373
CNT/CB single layer,60%,8.222453222453222,73.26588755160185
CNT/CB single layer,60%,8.225051975051976,74.34153148438865
CNT/CB single layer,60%,8.227650727650728,75.30088958660389
CNT/CB single layer,60%,8.23024948024948,76.5218908076051
CNT/CB single layer,60%,8.232848232848234,77.42310599453458
CNT/CB single layer,60%,8.235446985446986,78.41153555439273
CNT/CB single layer,60%,8.238045738045738,79.48717948717949
CNT/CB single layer,60%,8.240644490644492,80.73725216582362
CNT/CB single layer,60%,8.243243243243244,81.72568172568174
CNT/CB single layer,60%,8.245841995841996,82.59782545496833
CNT/CB single layer,60%,8.248440748440748,83.55718355718356
CNT/CB single layer,60%,8.2510395010395,84.34211291354151
CNT/CB single layer,60%,8.253638253638254,85.56311413454273
CNT/CB single layer,60%,8.256237006237006,86.58061515204376
CNT/CB single layer,60%,8.258835758835758,87.62718762718764
CNT/CB single layer,60%,8.261434511434512,88.70283155997444
CNT/CB single layer,60%,8.264033264033264,90.97040525611958
CNT/CB single layer,60%,8.266632016632016,92.27862085004944
CNT/CB single layer,60%,8.26923076923077,93.09262166405027
CNT/CB single layer,60%,8.271829521829522,94.2845514274086
CNT/CB single layer,60%,8.274428274428274,95.18576661433808
CNT/CB single layer,60%,8.277027027027026,96.23233908948198
CNT/CB single layer,60%,8.279625779625778,97.13355427641146
CNT/CB single layer,60%,8.282224532224532,98.32548403976979
CNT/CB single layer,60%,8.284823284823286,100.50584336298624
CNT/CB single layer,60%,8.287422037422036,101.29077271934419
CNT/CB single layer,60%,8.29002079002079,102.25013082155942
CNT/CB single layer,60%,8.292619542619542,103.29670329670333
CNT/CB single layer,60%,8.295218295218294,104.37234722949009
CNT/CB single layer,60%,8.297817047817048,105.4479911622769
CNT/CB single layer,60%,8.3004158004158,106.49456363742082
CNT/CB single layer,60%,8.303014553014552,107.91906506192221
CNT/CB single layer,60%,8.305613305613306,108.93656607942326
CNT/CB single layer,60%,8.308212058212058,109.89592418163849
CNT/CB single layer,60%,8.31081081081081,111.11692540263971
CNT/CB single layer,60%,8.313409563409564,112.30885516599804
CNT/CB single layer,60%,8.316008316008316,113.55892784464217
CNT/CB single layer,60%,8.318607068607069,114.80900052328626
CNT/CB single layer,60%,8.32120582120582,116.20443049014482
CNT/CB single layer,60%,8.323804573804575,117.62893191464624
CNT/CB single layer,60%,8.326403326403327,119.54764811907673
CNT/CB single layer,60%,8.329002079002079,121.14657828943547
CNT/CB single layer,60%,8.33160083160083,122.71643700215131
CNT/CB single layer,60%,8.334199584199585,124.51886737601026
CNT/CB single layer,60%,8.336798336798337,126.35036920751207
CNT/CB single layer,60%,8.339397089397089,128.53072853072857
CNT/CB single layer,60%,8.341995841995843,131.03087388801677
CNT/CB single layer,60%,8.344594594594595,134.17059131344848
CNT/CB single layer,60%,8.347193347193347,138.58945287516718
CNT/CB single layer,60%,8.3497920997921,141.7291703005989
CNT/CB single layer,60%,8.352390852390853,141.70009884295604
CNT/CB single layer,60%,8.354989604989605,141.1186696900983
CNT/CB single layer,60%,8.357588357588357,140.4500261643119
CNT/CB single layer,60%,8.360187110187109,140.0430257573115
CNT/CB single layer,60%,8.362785862785863,139.60695389266823
CNT/CB single layer,60%,8.365384615384617,139.0255247398105
CNT/CB single layer,60%,8.367983367983367,138.26966684109544
CNT/CB single layer,60%,8.370582120582121,137.13587999302288
CNT/CB single layer,60%,8.373180873180873,135.65323565323567
CNT/CB single layer,60%,8.375779625779625,134.86830629687773
CNT/CB single layer,60%,8.378378378378379,134.28687714402002
CNT/CB single layer,60%,8.380977130977131,133.7635909064481
CNT/CB single layer,60%,8.383575883575883,133.38566195709055
CNT/CB single layer,60%,8.386174636174637,133.00773300773304
CNT/CB single layer,60%,8.388773388773389,132.60073260073264
CNT/CB single layer,60%,8.391372141372141,132.25187510901802
CNT/CB single layer,60%,8.393970893970895,131.8158032443747
CNT/CB single layer,60%,8.396569646569647,131.49601721030294
CNT/CB single layer,60%,8.3991683991684,131.20530263387408
CNT/CB single layer,60%,8.401767151767151,130.65294493865926
CNT/CB single layer,60%,8.404365904365903,130.42037327751618
CNT/CB single layer,60%,8.406964656964657,130.21687307401598
CNT/CB single layer,60%,8.40956340956341,129.98430141287287
CNT/CB single layer,60%,8.412162162162161,129.75172975172978
CNT/CB single layer,60%,8.414760914760915,129.49008663294381
CNT/CB single layer,60%,8.417359667359667,129.2575149718007
CNT/CB single layer,60%,8.41995841995842,128.90865748008608
CNT/CB single layer,60%,8.422557172557173,128.676085818943
CNT/CB single layer,60%,8.425155925155925,128.5016570730857
CNT/CB single layer,60%,8.427754677754677,128.32722832722837
CNT/CB single layer,60%,8.430353430353431,128.12372812372814
CNT/CB single layer,60%,8.432952182952183,127.92022792022797
CNT/CB single layer,60%,8.435550935550935,127.8039420896564
CNT/CB single layer,60%,8.438149688149688,127.6295133437991
CNT/CB single layer,60%,8.44074844074844,127.48415605558465
CNT/CB single layer,60%,8.443347193347194,127.36787022501312
CNT/CB single layer,60%,8.445945945945946,127.16437002151291
CNT/CB single layer,60%,8.448544698544698,126.87365544508404
CNT/CB single layer,60%,8.451143451143452,126.72829815686964
CNT/CB single layer,60%,8.453742203742204,126.5538694110123
CNT/CB single layer,60%,8.456340956340956,126.43758358044077
CNT/CB single layer,60%,8.45893970893971,126.3212977498692
CNT/CB single layer,60%,8.461538461538462,126.0887260887261
CNT/CB single layer,60%,8.464137214137214,123.93743822315253
CNT/CB single layer,60%,8.466735966735968,120.44886330600619
CNT/CB single layer,60%,8.46933471933472,116.93121693121695
CNT/CB single layer,60%,8.471933471933472,113.15192743764175
CNT/CB single layer,60%,8.474532224532226,110.53549624978199
CNT/CB single layer,60%,8.477130977130978,107.97720797720802
CNT/CB single layer,60%,8.47972972972973,106.11663468806327
CNT/CB single layer,60%,8.482328482328482,104.48863306006166
CNT/CB single layer,60%,8.484927234927234,103.09320309320312
CNT/CB single layer,60%,8.487525987525988,101.75591604163034
CNT/CB single layer,60%,8.49012474012474,100.47677190534337
CNT/CB single layer,60%,8.492723492723492,98.99412756555617
CNT/CB single layer,60%,8.495322245322246,98.06384092098381
CNT/CB single layer,60%,8.497920997920998,97.30798302226876
CNT/CB single layer,60%,8.50051975051975,96.40676783533928
CNT/CB single layer,60%,8.503118503118504,95.7381243095529
CNT/CB single layer,60%,8.505717255717256,95.01133786848074
CNT/CB single layer,60%,8.508316008316008,94.25547996976572
CNT/CB single layer,60%,8.510914760914762,93.64497935926511
CNT/CB single layer,60%,8.513513513513514,93.0344787487645
CNT/CB single layer,60%,8.516112266112266,92.39490668062102
CNT/CB single layer,60%,8.518711018711018,91.78440607012037
CNT/CB single layer,60%,8.52130977130977,91.14483400197688
CNT/CB single layer,60%,8.523908523908524,90.62154776440492
CNT/CB single layer,60%,8.526507276507276,90.18547589976164
CNT/CB single layer,60%,8.529106029106028,89.6331182045468
CNT/CB single layer,60%,8.531704781704782,88.90633176347465
CNT/CB single layer,60%,8.534303534303534,88.3830455259027
CNT/CB single layer,60%,8.536902286902286,87.62718762718764
CNT/CB single layer,60%,8.53950103950104,87.07482993197281
CNT/CB single layer,60%,8.542099792099792,86.58061515204376
CNT/CB single layer,60%,8.544698544698544,85.99918599918604
CNT/CB single layer,60%,8.547297297297298,85.50497121925696
CNT/CB single layer,60%,8.549896049896049,85.09797081225656
CNT/CB single layer,60%,8.552494802494802,84.28396999825574
CNT/CB single layer,60%,8.555093555093556,83.70254084539802
CNT/CB single layer,60%,8.557692307692308,82.91761148904008
CNT/CB single layer,60%,8.56029106029106,82.39432525146813
CNT/CB single layer,60%,8.562889812889813,81.92918192918196
CNT/CB single layer,60%,8.565488565488565,81.34775277632423
CNT/CB single layer,60%,8.568087318087318,80.62096633525206
CNT/CB single layer,60%,8.57068607068607,79.9523228094657
CNT/CB single layer,60%,8.573284823284823,79.25460782603643
CNT/CB single layer,60%,8.575883575883577,78.73132158846448
CNT/CB single layer,60%,8.578482328482329,78.20803535089252
CNT/CB single layer,60%,8.58108108108108,77.68474911332056
CNT/CB single layer,60%,8.583679833679835,77.07424850281996
CNT/CB single layer,60%,8.586278586278587,76.31839060410492
CNT/CB single layer,60%,8.588877338877339,75.76603290889008
CNT/CB single layer,60%,8.59147609147609,75.12646084074659
CNT/CB single layer,60%,8.594074844074845,74.51596023024595
CNT/CB single layer,60%,8.596673596673597,73.78917378917382
CNT/CB single layer,60%,8.599272349272349,73.09145880574455
CNT/CB single layer,60%,8.601871101871101,72.48095819524394
CNT/CB single layer,60%,8.604469854469855,71.63788592360024
CNT/CB single layer,60%,8.607068607068607,70.03895575324148
CNT/CB single layer,60%,8.609667359667359,69.19588348159778
CNT/CB single layer,60%,8.612266112266113,68.46909704052564
CNT/CB single layer,60%,8.614864864864865,67.80045351473927
CNT/CB single layer,60%,8.617463617463617,67.0736670736671
CNT/CB single layer,60%,8.62006237006237,66.23059480202339
CNT/CB single layer,60%,8.622661122661123,65.47473690330835
CNT/CB single layer,60%,8.625259875259875,64.77702191987908
CNT/CB single layer,60%,8.627858627858629,64.1083783940927
CNT/CB single layer,60%,8.63045738045738,63.090877376591706
CNT/CB single layer,60%,8.633056133056133,62.24780510494799
CNT/CB single layer,60%,8.635654885654887,61.37566137566141
CNT/CB single layer,60%,8.638253638253639,60.503517646374824
CNT/CB single layer,60%,8.640852390852391,59.63137391708824
CNT/CB single layer,60%,8.643451143451143,58.84644456073029
CNT/CB single layer,60%,8.646049896049895,58.09058666201524
CNT/CB single layer,60%,8.64864864864865,57.27658584801445
CNT/CB single layer,60%,8.651247401247401,56.43351357637075
CNT/CB single layer,60%,8.653846153846153,55.5032269317984
CNT/CB single layer,60%,8.656444906444907,54.8055119483691
CNT/CB single layer,60%,8.65904365904366,54.13686842258273
CNT/CB single layer,60%,8.661642411642411,53.06122448979593
CNT/CB single layer,60%,8.664241164241165,52.16000930286646
CNT/CB single layer,60%,8.666839916839917,51.404151404151435
CNT/CB single layer,60%,8.66943866943867,50.70643642072214
CNT/CB single layer,60%,8.672037422037421,49.979649979650006
CNT/CB single layer,60%,8.674636174636174,49.078434792720536
CNT/CB single layer,60%,8.677234927234927,48.264433978719715
CNT/CB single layer,60%,8.67983367983368,47.537647537647544
CNT/CB single layer,60%,8.682432432432432,46.83993255421829
CNT/CB single layer,60%,8.685031185031185,45.357288214431094
CNT/CB single layer,60%,8.687629937629938,44.6886446886447
CNT/CB single layer,60%,8.69022869022869,43.99092970521544
CNT/CB single layer,60%,8.692827442827443,43.23507180650041
CNT/CB single layer,60%,8.695426195426196,42.653642653642684
CNT/CB single layer,60%,8.698024948024948,41.955927670213406
CNT/CB single layer,60%,8.700623700623701,41.11285539856971
CNT/CB single layer,60%,8.703222453222454,40.21164021164023
CNT/CB single layer,60%,8.705821205821206,39.42671085528231
CNT/CB single layer,60%,8.70841995841996,38.75806732949592
CNT/CB single layer,60%,8.71101871101871,38.00220943078088
CNT/CB single layer,60%,8.713617463617464,37.15913715913718
CNT/CB single layer,60%,8.716216216216216,36.34513634513636
CNT/CB single layer,60%,8.71881496881497,35.53113553113555
CNT/CB single layer,60%,8.721413721413722,34.89156346299206
CNT/CB single layer,60%,8.724012474012474,33.84499098784814
CNT/CB single layer,60%,8.726611226611226,33.147276004418885
CNT/CB single layer,60%,8.72920997920998,32.15884644456075
CNT/CB single layer,60%,8.731808731808732,31.402988545845712
CNT/CB single layer,60%,8.734407484407484,30.67620210477355
CNT/CB single layer,60%,8.737006237006238,29.920344206058513
CNT/CB single layer,60%,8.73960498960499,29.222629222629244
CNT/CB single layer,60%,8.742203742203742,28.234199662771108
CNT/CB single layer,60%,8.744802494802496,27.6236990522705
CNT/CB single layer,60%,8.747401247401248,26.286412000697734
CNT/CB single layer,60%,8.75,25.734054305482896
CNT/CB single layer,60%,8.752598752598752,24.774696203267656
CNT/CB single layer,60%,8.755197505197504,24.076981219838384
CNT/CB single layer,60%,8.757796257796258,23.292051863480445
CNT/CB single layer,60%,8.76039501039501,22.36176521890809
CNT/CB single layer,60%,8.762993762993762,21.57683586255017
CNT/CB single layer,60%,8.765592515592516,20.79190650619223
CNT/CB single layer,60%,8.768191268191268,19.25111925111927
CNT/CB single layer,60%,8.77079002079002,18.553404267689995
CNT/CB single layer,60%,8.773388773388774,17.884760741903623
CNT/CB single layer,60%,8.775987525987526,17.216117216117233
CNT/CB single layer,60%,8.778586278586278,16.373044944473527
CNT/CB single layer,60%,8.78118503118503,15.849758706901588
CNT/CB single layer,60%,8.783783783783784,15.326472469329627
CNT/CB single layer,60%,8.786382536382536,14.803186231757667
CNT/CB single layer,60%,8.78898128898129,13.989185417756863
CNT/CB single layer,60%,8.79158004158004,13.582185010756454
CNT/CB single layer,60%,8.794178794178794,13.175184603756044
CNT/CB single layer,60%,8.796777546777546,12.826327112041414
CNT/CB single layer,60%,8.799376299376299,12.332112332112354
CNT/CB single layer,60%,8.801975051975052,11.98325484039771
CNT/CB single layer,60%,8.804573804573804,11.663468806325964
CNT/CB single layer,60%,8.807172557172557,11.343682772254219
CNT/CB single layer,60%,8.80977130977131,11.052968195825356
CNT/CB single layer,60%,8.812370062370062,10.73318216175361
CNT/CB single layer,60%,8.814968814968815,10.471539042967631
CNT/CB single layer,60%,8.817567567567568,10.180824466538768
CNT/CB single layer,60%,8.82016632016632,9.948252805395672
CNT/CB single layer,60%,8.822765072765073,9.744752601895474
CNT/CB single layer,60%,8.825363825363826,9.424966567823729
CNT/CB single layer,60%,8.827962577962579,9.0470376184662
CNT/CB single layer,60%,8.83056133056133,8.698180126751573
CNT/CB single layer,60%,8.833160083160083,8.349322635036929
CNT/CB single layer,60%,8.835758835758835,8.116750973893847
CNT/CB single layer,60%,8.838357588357589,7.796964939822103
CNT/CB single layer,60%,8.84095634095634,7.535321821036124
CNT/CB single layer,60%,8.843555093555093,7.36089307517881
CNT/CB single layer,60%,8.846153846153847,7.215535786964377
CNT/CB single layer,60%,8.848752598752599,7.012035583464164
CNT/CB single layer,60%,8.85135135135135,6.837606837606851
CNT/CB single layer,60%,8.853950103950105,6.663178091749536
CNT/CB single layer,60%,8.856548856548857,6.488749345892223
CNT/CB single layer,60%,8.859147609147609,6.285249142392009
CNT/CB single layer,60%,8.861746361746361,6.081748938891812
CNT/CB single layer,60%,8.864345114345113,5.703819989534284
CNT/CB single layer,60%,8.866943866943867,5.471248328391203
CNT/CB single layer,60%,8.86954261954262,5.3258910401767725
CNT/CB single layer,60%,8.872141372141371,4.977033548462127
CNT/CB single layer,60%,8.874740124740125,4.831676260247696
CNT/CB single layer,60%,8.877338877338877,4.715390429676164
CNT/CB single layer,60%,8.87993762993763,4.5700331414617335
CNT/CB single layer,60%,8.882536382536383,4.453747310890185
CNT/CB single layer,60%,8.885135135135135,4.337461480318637
CNT/CB single layer,60%,8.887733887733887,4.221175649747089
CNT/CB single layer,60%,8.890332640332641,4.046746903889774
CNT/CB single layer,60%,8.892931392931393,3.9304610733182264
CNT/CB single layer,60%,8.895530145530145,3.7851037851037947
CNT/CB single layer,60%,8.898128898128899,3.668817954532247
CNT/CB single layer,60%,8.900727650727651,3.6106750392464804
CNT/CB single layer,60%,8.903326403326403,3.3490319204605012
CNT/CB single layer,60%,8.905925155925155,3.2327460898889693
CNT/CB single layer,60%,8.90852390852391,3.1455317169603036
CNT/CB single layer,60%,8.911122661122661,3.0873888016745377
CNT/CB single layer,60%,8.913721413721413,3.000174428745873
CNT/CB single layer,60%,8.916320166320165,2.9129600558172073
CNT/CB single layer,60%,8.91891891891892,2.7966742252456753
CNT/CB single layer,60%,8.921517671517671,2.651316937031244
CNT/CB single layer,60%,8.924116424116423,2.535031106459696
CNT/CB single layer,60%,8.926715176715177,2.447816733531031
CNT/CB single layer,60%,8.92931392931393,2.418745275888148
CNT/CB single layer,60%,8.931912681912682,2.360602360602382
CNT/CB single layer,60%,8.934511434511435,2.2443165300308334
CNT/CB single layer,60%,8.937110187110187,2.1571021571021682
CNT/CB single layer,60%,8.93970893970894,2.04081632653062
CNT/CB single layer,60%,8.942307692307692,1.9536019536019709
CNT/CB single layer,60%,8.944906444906444,1.866387580673306
CNT/CB single layer,60%,8.947505197505198,1.7791732077446567
CNT/CB single layer,60%,8.950103950103951,1.6919588348159917
CNT/CB single layer,60%,8.952702702702702,1.6047444618873266
CNT/CB single layer,60%,8.955301455301456,1.5175300889586776
CNT/CB single layer,60%,8.957900207900208,1.4303157160300122
CNT/CB single layer,60%,8.96049896049896,1.3721728007442462
CNT/CB single layer,60%,8.963097713097714,1.284958427815581
CNT/CB single layer,60%,8.965696465696466,1.197744054886932
CNT/CB single layer,60%,8.968295218295218,1.1396011396011498
CNT/CB single layer,60%,8.970893970893972,1.0233153090296017
CNT/CB single layer,60%,8.973492723492724,0.9361009361009526
CNT/CB single layer,60%,8.976091476091476,0.8779580208151705
CNT/CB single layer,60%,8.97869022869023,0.7907436478865213
CNT/CB single layer,60%,8.981288981288982,0.7035292749578562
CNT/CB single layer,60%,8.983887733887734,0.6453863596720901
CNT/CB single layer,60%,8.986486486486486,0.5872434443863079
CNT/CB single layer,60%,8.989085239085238,0.5581719867434249
CNT/CB single layer,60%,8.991683991683992,0.5000290714576588
CNT/CB single layer,60%,8.994282744282744,0.4709576138147759
CNT/CB single layer,60%,8.996881496881496,0.38374324088611067
CNT/CB single layer,60%,8.99948024948025,0.3546717832432277
CNT/CB single layer,60%,9.002079002079002,0.3256003256003447
CNT/CB single layer,60%,9.004677754677754,0.3256003256003447
CNT/CB single layer,60%,9.007276507276508,0.3256003256003447
CNT/CB single layer,60%,9.00987525987526,0.3546717832432277
CNT/CB single layer,60%,9.012474012474012,0.38374324088611067
CNT/CB single layer,60%,9.015072765072766,0.4709576138147759
CNT/CB single layer,60%,9.017671517671518,0.5872434443863079
CNT/CB single layer,60%,9.02027027027027,0.7616721902436383
CNT/CB single layer,60%,9.022869022869024,1.0814582243153836
CNT/CB single layer,60%,9.025467775467774,1.4593871736728954
CNT/CB single layer,60%,9.028066528066528,1.9536019536019709
CNT/CB single layer,60%,9.03066528066528,2.418745275888148
CNT/CB single layer,60%,9.033264033264032,2.8838885981743245
CNT/CB single layer,60%,9.035862785862786,3.436246293389166
CNT/CB single layer,60%,9.038461538461538,4.046746903889774
CNT/CB single layer,60%,9.04106029106029,4.831676260247696
CNT/CB single layer,60%,9.043659043659044,5.645677074248518
CNT/CB single layer,60%,9.046257796257796,6.343392057677791
CNT/CB single layer,60%,9.048856548856548,7.244607244607261
CNT/CB single layer,60%,9.051455301455302,8.291179719751163
CNT/CB single layer,60%,9.054054054054054,9.395895110180847
CNT/CB single layer,60%,9.056652806652806,11.285539856968436
CNT/CB single layer,60%,9.05925155925156,12.186755043897922
CNT/CB single layer,60%,9.06185031185031,13.175184603756044
CNT/CB single layer,60%,9.064449064449065,14.396185824757273
CNT/CB single layer,60%,9.067047817047817,15.355543926972508
CNT/CB single layer,60%,9.069646569646569,16.285830571544878
CNT/CB single layer,60%,9.072245322245323,17.24518867376012
CNT/CB single layer,60%,9.074844074844075,18.17547531833247
CNT/CB single layer,60%,9.077442827442827,19.280190708762156
CNT/CB single layer,60%,9.08004158004158,20.181405895691622
CNT/CB single layer,60%,9.082640332640333,20.995406709692446
CNT/CB single layer,60%,9.085239085239085,21.896621896621916
CNT/CB single layer,60%,9.087837837837839,23.001337287051584
CNT/CB single layer,60%,9.09043659043659,23.78626664340952
CNT/CB single layer,60%,9.093035343035343,24.687481830338992
CNT/CB single layer,60%,9.095634095634097,25.41426827141115
CNT/CB single layer,60%,9.098232848232849,26.286412000697734
CNT/CB single layer,60%,9.1008316008316,27.100412814698537
CNT/CB single layer,60%,9.103430353430355,27.798127798127815
CNT/CB single layer,60%,9.106029106029105,28.612128612128636
CNT/CB single layer,60%,9.108627858627859,29.57148671434387
CNT/CB single layer,60%,9.111226611226611,30.38548752834469
CNT/CB single layer,60%,9.113825363825363,32.0425606139892
CNT/CB single layer,60%,9.116424116424117,32.8856328856329
CNT/CB single layer,60%,9.119022869022869,33.67056224199082
CNT/CB single layer,60%,9.121621621621621,34.39734868306299
CNT/CB single layer,60%,9.124220374220375,35.327635327635356
CNT/CB single layer,60%,9.126819126819127,36.05442176870751
CNT/CB single layer,60%,9.129417879417879,36.81027966742255
CNT/CB single layer,60%,9.132016632016633,37.59520902378048
CNT/CB single layer,60%,9.134615384615383,38.72899587185304
CNT/CB single layer,60%,9.137214137214137,39.54299668585384
CNT/CB single layer,60%,9.139812889812891,40.415140415140435
CNT/CB single layer,60%,9.142411642411641,41.229141229141256
CNT/CB single layer,60%,9.145010395010395,42.072213500784954
CNT/CB single layer,60%,9.147609147609147,44.10721553578698
CNT/CB single layer,60%,9.1502079002079,44.89214489214491
CNT/CB single layer,60%,9.152806652806653,45.82243153671728
CNT/CB single layer,60%,9.155405405405405,46.83993255421829
CNT/CB single layer,60%,9.158004158004157,47.741147741147756
CNT/CB single layer,60%,9.160602910602911,48.58422001279146
CNT/CB single layer,60%,9.163201663201663,49.45636374207805
CNT/CB single layer,60%,9.165800415800415,50.444793301936166
CNT/CB single layer,60%,9.16839916839917,51.43322286179433
CNT/CB single layer,60%,9.170997920997921,52.39258096400956
CNT/CB single layer,60%,9.173596673596673,53.38101052386768
CNT/CB single layer,60%,9.176195426195425,54.71829757544045
CNT/CB single layer,60%,9.17879417879418,55.85208442351303
CNT/CB single layer,60%,9.181392931392931,56.81144252572826
CNT/CB single layer,60%,9.183991683991685,57.68358625501485
CNT/CB single layer,60%,9.186590436590436,58.61387289958721
CNT/CB single layer,60%,9.18918918918919,59.544159544159555
CNT/CB single layer,60%,9.191787941787942,60.44537473108902
CNT/CB single layer,60%,9.194386694386694,62.10244781673355
CNT/CB single layer,60%,9.196985446985448,63.119948834234584
CNT/CB single layer,60%,9.1995841995842,64.1083783940927
CNT/CB single layer,60%,9.202182952182952,65.09680795395082
CNT/CB single layer,60%,9.204781704781706,66.25966625966628
CNT/CB single layer,60%,9.207380457380458,67.24809581952442
CNT/CB single layer,60%,9.20997920997921,68.09116809116813
CNT/CB single layer,60%,9.212577962577964,69.60288388859821
CNT/CB single layer,60%,9.215176715176714,70.67852782138498
CNT/CB single layer,60%,9.217775467775468,71.69602883888601
CNT/CB single layer,60%,9.220374220374222,72.68445839874414
CNT/CB single layer,60%,9.222972972972972,73.67288795860229
CNT/CB single layer,60%,9.225571725571726,75.18460375603236
CNT/CB single layer,60%,9.228170478170478,76.5218908076051
CNT/CB single layer,60%,9.23076923076923,77.3940345368917
CNT/CB single layer,60%,9.233367983367984,78.4696784696785
CNT/CB single layer,60%,9.235966735966736,79.42903657189373
CNT/CB single layer,60%,9.238565488565488,80.3302517588232
CNT/CB single layer,60%,9.241164241164242,81.26053840339559
CNT/CB single layer,60%,9.243762993762994,82.30711087853948
CNT/CB single layer,60%,9.246361746361746,83.20832606546894
CNT/CB single layer,60%,9.2489604989605,84.25489854061287
CNT/CB single layer,60%,9.251559251559252,85.18518518518522
CNT/CB single layer,60%,9.254158004158004,86.2317576603291
CNT/CB single layer,60%,9.256756756756756,87.1329728472586
CNT/CB single layer,60%,9.259355509355508,87.97604511890226
CNT/CB single layer,60%,9.261954261954262,88.90633176347465
CNT/CB single layer,60%,9.264553014553016,90.01104715390431
CNT/CB single layer,60%,9.267151767151766,91.14483400197688
CNT/CB single layer,60%,9.26975051975052,92.22047793476368
CNT/CB single layer,60%,9.272349272349272,93.15076457933603
CNT/CB single layer,60%,9.274948024948024,94.13919413919415
CNT/CB single layer,60%,9.277546777546778,95.04040932612365
CNT/CB single layer,60%,9.28014553014553,96.1741961741962
CNT/CB single layer,60%,9.282744282744282,97.48241176812608
CNT/CB single layer,60%,9.285343035343036,98.44176987034132
CNT/CB single layer,60%,9.287941787941788,99.31391359962791
CNT/CB single layer,60%,9.29054054054054,100.24420024420027
CNT/CB single layer,60%,9.293139293139294,101.37798709227283
CNT/CB single layer,60%,9.295738045738045,102.51177394034539
CNT/CB single layer,60%,9.298336798336798,104.83749055177628
CNT/CB single layer,60%,9.30093555093555,105.8259201116344
CNT/CB single layer,60%,9.303534303534303,106.75620675620681
CNT/CB single layer,60%,9.306133056133056,107.80277923135068
CNT/CB single layer,60%,9.308731808731808,108.90749462178037
CNT/CB single layer,60%,9.31133056133056,110.12849584278159
CNT/CB single layer,60%,9.313929313929314,111.40763997906858
CNT/CB single layer,60%,9.316528066528067,112.68678411535558
CNT/CB single layer,60%,9.319126819126819,113.96592825164255
CNT/CB single layer,60%,9.321725571725572,115.62300133728709
CNT/CB single layer,60%,9.324324324324325,117.3091458805745
CNT/CB single layer,60%,9.326923076923077,118.70457584743302
CNT/CB single layer,60%,9.32952182952183,121.96057910343627
CNT/CB single layer,60%,9.332120582120583,124.37351008779585
CNT/CB single layer,60%,9.334719334719335,126.61201232629806
CNT/CB single layer,60%,9.337318087318087,128.79237164951456
CNT/CB single layer,60%,9.339916839916839,131.3506599220885
CNT/CB single layer,60%,9.342515592515593,134.31594860166294
CNT/CB single layer,60%,9.345114345114347,139.1999534856678
CNT/CB single layer,60%,9.347713097713097,140.56631199488345
CNT/CB single layer,60%,9.35031185031185,140.33374033374037
CNT/CB single layer,60%,9.352910602910603,139.25809640095358
CNT/CB single layer,60%,9.355509355509355,138.3278097563812
CNT/CB single layer,60%,9.358108108108109,137.80452351880925
CNT/CB single layer,60%,9.36070686070686,137.16495145066577
CNT/CB single layer,60%,9.363305613305613,136.52537938252226
CNT/CB single layer,60%,9.365904365904367,134.95552066980642
CNT/CB single layer,60%,9.368503118503119,133.7635909064481
CNT/CB single layer,60%,9.371101871101871,133.21123321123324
CNT/CB single layer,60%,9.373700623700625,132.8042328042328
CNT/CB single layer,60%,9.376299376299375,131.96116053258916
CNT/CB single layer,60%,9.378898128898129,131.5832315832316
CNT/CB single layer,60%,9.381496881496881,131.26344554915985
CNT/CB single layer,60%,9.384095634095633,131.03087388801677
CNT/CB single layer,60%,9.386694386694387,130.7692307692308
CNT/CB single layer,60%,9.38929313929314,130.50758765044483
CNT/CB single layer,60%,9.391891891891891,130.1296587010873
CNT/CB single layer,60%,9.394490644490645,129.78080120937267
CNT/CB single layer,60%,9.397089397089397,129.5191580905867
CNT/CB single layer,60%,9.39968814968815,129.2865864294436
CNT/CB single layer,60%,9.402286902286903,129.0540147683005
CNT/CB single layer,60%,9.404885654885653,128.82144310715745
CNT/CB single layer,60%,9.407484407484407,128.5016570730857
CNT/CB single layer,60%,9.410083160083161,128.32722832722837
CNT/CB single layer,60%,9.412681912681913,128.09465666608526
CNT/CB single layer,60%,9.415280665280665,127.89115646258509
CNT/CB single layer,60%,9.417879417879417,127.68765625908487
CNT/CB single layer,60%,9.42047817047817,127.45508459794178
CNT/CB single layer,60%,9.423076923076923,127.30972730972736
CNT/CB single layer,60%,9.425675675675675,127.16437002151291
CNT/CB single layer,60%,9.428274428274428,126.98994127565561
CNT/CB single layer,60%,9.430873180873181,126.81551252979828
CNT/CB single layer,60%,9.433471933471933,126.64108378394094
CNT/CB single layer,60%,9.436070686070686,126.46665503808366
CNT/CB single layer,60%,9.43866943866944,126.29222629222632
CNT/CB single layer,60%,9.441268191268192,126.11779754636902
CNT/CB single layer,60%,9.443866943866944,125.79801151229724
CNT/CB single layer,60%,9.446465696465697,125.65265422408282
CNT/CB single layer,60%,9.44906444906445,125.50729693586837
CNT/CB single layer,60%,9.451663201663202,125.33286819001108
CNT/CB single layer,60%,9.454261954261955,125.15843944415374
CNT/CB single layer,60%,9.456860706860706,124.92586778301069
CNT/CB single layer,60%,9.45945945945946,122.89086574800865
CNT/CB single layer,60%,9.462058212058212,119.48950520379096
CNT/CB single layer,60%,9.464656964656964,115.91371591371595
CNT/CB single layer,60%,9.467255717255718,112.68678411535558
CNT/CB single layer,60%,9.46985446985447,109.92499563928138
CNT/CB single layer,60%,9.472453222453222,106.84342112913545
CNT/CB single layer,60%,9.475051975051976,105.01191929763363
CNT/CB single layer,60%,9.477650727650728,103.32577475434621
CNT/CB single layer,60%,9.48024948024948,101.52334438048727
CNT/CB single layer,60%,9.482848232848234,99.48834234548524
CNT/CB single layer,60%,9.485446985446984,98.2964125821269
CNT/CB single layer,60%,9.488045738045738,97.2207686493401
CNT/CB single layer,60%,9.490644490644492,96.23233908948198
CNT/CB single layer,60%,9.493243243243244,95.21483807198095
CNT/CB single layer,60%,9.495841995841996,94.45898017326593
CNT/CB single layer,60%,9.498440748440748,93.64497935926511
CNT/CB single layer,60%,9.5010395010395,92.83097854526429
CNT/CB single layer,60%,9.503638253638254,92.01697773126347
CNT/CB single layer,60%,9.506237006237006,91.43554857840574
CNT/CB single layer,60%,9.508835758835758,90.82504796790514
CNT/CB single layer,60%,9.511434511434512,90.24361881504741
CNT/CB single layer,60%,9.514033264033264,89.51683237397526
CNT/CB single layer,60%,9.516632016632016,88.90633176347465
CNT/CB single layer,60%,9.51923076923077,88.35397406825982
CNT/CB single layer,60%,9.521829521829522,87.88883074597362
CNT/CB single layer,60%,9.524428274428274,87.27833013547301
CNT/CB single layer,60%,9.527027027027028,86.78411535554395
CNT/CB single layer,60%,9.529625779625778,86.17361474504334
CNT/CB single layer,60%,9.532224532224532,85.53404267689984
CNT/CB single layer,60%,9.534823284823286,85.12704226989945
CNT/CB single layer,60%,9.537422037422036,84.66189894761325
CNT/CB single layer,60%,9.54002079002079,84.31304145589863
CNT/CB single layer,60%,9.542619542619542,83.81882667596955
CNT/CB single layer,60%,9.545218295218294,83.23739752311182
CNT/CB single layer,60%,9.547817047817048,82.62689691261122
CNT/CB single layer,60%,9.5504158004158,82.07453921739638
CNT/CB single layer,60%,9.553014553014552,81.46403860689577
CNT/CB single layer,60%,9.555613305613306,80.9988952846096
CNT/CB single layer,60%,9.558212058212058,80.35932321646608
CNT/CB single layer,60%,9.56081081081081,79.69067969067972
CNT/CB single layer,60%,9.563409563409564,78.99296470725045
CNT/CB single layer,60%,9.566008316008315,78.38246409674984
CNT/CB single layer,60%,9.568607068607069,77.2196057910344
CNT/CB single layer,60%,9.57120582120582,76.72539101110532
CNT/CB single layer,60%,9.573804573804575,76.28931914646205
CNT/CB single layer,60%,9.576403326403327,75.62067562067564
CNT/CB single layer,60%,9.579002079002079,75.01017501017503
CNT/CB single layer,60%,9.58160083160083,74.4287458573173
CNT/CB single layer,60%,9.584199584199585,73.87638816210246
CNT/CB single layer,60%,9.586798336798337,73.4112448398163
CNT/CB single layer,60%,9.589397089397089,72.65538694110124
CNT/CB single layer,60%,9.591995841995843,71.95767195767199
CNT/CB single layer,60%,9.594594594594595,71.3180998895285
CNT/CB single layer,60%,9.597193347193347,70.70759927902789
CNT/CB single layer,60%,9.5997920997921,70.06802721088437
CNT/CB single layer,60%,9.602390852390853,69.37031222745512
CNT/CB single layer,60%,9.604989604989605,68.81795453224026
CNT/CB single layer,60%,9.607588357588359,68.12023954881101
CNT/CB single layer,60%,9.610187110187109,67.3062387348102
CNT/CB single layer,60%,9.612785862785863,66.57945229373802
CNT/CB single layer,60%,9.615384615384617,65.93988022559452
CNT/CB single layer,60%,9.617983367983367,64.95145066573642
CNT/CB single layer,60%,9.620582120582121,64.22466422466422
CNT/CB single layer,60%,9.623180873180873,63.52694924123497
CNT/CB single layer,60%,9.625779625779625,62.56759113901974
CNT/CB single layer,60%,9.628378378378379,61.81173324030469
CNT/CB single layer,60%,9.630977130977131,61.02680388394675
CNT/CB single layer,60%,9.633575883575883,60.30001744287461
CNT/CB single layer,60%,9.636174636174637,59.16623059480204
CNT/CB single layer,60%,9.638773388773389,58.3813012384441
CNT/CB single layer,60%,9.641372141372141,57.50915750915752
CNT/CB single layer,60%,9.643970893970895,56.78237106808538
CNT/CB single layer,60%,9.646569646569645,56.08465608465612
CNT/CB single layer,60%,9.6491683991684,55.357869643583946
CNT/CB single layer,60%,9.651767151767151,54.57294028722601
CNT/CB single layer,60%,9.654365904365903,53.788010930868104
CNT/CB single layer,60%,9.656964656964657,53.09029594743882
CNT/CB single layer,60%,9.65956340956341,52.27629513343802
CNT/CB single layer,60%,9.662162162162161,51.20065120065122
CNT/CB single layer,60%,9.664760914760915,50.444793301936166
CNT/CB single layer,60%,9.667359667359667,49.688935403221144
CNT/CB single layer,60%,9.66995841995842,48.99122041979185
CNT/CB single layer,60%,9.672557172557173,48.2935054363626
CNT/CB single layer,60%,9.675155925155925,47.39229024943313
CNT/CB single layer,60%,9.677754677754677,46.34571777428921
CNT/CB single layer,60%,9.680353430353431,45.648002790859955
CNT/CB single layer,60%,9.682952182952183,44.9212163497878
CNT/CB single layer,60%,9.685550935550935,44.223501366358526
CNT/CB single layer,60%,9.68814968814969,43.467643467643484
CNT/CB single layer,60%,9.69074844074844,42.33385661957092
CNT/CB single layer,60%,9.693347193347194,41.69428455142743
CNT/CB single layer,60%,9.695945945945946,41.054712483283936
CNT/CB single layer,60%,9.698544698544698,40.356997499854664
CNT/CB single layer,60%,9.701143451143452,39.36856793999653
CNT/CB single layer,60%,9.703742203742204,38.72899587185304
CNT/CB single layer,60%,9.706340956340956,37.91499505785222
CNT/CB single layer,60%,9.70893970893971,37.246351532065844
CNT/CB single layer,60%,9.711538461538462,36.40327926042214
CNT/CB single layer,60%,9.714137214137214,35.76370719227865
CNT/CB single layer,60%,9.716735966735968,35.09506366649225
CNT/CB single layer,60%,9.71933471933472,34.33920576777722
CNT/CB single layer,60%,9.721933471933472,33.37984766556197
CNT/CB single layer,60%,9.724532224532226,32.42048956334673
CNT/CB single layer,60%,9.727130977130976,31.63556020698879
CNT/CB single layer,60%,9.72972972972973,30.937845223559535
CNT/CB single layer,60%,9.732328482328482,30.38548752834469
CNT/CB single layer,60%,9.734927234927234,29.745915460201182
CNT/CB single layer,60%,9.737525987525988,28.873771730914616
CNT/CB single layer,60%,9.74012474012474,28.03069945927091
CNT/CB single layer,60%,9.742723492723492,27.158555729984325
CNT/CB single layer,60%,9.745322245322246,26.402697831269283
CNT/CB single layer,60%,9.747920997920998,25.617768474911344
CNT/CB single layer,60%,9.75051975051975,24.978196406767854
CNT/CB single layer,60%,9.753118503118504,23.350194778766227
CNT/CB single layer,60%,9.755717255717256,22.536193964765406
CNT/CB single layer,60%,9.758316008316008,21.518692947264388
CNT/CB single layer,60%,9.760914760914762,20.704692133263585
CNT/CB single layer,60%,9.763513513513514,19.716262573405448
CNT/CB single layer,60%,9.766112266112266,19.10576196290484
CNT/CB single layer,60%,9.76871101871102,18.408046979475564
CNT/CB single layer,60%,9.77130977130977,17.710331996046293
CNT/CB single layer,60%,9.773908523908524,16.954474097331254
CNT/CB single layer,60%,9.776507276507276,16.285830571544878
CNT/CB single layer,60%,9.779106029106028,15.704401418687155
CNT/CB single layer,60%,9.781704781704782,15.09390080818653
CNT/CB single layer,60%,9.784303534303534,14.483400197685922
CNT/CB single layer,60%,9.786902286902286,14.076399790685528
CNT/CB single layer,60%,9.78950103950104,13.611256468399336
CNT/CB single layer,60%,9.792099792099792,13.146113146113159
CNT/CB single layer,60%,9.794698544698544,12.739112739112748
CNT/CB single layer,60%,9.797297297297298,12.39025524739812
CNT/CB single layer,60%,9.799896049896049,12.012326298040591
CNT/CB single layer,60%,9.802494802494802,11.692540263968846
CNT/CB single layer,60%,9.805093555093556,11.22739694168267
CNT/CB single layer,60%,9.807692307692307,10.878539449968041
CNT/CB single layer,60%,9.81029106029106,10.616896331182062
CNT/CB single layer,60%,9.812889812889813,10.3261817547532
CNT/CB single layer,60%,9.815488565488565,10.064538635967219
CNT/CB single layer,60%,9.818087318087318,9.715681144252592
CNT/CB single layer,60%,9.82068607068607,9.483109483109494
CNT/CB single layer,60%,9.823284823284823,9.250537821966414
CNT/CB single layer,60%,9.825883575883577,8.988894703180437
CNT/CB single layer,60%,9.828482328482329,8.640037211465792
CNT/CB single layer,60%,9.83108108108108,8.203965346822498
CNT/CB single layer,60%,9.833679833679835,7.913250770393635
CNT/CB single layer,60%,9.836278586278587,7.680679109250555
CNT/CB single layer,60%,9.838877338877339,7.477178905750341
CNT/CB single layer,60%,9.84147609147609,7.128321414035713
CNT/CB single layer,60%,9.844074844074845,6.924821210535516
CNT/CB single layer,60%,9.846673596673597,6.750392464678201
CNT/CB single layer,60%,9.84927234927235,6.546892261177987
CNT/CB single layer,60%,9.851871101871101,6.372463515320674
CNT/CB single layer,60%,9.854469854469855,6.227106227106242
CNT/CB single layer,60%,9.857068607068607,6.052677481248928
CNT/CB single layer,60%,9.859667359667359,5.849177277748715
CNT/CB single layer,60%,9.862266112266113,5.645677074248518
CNT/CB single layer,60%,9.864864864864865,5.4421768707483205
CNT/CB single layer,60%,9.867463617463617,5.209605209605224
CNT/CB single layer,60%,9.87006237006237,4.918890633176361
CNT/CB single layer,60%,9.872661122661123,4.773533344961931
CNT/CB single layer,60%,9.875259875259875,4.511890226175951
CNT/CB single layer,60%,9.877858627858629,4.366532937961519
CNT/CB single layer,60%,9.88045738045738,4.221175649747089
CNT/CB single layer,60%,9.883056133056133,4.046746903889774
CNT/CB single layer,60%,9.885654885654887,3.9013896156753427
CNT/CB single layer,60%,9.888253638253637,3.7851037851037947
CNT/CB single layer,60%,9.890852390852391,3.6397464968893636
CNT/CB single layer,60%,9.893451143451143,3.523460666317831
CNT/CB single layer,60%,9.896049896049895,3.319960462817618
CNT/CB single layer,60%,9.89864864864865,3.20367463224607
CNT/CB single layer,60%,9.901247401247401,3.0873888016745377
CNT/CB single layer,60%,9.903846153846153,2.9711029711029897
CNT/CB single layer,60%,9.906444906444907,2.9129600558172073
CNT/CB single layer,60%,9.90904365904366,2.7966742252456753
CNT/CB single layer,60%,9.911642411642411,2.6803883946741274
CNT/CB single layer,60%,9.914241164241165,2.505959648816813
CNT/CB single layer,60%,9.916839916839917,2.3896738182452646
CNT/CB single layer,60%,9.91943866943867,2.2443165300308334
CNT/CB single layer,60%,9.922037422037421,2.1861736147450515
CNT/CB single layer,60%,9.924636174636174,2.0698877841735195
CNT/CB single layer,60%,9.927234927234927,1.9826734112448543
CNT/CB single layer,60%,9.929833679833681,1.924530495959088
CNT/CB single layer,60%,9.932432432432432,1.866387580673306
CNT/CB single layer,60%,9.935031185031185,1.7791732077446567
CNT/CB single layer,60%,9.937629937629938,1.6338159195302255
CNT/CB single layer,60%,9.94022869022869,1.6047444618873266
CNT/CB single layer,60%,9.942827442827443,1.4593871736728954
CNT/CB single layer,60%,9.945426195426196,1.314029885458464
CNT/CB single layer,60%,9.948024948024948,1.226815512529815
CNT/CB single layer,60%,9.950623700623701,1.1686725972440328
CNT/CB single layer,60%,9.953222453222454,1.0814582243153836
CNT/CB single layer,60%,9.955821205821206,0.9070294784580695
CNT/CB single layer,60%,9.95841995841996,0.7907436478865213
CNT/CB single layer,60%,9.96101871101871,0.6744578173149731
CNT/CB single layer,60%,9.963617463617464,0.6453863596720901
CNT/CB single layer,60%,9.966216216216216,0.529100529100542
CNT/CB single layer,60%,9.968814968814968,0.4709576138147759
CNT/CB single layer,60%,9.971413721413722,0.38374324088611067
CNT/CB single layer,60%,9.974012474012474,0.3256003256003447
CNT/CB single layer,60%,9.976611226611226,0.23838595267167947
CNT/CB single layer,60%,9.97920997920998,0.18024303738591343
CNT/CB single layer,60%,9.981808731808732,0.12210012210013127
CNT/CB single layer,60%,9.984407484407484,0.06395720681436523
CNT/CB single layer,60%,9.987006237006238,0.0058142915285830585
CNT/CB single layer,60%,9.98960498960499,0.0
CNT/CB single layer,60%,9.992203742203742,0.0
CNT/CB single layer,60%,9.994802494802496,0.0
CNT/CB single layer,60%,9.997401247401248,0.0
CNT/CB single layer,60%,10.0,0.0
CNT/CB single layer,100%,10.0,0.0
CNT/CB single layer,100%,10.008,0.07153075822602932
CNT/CB single layer,100%,10.016,0.7153075822603726
CNT/CB single layer,100%,10.024,2.432045779685255
CNT/CB single layer,100%,10.032,6.330472103004289
CNT/CB single layer,100%,10.04,10.479256080114446
CNT/CB single layer,100%,10.048,19.849785407725317
CNT/CB single layer,100%,10.056,22.210300429184542
CNT/CB single layer,100%,10.064,24.678111587982833
CNT/CB single layer,100%,10.072,27.03862660944206
CNT/CB single layer,100%,10.08,29.756795422031466
CNT/CB single layer,100%,10.088,32.43919885550787
CNT/CB single layer,100%,10.096,35.4077253218884
CNT/CB single layer,100%,10.104,38.304721030042906
CNT/CB single layer,100%,10.112,54.971387696709584
CNT/CB single layer,100%,10.12,60.26466380543633
CNT/CB single layer,100%,10.128,73.24749642346208
CNT/CB single layer,100%,10.136,92.77539341917024
CNT/CB single layer,100%,10.144,98.06866952789697
CNT/CB single layer,100%,10.152,104.39914163090127
CNT/CB single layer,100%,10.16,110.90844062947068
CNT/CB single layer,100%,10.168,119.84978540772534
CNT/CB single layer,100%,10.176,142.66809728183117
CNT/CB single layer,100%,10.184,172.10300429184548
CNT/CB single layer,100%,10.192,180.50786838340483
CNT/CB single layer,100%,10.2,189.9141630901287
CNT/CB single layer,100%,10.208,199.39198855507863
CNT/CB single layer,100%,10.216,219.99284692417737
CNT/CB single layer,100%,10.224,255.32904148783976
CNT/CB single layer,100%,10.232,266.1659513590844
CNT/CB single layer,100%,10.24,276.4306151645207
CNT/CB single layer,100%,10.248,287.6251788268956
CNT/CB single layer,100%,10.256,296.1731044349069
CNT/CB single layer,100%,10.264,309.9785407725322
CNT/CB single layer,100%,10.272,322.03147353361936
CNT/CB single layer,100%,10.28,332.689556509299
CNT/CB single layer,100%,10.288,344.420600858369
CNT/CB single layer,100%,10.296,357.29613733905575
CNT/CB single layer,100%,10.304,369.0629470672389
CNT/CB single layer,100%,10.312,382.83261802575106
CNT/CB single layer,100%,10.32,397.5679542203147
CNT/CB single layer,100%,10.328,410.7296137339056
CNT/CB single layer,100%,10.336,425.9298998569384
CNT/CB single layer,100%,10.344,436.3733905579399
CNT/CB single layer,100%,10.352,467.6323319027181
CNT/CB single layer,100%,10.36,501.1444921316166
CNT/CB single layer,100%,10.368,512.4105865522174
CNT/CB single layer,100%,10.376,524.928469241774
CNT/CB single layer,100%,10.384,551.7167381974249
CNT/CB single layer,100%,10.392,576.8240343347638
CNT/CB single layer,100%,10.4,586.8741058655221
CNT/CB single layer,100%,10.408,599.4992846924176
CNT/CB single layer,100%,10.416,608.4048640915593
CNT/CB single layer,100%,10.424,625.071530758226
CNT/CB single layer,100%,10.432,639.9856938483548
CNT/CB single layer,100%,10.44,646.5665236051502
CNT/CB single layer,100%,10.448,642.9899856938482
CNT/CB single layer,100%,10.456,639.2346208869812
CNT/CB single layer,100%,10.464,635.1931330472103
CNT/CB single layer,100%,10.472,632.2603719599427
CNT/CB single layer,100%,10.48,622.3533619456365
CNT/CB single layer,100%,10.488,611.3376251788268
CNT/CB single layer,100%,10.496,606.8311874105865
CNT/CB single layer,100%,10.504,587.5894134477825
CNT/CB single layer,100%,10.512,567.5250357653791
CNT/CB single layer,100%,10.52,562.4463519313305
CNT/CB single layer,100%,10.528,557.1888412017166
CNT/CB single layer,100%,10.536,541.9170243204578
CNT/CB single layer,100%,10.544,521.7453505007153
CNT/CB single layer,100%,10.552,495.9585121602288
CNT/CB single layer,100%,10.56,475.28612303290413
CNT/CB single layer,100%,10.568,465.41487839771094
CNT/CB single layer,100%,10.576,457.4391988555078
CNT/CB single layer,100%,10.584,445.2789699570815
CNT/CB single layer,100%,10.592,432.832618025751
CNT/CB single layer,100%,10.6,420.60085836909866
CNT/CB single layer,100%,10.608,370.42203147353354
CNT/CB single layer,100%,10.616,348.7839771101573
CNT/CB single layer,100%,10.624,316.1659513590843
CNT/CB single layer,100%,10.632,289.91416309012874
CNT/CB single layer,100%,10.64,261.37339055793984
CNT/CB single layer,100%,10.648,227.21745350500714
CNT/CB single layer,100%,10.656,218.88412017167377
CNT/CB single layer,100%,10.664,209.8354792560801
CNT/CB single layer,100%,10.672,201.50214592274676
CNT/CB single layer,100%,10.68,188.555078683834
CNT/CB single layer,100%,10.688,180.04291845493563
CNT/CB single layer,100%,10.696,158.0829756795422
CNT/CB single layer,100%,10.704,140.73676680972818
CNT/CB single layer,100%,10.712,134.1917024320458
CNT/CB single layer,100%,10.72,127.86123032904146
CNT/CB single layer,100%,10.728,108.1545064377682
CNT/CB single layer,100%,10.736,87.51788268955649
CNT/CB single layer,100%,10.744,83.3333333333333
CNT/CB single layer,100%,10.752,77.39628040057224
CNT/CB single layer,100%,10.76,72.99713876967095
CNT/CB single layer,100%,10.768,69.20600858369099
CNT/CB single layer,100%,10.776,59.12017167381974
CNT/CB single layer,100%,10.784,54.14878397711015
CNT/CB single layer,100%,10.792,51.108726752503564
CNT/CB single layer,100%,10.8,48.283261802575105
CNT/CB single layer,100%,10.808,45.636623748211726
CNT/CB single layer,100%,10.816,41.666666666666664
CNT/CB single layer,100%,10.824,39.48497854077253
CNT/CB single layer,100%,10.832,37.195994277539334
CNT/CB single layer,100%,10.84,34.942775393419176
CNT/CB single layer,100%,10.848,32.582260371959926
CNT/CB single layer,100%,10.856,30.50786838340486
CNT/CB single layer,100%,10.864,25.393419170243202
CNT/CB single layer,100%,10.872,19.349070100143052
CNT/CB single layer,100%,10.879999999999999,17.024320457796843
CNT/CB single layer,100%,10.888,15.486409155937054
CNT/CB single layer,100%,10.896,13.912732474964232
CNT/CB single layer,100%,10.904,12.768240343347642
CNT/CB single layer,100%,10.912,9.406294706723887
CNT/CB single layer,100%,10.92,6.509298998569382
CNT/CB single layer,100%,10.928,5.472103004291838
CNT/CB single layer,100%,10.936,5.32904148783976
CNT/CB single layer,100%,10.943999999999999,4.5064377682403425
CNT/CB single layer,100%,10.952,2.0386266094420535
CNT/CB single layer,100%,10.96,0.5722460658082941
CNT/CB single layer,100%,10.968,0.03576537911301466
CNT/CB single layer,100%,10.976,0.0
CNT/CB single layer,100%,10.984,0.0
CNT/CB single layer,100%,10.992,0.6437768240343233
CNT/CB single layer,100%,11.0,1.3233190271816813
CNT/CB single layer,100%,11.008,0.0
CNT/CB single layer,100%,11.016,0.0
CNT/CB single layer,100%,11.024000000000001,0.5007153075822648
CNT/CB single layer,100%,11.032,1.1444921316165881
CNT/CB single layer,100%,11.04,3.0042918454935488
CNT/CB single layer,100%,11.048,7.832618025751064
CNT/CB single layer,100%,11.056000000000001,9.72818311874106
CNT/CB single layer,100%,11.064,11.409155937052926
CNT/CB single layer,100%,11.072,16.022889842632335
CNT/CB single layer,100%,11.08,23.211731044349055
CNT/CB single layer,100%,11.088,26.466380543633765
CNT/CB single layer,100%,11.096,34.79971387696709
CNT/CB single layer,100%,11.104,41.022889842632324
CNT/CB single layer,100%,11.112,43.95565092989986
CNT/CB single layer,100%,11.120000000000001,47.78254649499284
CNT/CB single layer,100%,11.128,69.34907010014304
CNT/CB single layer,100%,11.136,74.39198855507867
CNT/CB single layer,100%,11.144,87.73247496423463
CNT/CB single layer,100%,11.152,101.07296137339057
CNT/CB single layer,100%,11.16,107.40343347639482
CNT/CB single layer,100%,11.168,117.09585121602287
CNT/CB single layer,100%,11.176,124.2489270386266
CNT/CB single layer,100%,11.184000000000001,144.34907010014305
CNT/CB single layer,100%,11.192,169.241773962804
CNT/CB single layer,100%,11.2,181.86695278969955
CNT/CB single layer,100%,11.208,190.48640915593703
CNT/CB single layer,100%,11.216,199.57081545064378
CNT/CB single layer,100%,11.224,211.65951359084403
CNT/CB single layer,100%,11.232,223.6766809728183
CNT/CB single layer,100%,11.24,233.65522174535047
CNT/CB single layer,100%,11.248,244.0987124463519
CNT/CB single layer,100%,11.256,254.00572246065803
CNT/CB single layer,100%,11.264,264.9141630901287
CNT/CB single layer,100%,11.272,279.11301859799715
CNT/CB single layer,100%,11.28,291.2732474964235
CNT/CB single layer,100%,11.288,303.50500715307584
CNT/CB single layer,100%,11.296,314.9856938483548
CNT/CB single layer,100%,11.304,333.4048640915593
CNT/CB single layer,100%,11.312,346.173104434907
CNT/CB single layer,100%,11.32,360.6580829756795
CNT/CB single layer,100%,11.328,373.4620886981402
CNT/CB single layer,100%,11.336,384.763948497854
CNT/CB single layer,100%,11.344,396.70958512160223
CNT/CB single layer,100%,11.352,408.4048640915594
CNT/CB single layer,100%,11.36,420.7796852646638
CNT/CB single layer,100%,11.368,434.0844062947067
CNT/CB single layer,100%,11.376,478.7195994277539
CNT/CB single layer,100%,11.384,490.7367668097281
CNT/CB single layer,100%,11.392,503.68383404864085
CNT/CB single layer,100%,11.4,516.3090128755364
CNT/CB single layer,100%,11.408,526.7167381974249
CNT/CB single layer,100%,11.416,536.3376251788268
CNT/CB single layer,100%,11.424,546.2446351931329
CNT/CB single layer,100%,11.432,567.5250357653791
CNT/CB single layer,100%,11.44,597.0314735336194
CNT/CB single layer,100%,11.448,605.5793991416308
CNT/CB single layer,100%,11.456,617.7396280400571
CNT/CB single layer,100%,11.464,626.4306151645206
CNT/CB single layer,100%,11.472,646.244635193133
CNT/CB single layer,100%,11.48,634.4062947067238
CNT/CB single layer,100%,11.488,631.2231759656653
CNT/CB single layer,100%,11.496,622.2460658082975
CNT/CB single layer,100%,11.504,609.620886981402
CNT/CB single layer,100%,11.512,603.5407725321888
CNT/CB single layer,100%,11.52,588.590844062947
CNT/CB single layer,100%,11.528,583.4763948497854
CNT/CB single layer,100%,11.536,578.7195994277538
CNT/CB single layer,100%,11.544,573.7482117310442
CNT/CB single layer,100%,11.552,569.6351931330472
CNT/CB single layer,100%,11.56,563.8412017167382
CNT/CB single layer,100%,11.568,552.6824034334763
CNT/CB single layer,100%,11.576,534.5493562231759
CNT/CB single layer,100%,11.584,514.6280400572246
CNT/CB single layer,100%,11.592,486.33762517882684
CNT/CB single layer,100%,11.6,478.3619456366237
CNT/CB single layer,100%,11.608,469.3848354792561
CNT/CB single layer,100%,11.616,413.3047210300429
CNT/CB single layer,100%,11.624,401.1444921316166
CNT/CB single layer,100%,11.632,388.0901287553648
CNT/CB single layer,100%,11.64,376.6452074391988
CNT/CB single layer,100%,11.648,366.27324749642344
CNT/CB single layer,100%,11.656,355.6866952789699
CNT/CB single layer,100%,11.664,343.84835479256077
CNT/CB single layer,100%,11.672,331.33047210300424
CNT/CB single layer,100%,11.68,302.0743919885551
CNT/CB single layer,100%,11.688,264.27038626609436
CNT/CB single layer,100%,11.696,253.898426323319
CNT/CB single layer,100%,11.704,227.1816881258941
CNT/CB single layer,100%,11.712,195.49356223175965
CNT/CB single layer,100%,11.719999999999999,186.480686695279
CNT/CB single layer,100%,11.728,178.18311874105865
CNT/CB single layer,100%,11.736,169.99284692417737
CNT/CB single layer,100%,11.744,162.26752503576535
CNT/CB single layer,100%,11.752,141.80972818311875
CNT/CB single layer,100%,11.76,120.52932761087267
CNT/CB single layer,100%,11.768,114.59227467811158
CNT/CB single layer,100%,11.776,106.50929899856938
CNT/CB single layer,100%,11.784,100.71530758226037
CNT/CB single layer,100%,11.792,95.06437768240342
CNT/CB single layer,100%,11.8,82.61802575107296
CNT/CB single layer,100%,11.808,67.95422031473534
CNT/CB single layer,100%,11.816,63.984263233190276
CNT/CB single layer,100%,11.824,60.83690987124463
CNT/CB single layer,100%,11.832,57.582260371959926
CNT/CB single layer,100%,11.84,47.031473533619454
CNT/CB single layer,100%,11.847999999999999,39.12732474964235
CNT/CB single layer,100%,11.856,36.73104434907009
CNT/CB single layer,100%,11.864,34.549356223175955
CNT/CB single layer,100%,11.872,31.652360515021442
CNT/CB single layer,100%,11.879999999999999,29.756795422031466
CNT/CB single layer,100%,11.888,27.360515021459232
CNT/CB single layer,100%,11.896,25.536480686695263
CNT/CB single layer,100%,11.904,23.71244635193132
CNT/CB single layer,100%,11.912,20.958512160228892
CNT/CB single layer,100%,11.92,19.24177396280399
CNT/CB single layer,100%,11.928,14.842632331902712
CNT/CB single layer,100%,11.936,10.51502145922746
CNT/CB single layer,100%,11.943999999999999,9.513590844062952
CNT/CB single layer,100%,11.952,8.297567954220314
CNT/CB single layer,100%,11.96,7.296137339055784
CNT/CB single layer,100%,11.968,5.185979971387681
CNT/CB single layer,100%,11.975999999999999,2.682403433476397
CNT/CB single layer,100%,11.984,2.432045779685255
CNT/CB single layer,100%,11.992,0.8226037195994166
CNT/CB single layer,100%,12.0,0.6437768240343233
CNT/CB single layer,100%,12.008,1.0014306151645096
CNT/CB single layer,100%,12.016,0.7868383404864019
CNT/CB single layer,100%,12.024000000000001,0.3218884120171716
CNT/CB single layer,100%,12.032,0.10729613733904397
CNT/CB single layer,100%,12.04,0.0
CNT/CB single layer,100%,12.048,1.2875536480686667
CNT/CB single layer,100%,12.056000000000001,2.3605150214592254
CNT/CB single layer,100%,12.064,2.7896995708154413
CNT/CB single layer,100%,12.072,4.32761087267525
CNT/CB single layer,100%,12.08,9.65665236051501
CNT/CB single layer,100%,12.088000000000001,14.735336194563647
CNT/CB single layer,100%,12.096,19.992846924177396
CNT/CB single layer,100%,12.104,29.148783977110142
CNT/CB single layer,100%,12.112,31.723891273247496
CNT/CB single layer,100%,12.120000000000001,34.37052932761086
CNT/CB single layer,100%,12.128,37.5178826895565
CNT/CB single layer,100%,12.136,46.030042918454924
CNT/CB single layer,100%,12.144,52.82546494992847
CNT/CB single layer,100%,12.152000000000001,57.439198855507854
CNT/CB single layer,100%,12.16,61.08726752503576
CNT/CB single layer,100%,12.168,68.09728183118739
CNT/CB single layer,100%,12.176,73.14020028612302
CNT/CB single layer,100%,12.184000000000001,78.862660944206
CNT/CB single layer,100%,12.192,83.94134477825463
CNT/CB single layer,100%,12.2,89.02002861230326
CNT/CB single layer,100%,12.208,95.42203147353361
CNT/CB single layer,100%,12.216,101.57367668097281
CNT/CB single layer,100%,12.224,106.83118741058655
CNT/CB single layer,100%,12.232,114.55650929899855
CNT/CB single layer,100%,12.24,121.35193133047208
CNT/CB single layer,100%,12.248000000000001,145.8154506437768
CNT/CB single layer,100%,12.256,173.03290414878396
CNT/CB single layer,100%,12.264,181.79542203147352
CNT/CB single layer,100%,12.272,191.63090128755366
CNT/CB single layer,100%,12.280000000000001,215.23605150214587
CNT/CB single layer,100%,12.288,239.6995708154506
CNT/CB single layer,100%,12.296,269.45636623748203
CNT/CB single layer,100%,12.304,298.06866952789693
CNT/CB single layer,100%,12.312,309.65665236051495
CNT/CB single layer,100%,12.32,321.280400572246
CNT/CB single layer,100%,12.328,333.3690987124463
CNT/CB single layer,100%,12.336,345.4577968526466
CNT/CB single layer,100%,12.344,383.2260371959942
CNT/CB single layer,100%,12.352,395.8154506437768
CNT/CB single layer,100%,12.36,408.4763948497853
CNT/CB single layer,100%,12.368,421.85264663805435
CNT/CB single layer,100%,12.376,434.3705293276108
CNT/CB single layer,100%,12.384,446.0658082975679
CNT/CB single layer,100%,12.392,457.796852646638
CNT/CB single layer,100%,12.4,489.59227467811155
CNT/CB single layer,100%,12.408,517.2031473533619
CNT/CB single layer,100%,12.416,526.0729613733905
CNT/CB single layer,100%,12.424,540.8082975679542
CNT/CB single layer,100%,12.432,566.8454935622317
CNT/CB single layer,100%,12.44,596.280400572246
CNT/CB single layer,100%,12.448,604.4706723891272
CNT/CB single layer,100%,12.456,622.3175965665237
CNT/CB single layer,100%,12.464,632.5107296137338
CNT/CB single layer,100%,12.472,642.7396280400571
CNT/CB single layer,100%,12.48,651.6452074391988
CNT/CB single layer,100%,12.488,648.8912732474964
CNT/CB single layer,100%,12.496,636.4449213161658
CNT/CB single layer,100%,12.504,626.7167381974248
CNT/CB single layer,100%,12.512,622.9613733905578
CNT/CB single layer,100%,12.52,616.6309012875536
CNT/CB single layer,100%,12.528,611.516452074392
CNT/CB single layer,100%,12.536,603.4334763948498
CNT/CB single layer,100%,12.544,586.4091559370529
CNT/CB single layer,100%,12.552,573.319027181688
CNT/CB single layer,100%,12.56,567.3104434907009
CNT/CB single layer,100%,12.568,555.5436337625177
CNT/CB single layer,100%,12.576,534.8712446351931
CNT/CB single layer,100%,12.584,526.6452074391988
CNT/CB single layer,100%,12.591999999999999,518.1688125894134
CNT/CB single layer,100%,12.6,492.34620886981395
CNT/CB single layer,100%,12.608,467.5608011444921
CNT/CB single layer,100%,12.616,458.29756795422026
CNT/CB single layer,100%,12.624,451.35908440629464
CNT/CB single layer,100%,12.632,437.66094420600854
CNT/CB single layer,100%,12.64,424.8927038626609
CNT/CB single layer,100%,12.648,373.7482117310443
CNT/CB single layer,100%,12.656,359.4778254649499
CNT/CB single layer,100%,12.664,327.074391988555
CNT/CB single layer,100%,12.672,289.98569384835474
CNT/CB single layer,100%,12.68,279.29184549356216
CNT/CB single layer,100%,12.687999999999999,268.13304721030045
CNT/CB single layer,100%,12.696,258.22603719599425
CNT/CB single layer,100%,12.704,225.0
CNT/CB single layer,100%,12.712,210.8369098712446
CNT/CB single layer,100%,12.72,202.89699570815446
CNT/CB single layer,100%,12.728,193.70529327610876
CNT/CB single layer,100%,12.736,185.12160228898426
CNT/CB single layer,100%,12.744,160.76537911301858
CNT/CB single layer,100%,12.751999999999999,141.80972818311875
CNT/CB single layer,100%,12.76,135.0143061516452
CNT/CB single layer,100%,12.768,118.20457796852644
CNT/CB single layer,100%,12.776,96.49499284692416
CNT/CB single layer,100%,12.783999999999999,91.63090128755366
CNT/CB single layer,100%,12.792,86.7310443490701
CNT/CB single layer,100%,12.8,81.83118741058652
CNT/CB single layer,100%,12.808,77.18168812589413
CNT/CB single layer,100%,12.816,72.74678111587981
CNT/CB single layer,100%,12.824,68.41917024320456
CNT/CB single layer,100%,12.832,65.16452074391988
CNT/CB single layer,100%,12.84,61.909871244635184
CNT/CB single layer,100%,12.847999999999999,58.72675250357652
CNT/CB single layer,100%,12.856,44.52789699570815
CNT/CB single layer,100%,12.864,40.27181688125893
CNT/CB single layer,100%,12.872,37.696709585121596
CNT/CB single layer,100%,12.879999999999999,35.443490701001416
CNT/CB single layer,100%,12.888,32.22460658082974
CNT/CB single layer,100%,12.896,26.394849785407715
CNT/CB single layer,100%,12.904,19.778254649499267
CNT/CB single layer,100%,12.911999999999999,18.347639484978544
CNT/CB single layer,100%,12.92,16.77396280400572
CNT/CB single layer,100%,12.928,15.092989985693833
CNT/CB single layer,100%,12.936,12.44635193133047
CNT/CB single layer,100%,12.943999999999999,8.19027181688125
CNT/CB single layer,100%,12.952,5.7224606580829604
CNT/CB single layer,100%,12.96,3.433476394849784
CNT/CB single layer,100%,12.968,2.8612303290414904
CNT/CB single layer,100%,12.975999999999999,1.0371959942775244
CNT/CB single layer,100%,12.984,0.0
CNT/CB single layer,100%,12.992,0.4649499284692302
CNT/CB single layer,100%,13.0,1.2160228898426173
CNT/CB single layer,100%,13.008,0.0
CNT/CB single layer,100%,13.016,0.17882689556509315
CNT/CB single layer,100%,13.024000000000001,0.6437768240343233
CNT/CB single layer,100%,13.032,1.0014306151645096
CNT/CB single layer,100%,13.04,3.1115879828326127
CNT/CB single layer,100%,13.048,7.5464949928469265
CNT/CB single layer,100%,13.056000000000001,9.155937052932765
CNT/CB single layer,100%,13.064,10.908440629470661
CNT/CB single layer,100%,13.072,12.58941344778255
CNT/CB single layer,100%,13.08,14.413447782546495
CNT/CB single layer,100%,13.088000000000001,20.7796852646638
CNT/CB single layer,100%,13.096,26.71673819742489
CNT/CB single layer,100%,13.104,29.22031473533619
CNT/CB single layer,100%,13.112,31.9384835479256
CNT/CB single layer,100%,13.120000000000001,45.31473533619456
CNT/CB single layer,100%,13.128,50.071530758226025
CNT/CB single layer,100%,13.136,54.542203147353355
CNT/CB single layer,100%,13.144,65.55793991416307
CNT/CB single layer,100%,13.152,84.01287553648066
CNT/CB single layer,100%,13.16,89.16309012875536
CNT/CB single layer,100%,13.168,94.56366237482118
CNT/CB single layer,100%,13.176,99.10586552217453
CNT/CB single layer,100%,13.184000000000001,106.36623748211728
CNT/CB single layer,100%,13.192,123.3190271816881
CNT/CB single layer,100%,13.2,152.3247496423462
CNT/CB single layer,100%,13.208,160.76537911301858
CNT/CB single layer,100%,13.216000000000001,169.74248927038624
CNT/CB single layer,100%,13.224,194.02718168812586
CNT/CB single layer,100%,13.232,221.67381974248923
CNT/CB single layer,100%,13.24,248.96280400572243
CNT/CB single layer,100%,13.248,286.19456366237483
CNT/CB single layer,100%,13.256,299.964234620887
CNT/CB single layer,100%,13.264,311.69527896995703
CNT/CB single layer,100%,13.272,343.16881258941345
CNT/CB single layer,100%,13.280000000000001,382.83261802575106
CNT/CB single layer,100%,13.288,395.8154506437768
CNT/CB single layer,100%,13.296,407.90414878397706
CNT/CB single layer,100%,13.304,419.7782546494993
CNT/CB single layer,100%,13.312,432.72532188841194
CNT/CB single layer,100%,13.32,446.8168812589413
CNT/CB single layer,100%,13.328,456.83118741058644
CNT/CB single layer,100%,13.336,467.45350500715307
CNT/CB single layer,100%,13.344,477.25321888412014
CNT/CB single layer,100%,13.352,488.62660944206004
CNT/CB single layer,100%,13.36,502.2174535050071
CNT/CB single layer,100%,13.368,510.8369098712446
CNT/CB single layer,100%,13.376000000000001,520.2074391988555
CNT/CB single layer,100%,13.384,530.3290414878397
CNT/CB single layer,100%,13.392,546.1015736766809
CNT/CB single layer,100%,13.4,557.0815450643776
CNT/CB single layer,100%,13.408,576.4663805436337
CNT/CB single layer,100%,13.416,583.2618025751073
CNT/CB single layer,100%,13.424,592.2389127324749
CNT/CB single layer,100%,13.432,601.6809728183117
CNT/CB single layer,100%,13.44,609.4778254649499
CNT/CB single layer,100%,13.448,634.5493562231758
CNT/CB single layer,100%,13.456,648.3905579399141
CNT/CB single layer,100%,13.464,645.5650929899856
CNT/CB single layer,100%,13.472,637.9828326180258
CNT/CB single layer,100%,13.48,634.0128755364806
CNT/CB single layer,100%,13.488,631.4020028612302
CNT/CB single layer,100%,13.496,623.8912732474963
CNT/CB single layer,100%,13.504,617.4892703862661
CNT/CB single layer,100%,13.512,610.5507868383404
CNT/CB single layer,100%,13.52,601.8597997138769
CNT/CB single layer,100%,13.528,570.7796852646637
CNT/CB single layer,100%,13.536000000000001,566.0586552217453
CNT/CB single layer,100%,13.544,562.8040057224606
CNT/CB single layer,100%,13.552,559.513590844063
CNT/CB single layer,100%,13.559999999999999,541.2374821173104
CNT/CB single layer,100%,13.568,533.7267525035764
CNT/CB single layer,100%,13.576,525.035765379113
CNT/CB single layer,100%,13.584,500.035765379113
CNT/CB single layer,100%,13.592,476.71673819742483
CNT/CB single layer,100%,13.6,467.70386266094414
CNT/CB single layer,100%,13.608,456.9384835479255
CNT/CB single layer,100%,13.616,426.18025751072963
CNT/CB single layer,100%,13.624,381.1874105865522
CNT/CB single layer,100%,13.632,371.3876967095851
CNT/CB single layer,100%,13.64,356.75965665236043
CNT/CB single layer,100%,13.648,325.35765379113013
CNT/CB single layer,100%,13.655999999999999,280.61516452074386
CNT/CB single layer,100%,13.664,269.45636623748203
CNT/CB single layer,100%,13.672,259.90701001430614
CNT/CB single layer,100%,13.68,251.5021459227468
CNT/CB single layer,100%,13.688,227.25321888412014
CNT/CB single layer,100%,13.696,198.3190271816881
CNT/CB single layer,100%,13.704,190.2002861230329
CNT/CB single layer,100%,13.712,162.69670958512162
CNT/CB single layer,100%,13.719999999999999,144.56366237482115
CNT/CB single layer,100%,13.728,137.3748211731044
CNT/CB single layer,100%,13.736,129.04148783977107
CNT/CB single layer,100%,13.744,110.22889842632331
CNT/CB single layer,100%,13.751999999999999,92.45350500715307
CNT/CB single layer,100%,13.76,87.98283261802572
CNT/CB single layer,100%,13.768,82.86838340486408
CNT/CB single layer,100%,13.776,78.54077253218883
CNT/CB single layer,100%,13.784,74.35622317596565
CNT/CB single layer,100%,13.792,70.0286123032904
CNT/CB single layer,100%,13.8,66.45207439198853
CNT/CB single layer,100%,13.808,62.195994277539334
CNT/CB single layer,100%,13.815999999999999,56.00858369098711
CNT/CB single layer,100%,13.824,52.53934191702431
CNT/CB single layer,100%,13.832,49.749642346208866
CNT/CB single layer,100%,13.84,46.81688125894133
CNT/CB single layer,100%,13.847999999999999,43.91988555078682
CNT/CB single layer,100%,13.856,41.022889842632324
CNT/CB single layer,100%,13.864,35.193133047210296
CNT/CB single layer,100%,13.872,26.895565092989983
CNT/CB single layer,100%,13.879999999999999,25.143061516452065
CNT/CB single layer,100%,13.888,19.885550786838333
CNT/CB single layer,100%,13.896,14.949928469241774
CNT/CB single layer,100%,13.904,11.838340486409143
CNT/CB single layer,100%,13.911999999999999,8.619456366237484
CNT/CB single layer,100%,13.92,7.439198855507863
CNT/CB single layer,100%,13.928,6.258941344778241
CNT/CB single layer,100%,13.936,5.436337625178823
CNT/CB single layer,100%,13.943999999999999,4.899856938483544
CNT/CB single layer,100%,13.952,3.576537911301863
CNT/CB single layer,100%,13.96,2.8254649499284556
CNT/CB single layer,100%,13.968,2.217453505007147
CNT/CB single layer,100%,13.975999999999999,1.251788268955652
CNT/CB single layer,100%,13.984,0.679542203147338
CNT/CB single layer,100%,13.992,0.25035765379112246
CNT/CB single layer,100%,14.0,0.0
CNT/CB single layer,100%,14.008,0.03576537911301466
CNT/CB single layer,100%,14.016,0.6437768240343233
CNT/CB single layer,100%,14.024000000000001,0.8583690987124313
CNT/CB single layer,100%,14.032,0.8583690987124313
CNT/CB single layer,100%,14.04,0.0
CNT/CB single layer,100%,14.048,0.14306151645207849
CNT/CB single layer,100%,14.056000000000001,0.0
CNT/CB single layer,100%,14.064,0.4649499284692302
CNT/CB single layer,100%,14.072,3.290414878397706
CNT/CB single layer,100%,14.08,4.613733905579387
CNT/CB single layer,100%,14.088000000000001,5.972818311874103
CNT/CB single layer,100%,14.096,7.439198855507863
CNT/CB single layer,100%,14.104,8.941344778254637
CNT/CB single layer,100%,14.112,13.340486409155936
CNT/CB single layer,100%,14.120000000000001,19.921316165951346
CNT/CB single layer,100%,14.128,22.210300429184542
CNT/CB single layer,100%,14.136,28.612303290414864
CNT/CB single layer,100%,14.144,38.698140200286105
CNT/CB single layer,100%,14.152000000000001,47.56795422031473
CNT/CB single layer,100%,14.16,63.51931330472102
CNT/CB single layer,100%,14.168,68.52646638054362
CNT/CB single layer,100%,14.176,73.99856938483546
CNT/CB single layer,100%,14.184000000000001,79.43490701001431
CNT/CB single layer,100%,14.192,93.4549356223176
CNT/CB single layer,100%,14.2,114.66380543633761
CNT/CB single layer,100%,14.208,123.28326180257507
CNT/CB single layer,100%,14.216,131.18741058655218
CNT/CB single layer,100%,14.224,153.36194563662374
CNT/CB single layer,100%,14.232,167.5250357653791
CNT/CB single layer,100%,14.24,175.89413447782545
CNT/CB single layer,100%,14.248000000000001,185.26466380543633
CNT/CB single layer,100%,14.256,194.6351931330472
CNT/CB single layer,100%,14.264,203.11158798283265
CNT/CB single layer,100%,14.272,226.0729613733905
CNT/CB single layer,100%,14.280000000000001,258.11874105865525
CNT/CB single layer,100%,14.288,275.8941344778254
CNT/CB single layer,100%,14.296,287.37482117310435
CNT/CB single layer,100%,14.304,299.3919885550786
CNT/CB single layer,100%,14.312000000000001,312.1602288984263
CNT/CB single layer,100%,14.32,325.1788268955651
CNT/CB single layer,100%,14.328,334.4062947067238
CNT/CB single layer,100%,14.336,366.30901287553644
CNT/CB single layer,100%,14.344000000000001,404.4349070100143
CNT/CB single layer,100%,14.352,421.38769670958504
CNT/CB single layer,100%,14.36,433.79828326180257
CNT/CB single layer,100%,14.368,444.7067238912732
CNT/CB single layer,100%,14.376,472.7110157367667
CNT/CB single layer,100%,14.384,484.33476394849777
CNT/CB single layer,100%,14.392,499.92846924177394
CNT/CB single layer,100%,14.4,510.7296137339056
CNT/CB single layer,100%,14.408000000000001,520.7439198855507
CNT/CB single layer,100%,14.416,531.0443490701001
CNT/CB single layer,100%,14.424,560.8369098712445
CNT/CB single layer,100%,14.431999999999999,587.4821173104434
CNT/CB single layer,100%,14.440000000000001,611.0515021459227
CNT/CB single layer,100%,14.448,646.3519313304721
CNT/CB single layer,100%,14.456,646.9241773962804
CNT/CB single layer,100%,14.464,636.516452074392
CNT/CB single layer,100%,14.472,632.8683834048641
CNT/CB single layer,100%,14.48,628.1473533619455
CNT/CB single layer,100%,14.488,624.3204577968526
CNT/CB single layer,100%,14.496,607.1173104434907
CNT/CB single layer,100%,14.504000000000001,588.0901287553647
CNT/CB single layer,100%,14.512,581.5450643776824
CNT/CB single layer,100%,14.52,575.6795422031473
CNT/CB single layer,100%,14.527999999999999,562.4105865522174
CNT/CB single layer,100%,14.536,545.0643776824033
CNT/CB single layer,100%,14.544,537.9113018597997
CNT/CB single layer,100%,14.552,531.0443490701001
CNT/CB single layer,100%,14.56,524.7496423462087
CNT/CB single layer,100%,14.568,517.9899856938482
CNT/CB single layer,100%,14.576,489.0200286123033
CNT/CB single layer,100%,14.584,477.2889842632332
CNT/CB single layer,100%,14.591999999999999,464.4134477825465
CNT/CB single layer,100%,14.600000000000001,435.58655221745346
CNT/CB single layer,100%,14.608,401.9313304721029
CNT/CB single layer,100%,14.616,389.2346208869813
CNT/CB single layer,100%,14.623999999999999,377.64663805436334
CNT/CB single layer,100%,14.632,339.44921316165943
CNT/CB single layer,100%,14.64,303.4692417739628
CNT/CB single layer,100%,14.648,291.70243204577963
CNT/CB single layer,100%,14.656,261.87410586552215
CNT/CB single layer,100%,14.664,232.51072961373387
CNT/CB single layer,100%,14.672,223.89127324749637
CNT/CB single layer,100%,14.68,201.25178826895564
CNT/CB single layer,100%,14.687999999999999,172.96137339055792
CNT/CB single layer,100%,14.696,163.66237482117307
CNT/CB single layer,100%,14.704,155.65092989985692
CNT/CB single layer,100%,14.712,147.88984263233192
CNT/CB single layer,100%,14.719999999999999,129.6137339055794
CNT/CB single layer,100%,14.728,109.90701001430614
CNT/CB single layer,100%,14.736,103.93419170243206
CNT/CB single layer,100%,14.744,89.73533619456364
CNT/CB single layer,100%,14.751999999999999,75.67954220314735
CNT/CB single layer,100%,14.76,72.06723891273248
CNT/CB single layer,100%,14.768,68.20457796852646
CNT/CB single layer,100%,14.776,53.612303290414864
CNT/CB single layer,100%,14.783999999999999,48.10443490701001
CNT/CB single layer,100%,14.792,45.35050071530757
CNT/CB single layer,100%,14.8,43.09728183118741
CNT/CB single layer,100%,14.808,40.5937052932761
CNT/CB single layer,100%,14.815999999999999,34.549356223175955
CNT/CB single layer,100%,14.824,28.469241773962807
CNT/CB single layer,100%,14.832,26.573676680972806
CNT/CB single layer,100%,14.84,24.35622317596566
CNT/CB single layer,100%,14.847999999999999,22.675250357653795
CNT/CB single layer,100%,14.856,20.7796852646638
CNT/CB single layer,100%,14.864,19.027181688125882
CNT/CB single layer,100%,14.872,17.274678111587985
CNT/CB single layer,100%,14.879999999999999,15.879828326180254
CNT/CB single layer,100%,14.888,14.663805436337618
CNT/CB single layer,100%,14.896,13.340486409155936
CNT/CB single layer,100%,14.904,12.017167381974234
CNT/CB single layer,100%,14.911999999999999,10.622317596566525
CNT/CB single layer,100%,14.92,9.12017167381973
CNT/CB single layer,100%,14.928,7.904148783977112
CNT/CB single layer,100%,14.936,6.759656652360505
CNT/CB single layer,100%,14.943999999999999,5.686695278969946
CNT/CB single layer,100%,14.952,5.185979971387681
CNT/CB single layer,100%,14.96,3.862660944206
CNT/CB single layer,100%,14.968,3.075822603719598
CNT/CB single layer,100%,14.975999999999999,2.6466380543633625
CNT/CB single layer,100%,14.984,2.0743919885550683
CNT/CB single layer,100%,14.992,1.824034334763946
CNT/CB single layer,100%,15.0,0.0
CNT/CB-Ag dual layer,30%,0.0,0.0
CNT/CB-Ag dual layer,30%,0.02380952380952381,0.0
CNT/CB-Ag dual layer,30%,0.04761904761904762,69.87091458390555
CNT/CB-Ag dual layer,30%,0.07142857142857142,93.21614940950289
CNT/CB-Ag dual layer,30%,0.09523809523809525,140.59324361439164
CNT/CB-Ag dual layer,30%,0.11904761904761904,157.34688272452627
CNT/CB-Ag dual layer,30%,0.14285714285714285,171.6286734413623
CNT/CB-Ag dual layer,30%,0.16666666666666666,183.4386157648998
CNT/CB-Ag dual layer,30%,0.1904761904761905,194.28728371326562
CNT/CB-Ag dual layer,30%,0.2142857142857143,202.6641032683329
CNT/CB-Ag dual layer,30%,0.23809523809523808,228.61851139796764
CNT/CB-Ag dual layer,30%,0.2619047619047619,254.02361988464713
CNT/CB-Ag dual layer,30%,0.2857142857142857,258.69266684976657
CNT/CB-Ag dual layer,30%,0.30952380952380953,268.85471024443837
CNT/CB-Ag dual layer,30%,0.3333333333333333,275.9956056028564
CNT/CB-Ag dual layer,30%,0.3571428571428571,284.64707497940134
CNT/CB-Ag dual layer,30%,0.380952380952381,291.2386706948641
CNT/CB-Ag dual layer,30%,0.40476190476190477,309.5028838231255
CNT/CB-Ag dual layer,30%,0.4285714285714286,307.717659983521
CNT/CB-Ag dual layer,30%,0.4523809523809524,305.79511123317775
CNT/CB-Ag dual layer,30%,0.47619047619047616,304.2845372150508
CNT/CB-Ag dual layer,30%,0.5,299.0661906069762
CNT/CB-Ag dual layer,30%,0.5238095238095238,297.41829167811045
CNT/CB-Ag dual layer,30%,0.5476190476190477,265.55891238670694
CNT/CB-Ag dual layer,30%,0.5714285714285714,251.963746223565
CNT/CB-Ag dual layer,30%,0.5952380952380952,245.509475418841
CNT/CB-Ag dual layer,30%,0.6190476190476191,235.89673166712447
CNT/CB-Ag dual layer,30%,0.6428571428571428,220.2416918429003
CNT/CB-Ag dual layer,30%,0.6666666666666666,211.5902224663554
CNT/CB-Ag dual layer,30%,0.6904761904761905,199.36830541060152
CNT/CB-Ag dual layer,30%,0.7142857142857142,186.45976380115354
CNT/CB-Ag dual layer,30%,0.7380952380952381,176.29772040648174
CNT/CB-Ag dual layer,30%,0.761904761904762,164.35045317220548
CNT/CB-Ag dual layer,30%,0.7857142857142857,153.36446031310084
CNT/CB-Ag dual layer,30%,0.8095238095238095,140.8678934358693
CNT/CB-Ag dual layer,30%,0.8333333333333333,125.21285361164519
CNT/CB-Ag dual layer,30%,0.8571428571428572,52.979950563032155
CNT/CB-Ag dual layer,30%,0.880952380952381,30.45866520186763
CNT/CB-Ag dual layer,30%,0.9047619047619048,24.55369404009889
CNT/CB-Ag dual layer,30%,0.9285714285714286,16.451524306509206
CNT/CB-Ag dual layer,30%,0.9523809523809523,9.173304037352386
CNT/CB-Ag dual layer,30%,0.9761904761904762,6.976105465531465
CNT/CB-Ag dual layer,30%,1.0,3.542982697061264
CNT/CB-Ag dual layer,30%,1.0238095238095237,0.10985992859106358
CNT/CB-Ag dual layer,30%,1.0476190476190477,0.0
CNT/CB-Ag dual layer,30%,1.0714285714285714,0.0
CNT/CB-Ag dual layer,30%,1.0952380952380953,10.958527876956886
CNT/CB-Ag dual layer,30%,1.119047619047619,39.110134578412534
CNT/CB-Ag dual layer,30%,1.1428571428571428,125.7621532546004
CNT/CB-Ag dual layer,30%,1.1666666666666667,152.54051084866796
CNT/CB-Ag dual layer,30%,1.1904761904761905,163.38917879703382
CNT/CB-Ag dual layer,30%,1.2142857142857142,174.51249656687727
CNT/CB-Ag dual layer,30%,1.2380952380952381,201.42817907168364
CNT/CB-Ag dual layer,30%,1.2619047619047619,235.48475693490803
CNT/CB-Ag dual layer,30%,1.2857142857142856,242.48832738258724
CNT/CB-Ag dual layer,30%,1.3095238095238095,260.8898654215875
CNT/CB-Ag dual layer,30%,1.3333333333333333,287.9428728371327
CNT/CB-Ag dual layer,30%,1.357142857142857,292.74924471299096
CNT/CB-Ag dual layer,30%,1.380952380952381,300.1647898928866
CNT/CB-Ag dual layer,30%,1.4047619047619047,308.2669596264763
CNT/CB-Ag dual layer,30%,1.4285714285714284,306.2070859653942
CNT/CB-Ag dual layer,30%,1.4523809523809526,304.5591870365285
CNT/CB-Ag dual layer,30%,1.4761904761904763,300.7140895358419
CNT/CB-Ag dual layer,30%,1.5,297.28096676737164
CNT/CB-Ag dual layer,30%,1.523809523809524,296.45701730293877
CNT/CB-Ag dual layer,30%,1.5476190476190477,285.60834935457297
CNT/CB-Ag dual layer,30%,1.5714285714285714,275.4463059599011
CNT/CB-Ag dual layer,30%,1.5952380952380951,257.73139247459494
CNT/CB-Ag dual layer,30%,1.619047619047619,241.38972809667675
CNT/CB-Ag dual layer,30%,1.6428571428571428,233.42488327382594
CNT/CB-Ag dual layer,30%,1.6666666666666665,213.23812139522113
CNT/CB-Ag dual layer,30%,1.6904761904761907,181.92804174677292
CNT/CB-Ag dual layer,30%,1.7142857142857144,171.35402361988466
CNT/CB-Ag dual layer,30%,1.7380952380952381,158.4454820104367
CNT/CB-Ag dual layer,30%,1.761904761904762,122.60368030760782
CNT/CB-Ag dual layer,30%,1.7857142857142858,87.31117824773416
CNT/CB-Ag dual layer,30%,1.8095238095238095,61.082120296621824
CNT/CB-Ag dual layer,30%,1.8333333333333333,27.84949189783027
CNT/CB-Ag dual layer,30%,1.8571428571428572,16.863499038725628
CNT/CB-Ag dual layer,30%,1.880952380952381,14.254325734688287
CNT/CB-Ag dual layer,30%,1.9047619047619047,12.057127162867348
CNT/CB-Ag dual layer,30%,1.9285714285714286,9.722603680307627
CNT/CB-Ag dual layer,30%,1.9523809523809523,6.014831090359805
CNT/CB-Ag dual layer,30%,1.976190476190476,2.856358143367224
CNT/CB-Ag dual layer,30%,2.0,1.483109035979144
CNT/CB-Ag dual layer,30%,2.0238095238095237,0.7964844822851038
CNT/CB-Ag dual layer,30%,2.0476190476190474,0.38450975006866406
CNT/CB-Ag dual layer,30%,2.0714285714285716,0.0
CNT/CB-Ag dual layer,30%,2.0952380952380953,1.2084592145015238
CNT/CB-Ag dual layer,30%,2.119047619047619,16.58884921724803
CNT/CB-Ag dual layer,30%,2.142857142857143,45.28975556165889
CNT/CB-Ag dual layer,30%,2.166666666666667,131.39247459489155
CNT/CB-Ag dual layer,30%,2.1904761904761907,149.10738808019778
CNT/CB-Ag dual layer,30%,2.2142857142857144,161.7412798681681
CNT/CB-Ag dual layer,30%,2.238095238095238,190.3048613018402
CNT/CB-Ag dual layer,30%,2.261904761904762,219.9670420214227
CNT/CB-Ag dual layer,30%,2.2857142857142856,229.7171106838781
CNT/CB-Ag dual layer,30%,2.3095238095238098,235.75940675638566
CNT/CB-Ag dual layer,30%,2.3333333333333335,250.0411974732217
CNT/CB-Ag dual layer,30%,2.357142857142857,255.53419390277398
CNT/CB-Ag dual layer,30%,2.380952380952381,262.8124141719308
CNT/CB-Ag dual layer,30%,2.4047619047619047,270.2279593518265
CNT/CB-Ag dual layer,30%,2.4285714285714284,280.3900027464982
CNT/CB-Ag dual layer,30%,2.452380952380952,288.0801977478715
CNT/CB-Ag dual layer,30%,2.4761904761904763,313.89728096676737
CNT/CB-Ag dual layer,30%,2.5,308.40428453721506
CNT/CB-Ag dual layer,30%,2.5238095238095237,306.6190606976106
CNT/CB-Ag dual layer,30%,2.5476190476190474,299.0661906069762
CNT/CB-Ag dual layer,30%,2.571428571428571,275.85828069211755
CNT/CB-Ag dual layer,30%,2.5952380952380953,268.71738533369955
CNT/CB-Ag dual layer,30%,2.619047619047619,256.08349354572925
CNT/CB-Ag dual layer,30%,2.642857142857143,236.1713814886021
CNT/CB-Ag dual layer,30%,2.6666666666666665,229.03048613018404
CNT/CB-Ag dual layer,30%,2.6904761904761902,219.28041746772865
CNT/CB-Ag dual layer,30%,2.714285714285714,211.04092282340022
CNT/CB-Ag dual layer,30%,2.738095238095238,187.69568799780282
CNT/CB-Ag dual layer,30%,2.761904761904762,172.45262290579515
CNT/CB-Ag dual layer,30%,2.7857142857142856,159.26943147486958
CNT/CB-Ag dual layer,30%,2.8095238095238093,149.79401263389184
CNT/CB-Ag dual layer,30%,2.833333333333333,134.68827245262293
CNT/CB-Ag dual layer,30%,2.8571428571428568,119.44520736061526
CNT/CB-Ag dual layer,30%,2.8809523809523805,103.37819280417469
CNT/CB-Ag dual layer,30%,2.904761904761905,32.79318868442737
CNT/CB-Ag dual layer,30%,2.928571428571429,25.24031859379293
CNT/CB-Ag dual layer,30%,2.9523809523809526,22.35649546827795
CNT/CB-Ag dual layer,30%,2.9761904761904763,18.51139796759133
CNT/CB-Ag dual layer,30%,3.0,11.233177698434506
CNT/CB-Ag dual layer,30%,3.0238095238095237,6.152156001098605
CNT/CB-Ag dual layer,30%,3.047619047619048,5.053556715188145
CNT/CB-Ag dual layer,30%,3.0714285714285716,1.6204339467179443
CNT/CB-Ag dual layer,30%,3.0952380952380953,1.2084592145015238
CNT/CB-Ag dual layer,30%,3.119047619047619,0.0
CNT/CB-Ag dual layer,30%,3.142857142857143,44.053831365009636
CNT/CB-Ag dual layer,30%,3.1666666666666665,67.94836583356222
CNT/CB-Ag dual layer,30%,3.1904761904761902,94.7267234276298
CNT/CB-Ag dual layer,30%,3.2142857142857144,142.6531172754738
CNT/CB-Ag dual layer,30%,3.238095238095238,181.51606701455648
CNT/CB-Ag dual layer,30%,3.261904761904762,190.03021148036254
CNT/CB-Ag dual layer,30%,3.2857142857142856,221.0656413073332
CNT/CB-Ag dual layer,30%,3.3095238095238093,247.56934907992311
CNT/CB-Ag dual layer,30%,3.333333333333333,268.16808569074436
CNT/CB-Ag dual layer,30%,3.3571428571428568,289.86542158747596
CNT/CB-Ag dual layer,30%,3.3809523809523814,296.3196923922
CNT/CB-Ag dual layer,30%,3.404761904761905,312.6613567701182
CNT/CB-Ag dual layer,30%,3.428571428571429,307.031035429827
CNT/CB-Ag dual layer,30%,3.4523809523809526,298.2422411425433
CNT/CB-Ag dual layer,30%,3.4761904761904763,270.0906344410877
CNT/CB-Ag dual layer,30%,3.5,262.4004394397144
CNT/CB-Ag dual layer,30%,3.523809523809524,251.6890964020874
CNT/CB-Ag dual layer,30%,3.547619047619048,242.48832738258724
CNT/CB-Ag dual layer,30%,3.5714285714285716,237.4073056852513
CNT/CB-Ag dual layer,30%,3.5952380952380953,229.7171106838781
CNT/CB-Ag dual layer,30%,3.619047619047619,221.47761603954962
CNT/CB-Ag dual layer,30%,3.642857142857143,211.86487228783304
CNT/CB-Ag dual layer,30%,3.6666666666666665,201.42817907168364
CNT/CB-Ag dual layer,30%,3.6904761904761907,173.41389728096678
CNT/CB-Ag dual layer,30%,3.7142857142857144,145.9489151332052
CNT/CB-Ag dual layer,30%,3.738095238095238,130.29387530898106
CNT/CB-Ag dual layer,30%,3.761904761904762,108.04723976929418
CNT/CB-Ag dual layer,30%,3.7857142857142856,91.705575391376
CNT/CB-Ag dual layer,30%,3.8095238095238093,76.46251029936832
CNT/CB-Ag dual layer,30%,3.8333333333333335,34.71573743477067
CNT/CB-Ag dual layer,30%,3.857142857142857,19.60999725350179
CNT/CB-Ag dual layer,30%,3.880952380952381,16.314199395770405
CNT/CB-Ag dual layer,30%,3.9047619047619047,13.430376270255426
CNT/CB-Ag dual layer,30%,3.9285714285714284,10.958527876956886
CNT/CB-Ag dual layer,30%,3.952380952380952,8.898654215874766
CNT/CB-Ag dual layer,30%,3.976190476190476,7.113430376270266
CNT/CB-Ag dual layer,30%,4.0,5.465531447404565
CNT/CB-Ag dual layer,30%,4.023809523809524,2.169733589673184
CNT/CB-Ag dual layer,30%,4.0476190476190474,3.954957429277685
CNT/CB-Ag dual layer,30%,4.071428571428571,66.98709145839055
CNT/CB-Ag dual layer,30%,4.095238095238095,124.38890414721233
CNT/CB-Ag dual layer,30%,4.119047619047619,141.0052183466081
CNT/CB-Ag dual layer,30%,4.142857142857143,155.42433397418293
CNT/CB-Ag dual layer,30%,4.166666666666667,167.37160120845923
CNT/CB-Ag dual layer,30%,4.190476190476191,177.53364460313102
CNT/CB-Ag dual layer,30%,4.214285714285714,188.65696237297448
CNT/CB-Ag dual layer,30%,4.238095238095238,197.0337819280418
CNT/CB-Ag dual layer,30%,4.261904761904762,206.23455094754192
CNT/CB-Ag dual layer,30%,4.285714285714286,245.2348255973634
CNT/CB-Ag dual layer,30%,4.30952380952381,253.19967042021423
CNT/CB-Ag dual layer,30%,4.333333333333334,260.06591595715463
CNT/CB-Ag dual layer,30%,4.357142857142858,268.44273551222193
CNT/CB-Ag dual layer,30%,4.380952380952381,274.21038176325186
CNT/CB-Ag dual layer,30%,4.404761904761905,283.68580060422966
CNT/CB-Ag dual layer,30%,4.428571428571429,290.14007140895365
CNT/CB-Ag dual layer,30%,4.4523809523809526,297.55561658884926
CNT/CB-Ag dual layer,30%,4.476190476190476,308.67893435869274
CNT/CB-Ag dual layer,30%,4.5,305.2458115902225
CNT/CB-Ag dual layer,30%,4.523809523809524,303.73523757209557
CNT/CB-Ag dual layer,30%,4.5476190476190474,302.2246635539687
CNT/CB-Ag dual layer,30%,4.571428571428571,294.39714364185664
CNT/CB-Ag dual layer,30%,4.595238095238095,265.83356220818456
CNT/CB-Ag dual layer,30%,4.6190476190476195,260.34056577863225
CNT/CB-Ag dual layer,30%,4.642857142857143,245.2348255973634
CNT/CB-Ag dual layer,30%,4.666666666666667,226.55863773688552
CNT/CB-Ag dual layer,30%,4.690476190476191,203.21340291128814
CNT/CB-Ag dual layer,30%,4.714285714285714,171.76599835210112
CNT/CB-Ag dual layer,30%,4.738095238095238,158.4454820104367
CNT/CB-Ag dual layer,30%,4.761904761904762,144.3010162043395
CNT/CB-Ag dual layer,30%,4.785714285714286,97.47322164240597
CNT/CB-Ag dual layer,30%,4.809523809523809,42.54325734688273
CNT/CB-Ag dual layer,30%,4.833333333333333,30.18401538039001
CNT/CB-Ag dual layer,30%,4.857142857142857,20.15929689645703
CNT/CB-Ag dual layer,30%,4.8809523809523805,12.331776984344966
CNT/CB-Ag dual layer,30%,4.904761904761904,10.409228234001667
CNT/CB-Ag dual layer,30%,4.928571428571429,8.074704751441926
CNT/CB-Ag dual layer,30%,4.9523809523809526,2.3070585004119843
CNT/CB-Ag dual layer,30%,4.976190476190476,0.38450975006866406
CNT/CB-Ag dual layer,30%,5.0,0.0
CNT/CB-Ag dual layer,60%,5.0,0.0
CNT/CB-Ag dual layer,60%,5.011086474501108,6.741573033707872
CNT/CB-Ag dual layer,60%,5.022172949002218,62.58291593339652
CNT/CB-Ag dual layer,60%,5.033259423503326,139.61012589684586
CNT/CB-Ag dual layer,60%,5.044345898004434,183.06484364423994
CNT/CB-Ag dual layer,60%,5.0554323725055434,236.40178692297283
CNT/CB-Ag dual layer,60%,5.066518847006652,279.17963990794647
CNT/CB-Ag dual layer,60%,5.07760532150776,338.7437390009477
CNT/CB-Ag dual layer,60%,5.088691796008869,374.7529443617166
CNT/CB-Ag dual layer,60%,5.099778270509978,424.0286990659267
CNT/CB-Ag dual layer,60%,5.110864745011087,435.9415188845269
CNT/CB-Ag dual layer,60%,5.121951219512195,447.7866522268851
CNT/CB-Ag dual layer,60%,5.133037694013304,460.4440232841479
CNT/CB-Ag dual layer,60%,5.144124168514413,511.41193989440916
CNT/CB-Ag dual layer,60%,5.155210643015521,537.6066062000813
CNT/CB-Ag dual layer,60%,5.1662971175166295,549.8578583998918
CNT/CB-Ag dual layer,60%,5.177383592017739,567.5917151753081
CNT/CB-Ag dual layer,60%,5.188470066518847,578.1508054690673
CNT/CB-Ag dual layer,60%,5.199556541019955,608.9481521591988
CNT/CB-Ag dual layer,60%,5.210643015521065,669.5952348720726
CNT/CB-Ag dual layer,60%,5.221729490022173,703.0323541356439
CNT/CB-Ag dual layer,60%,5.232815964523281,738.0262623527819
CNT/CB-Ag dual layer,60%,5.2439024390243905,756.843102748071
CNT/CB-Ag dual layer,60%,5.254988913525499,766.9960741843781
CNT/CB-Ag dual layer,60%,5.266075388026607,783.1731420062273
CNT/CB-Ag dual layer,60%,5.277161862527716,794.6121564911332
CNT/CB-Ag dual layer,60%,5.288248337028825,804.9681873561664
CNT/CB-Ag dual layer,60%,5.299334811529933,818.3701096520916
CNT/CB-Ag dual layer,60%,5.310421286031042,854.4470014891026
CNT/CB-Ag dual layer,60%,5.321507760532151,886.3273317991068
CNT/CB-Ag dual layer,60%,5.33259423503326,883.3491268444565
CNT/CB-Ag dual layer,60%,5.343680709534368,880.1001759848383
CNT/CB-Ag dual layer,60%,5.3547671840354765,870.6240693109518
CNT/CB-Ag dual layer,60%,5.365853658536586,867.3074319750914
CNT/CB-Ag dual layer,60%,5.376940133037694,855.6653580614595
CNT/CB-Ag dual layer,60%,5.388026607538802,847.6783538648979
CNT/CB-Ag dual layer,60%,5.399113082039912,834.8856098551512
CNT/CB-Ag dual layer,60%,5.41019955654102,817.9639907946394
CNT/CB-Ag dual layer,60%,5.421286031042128,780.4656829565454
CNT/CB-Ag dual layer,60%,5.4323725055432375,740.3276025450116
CNT/CB-Ag dual layer,60%,5.443458980044346,733.0174631108705
CNT/CB-Ag dual layer,60%,5.454545454545455,726.38418843915
CNT/CB-Ag dual layer,60%,5.465631929046563,718.1264383376202
CNT/CB-Ag dual layer,60%,5.476718403547672,679.9512657371058
CNT/CB-Ag dual layer,60%,5.487804878048781,650.5753350480576
CNT/CB-Ag dual layer,60%,5.498891352549889,636.6319209421957
CNT/CB-Ag dual layer,60%,5.509977827050998,627.7649925544878
CNT/CB-Ag dual layer,60%,5.521064301552107,600.3519696764587
CNT/CB-Ag dual layer,60%,5.532150776053215,559.0632191688102
CNT/CB-Ag dual layer,60%,5.5432372505543235,548.6395018275349
CNT/CB-Ag dual layer,60%,5.554323725055433,537.4035467713552
CNT/CB-Ag dual layer,60%,5.565410199556541,503.4249356978476
CNT/CB-Ag dual layer,60%,5.576496674057649,449.88493299038856
CNT/CB-Ag dual layer,60%,5.587583148558759,412.995803438473
CNT/CB-Ag dual layer,60%,5.598669623059867,353.634763774198
CNT/CB-Ag dual layer,60%,5.609756097560975,317.21943955597675
CNT/CB-Ag dual layer,60%,5.6208425720620845,296.4396913496684
CNT/CB-Ag dual layer,60%,5.631929046563193,280.53336943278737
CNT/CB-Ag dual layer,60%,5.643015521064301,268.1467442804928
CNT/CB-Ag dual layer,60%,5.65410199556541,254.54176255584136
CNT/CB-Ag dual layer,60%,5.665188470066519,229.63313929876813
CNT/CB-Ag dual layer,60%,5.676274944567627,213.3883850006769
CNT/CB-Ag dual layer,60%,5.687361419068736,172.16732096927038
CNT/CB-Ag dual layer,60%,5.698447893569845,156.12562609990525
CNT/CB-Ag dual layer,60%,5.709534368070953,140.8284824692027
CNT/CB-Ag dual layer,60%,5.720620842572062,125.46365236225807
CNT/CB-Ag dual layer,60%,5.7317073170731705,87.55922566671182
CNT/CB-Ag dual layer,60%,5.74279379157428,43.6307025856234
CNT/CB-Ag dual layer,60%,5.753880266075388,37.945038581291485
CNT/CB-Ag dual layer,60%,5.764966740576496,33.883850006768675
CNT/CB-Ag dual layer,60%,5.776053215077606,30.161093813456098
CNT/CB-Ag dual layer,60%,5.787139689578714,26.167591715175327
CNT/CB-Ag dual layer,60%,5.798226164079822,21.294165425747945
CNT/CB-Ag dual layer,60%,5.8093126385809315,16.014620278868303
CNT/CB-Ag dual layer,60%,5.82039911308204,15.540814945173961
CNT/CB-Ag dual layer,60%,5.831485587583148,10.464329227020448
CNT/CB-Ag dual layer,60%,5.842572062084257,5.726275890077169
CNT/CB-Ag dual layer,60%,5.853658536585366,4.914038175172615
CNT/CB-Ag dual layer,60%,5.864745011086475,2.4773250304589314
CNT/CB-Ag dual layer,60%,5.875831485587583,0.6497901719236551
CNT/CB-Ag dual layer,60%,5.886917960088692,0.3790442669554831
CNT/CB-Ag dual layer,60%,5.898004434589801,7.486124272370402
CNT/CB-Ag dual layer,60%,5.909090909090909,62.24448355218629
CNT/CB-Ag dual layer,60%,5.9201773835920175,122.75619331257619
CNT/CB-Ag dual layer,60%,5.931263858093127,165.46635982130772
CNT/CB-Ag dual layer,60%,5.942350332594235,214.87748747800194
CNT/CB-Ag dual layer,60%,5.953436807095343,227.60254501150672
CNT/CB-Ag dual layer,60%,5.964523281596453,267.33450656558824
CNT/CB-Ag dual layer,60%,5.975609756097561,311.804521456613
CNT/CB-Ag dual layer,60%,5.986696230598669,328.99688642209287
CNT/CB-Ag dual layer,60%,5.9977827050997785,362.02788682821176
CNT/CB-Ag dual layer,60%,6.008869179600887,401.28604304859897
CNT/CB-Ag dual layer,60%,6.019955654101995,415.2971436307026
CNT/CB-Ag dual layer,60%,6.031042128603104,431.74495735752004
CNT/CB-Ag dual layer,60%,6.042128603104213,443.99620955733053
CNT/CB-Ag dual layer,60%,6.053215077605321,454.7583592798159
CNT/CB-Ag dual layer,60%,6.06430155210643,469.243265195614
CNT/CB-Ag dual layer,60%,6.075388026607539,480.41153377555173
CNT/CB-Ag dual layer,60%,6.086474501108647,494.6256937863815
CNT/CB-Ag dual layer,60%,6.097560975609756,528.536618383647
CNT/CB-Ag dual layer,60%,6.1086474501108645,571.3821578448626
CNT/CB-Ag dual layer,60%,6.119733924611973,585.1901989982401
CNT/CB-Ag dual layer,60%,6.130820399113082,595.5462298632733
CNT/CB-Ag dual layer,60%,6.141906873614191,624.5160416948695
CNT/CB-Ag dual layer,60%,6.152993348115299,644.6189251387574
CNT/CB-Ag dual layer,60%,6.164079822616408,660.186814674428
CNT/CB-Ag dual layer,60%,6.175166297117517,670.4074725869773
CNT/CB-Ag dual layer,60%,6.1862527716186255,696.3990794639232
CNT/CB-Ag dual layer,60%,6.197339246119734,713.388385000677
CNT/CB-Ag dual layer,60%,6.208425720620843,725.9103831054556
CNT/CB-Ag dual layer,60%,6.219512195121951,737.95857587654
CNT/CB-Ag dual layer,60%,6.23059866962306,749.8037092188982
CNT/CB-Ag dual layer,60%,6.241685144124169,764.2209286584541
CNT/CB-Ag dual layer,60%,6.252771618625277,778.9765804792203
CNT/CB-Ag dual layer,60%,6.263858093126386,790.9570867740626
CNT/CB-Ag dual layer,60%,6.274944567627495,802.5991606876946
CNT/CB-Ag dual layer,60%,6.286031042128603,814.5796669825371
CNT/CB-Ag dual layer,60%,6.2971175166297115,852.3487207255992
CNT/CB-Ag dual layer,60%,6.308203991130821,888.6286719913361
CNT/CB-Ag dual layer,60%,6.319290465631929,885.6504670366862
CNT/CB-Ag dual layer,60%,6.330376940133037,883.1460674157304
CNT/CB-Ag dual layer,60%,6.341463414634147,880.1678624610803
CNT/CB-Ag dual layer,60%,6.352549889135255,877.3250304589144
CNT/CB-Ag dual layer,60%,6.363636363636363,873.3315283606336
CNT/CB-Ag dual layer,60%,6.3747228381374725,870.6917557871938
CNT/CB-Ag dual layer,60%,6.385809312638581,858.2374441586574
CNT/CB-Ag dual layer,60%,6.396895787139689,849.9120075808855
CNT/CB-Ag dual layer,60%,6.407982261640798,842.7372410992284
CNT/CB-Ag dual layer,60%,6.419068736141907,828.7261405171247
CNT/CB-Ag dual layer,60%,6.430155210643015,784.323812102342
CNT/CB-Ag dual layer,60%,6.441241685144124,742.0874509273048
CNT/CB-Ag dual layer,60%,6.452328159645233,717.5849465276839
CNT/CB-Ag dual layer,60%,6.463414634146341,683.9447678353866
CNT/CB-Ag dual layer,60%,6.47450110864745,672.5734398267227
CNT/CB-Ag dual layer,60%,6.4855875831485585,659.9160687694599
CNT/CB-Ag dual layer,60%,6.496674057649667,646.2434005685665
CNT/CB-Ag dual layer,60%,6.507760532150776,617.8827670231489
CNT/CB-Ag dual layer,60%,6.518847006651884,585.3255719507243
CNT/CB-Ag dual layer,60%,6.529933481152993,574.1573033707866
CNT/CB-Ag dual layer,60%,6.541019955654102,546.8119669689996
CNT/CB-Ag dual layer,60%,6.552106430155211,510.3966427507784
CNT/CB-Ag dual layer,60%,6.563192904656319,489.88764044943827
CNT/CB-Ag dual layer,60%,6.574279379157428,475.87653986733454
CNT/CB-Ag dual layer,60%,6.585365853658537,462.2038716664411
CNT/CB-Ag dual layer,60%,6.596452328159645,424.4348179233789
CNT/CB-Ag dual layer,60%,6.607538802660754,367.3074319750914
CNT/CB-Ag dual layer,60%,6.618625277161863,353.2286449167457
CNT/CB-Ag dual layer,60%,6.629711751662971,339.0144849059158
CNT/CB-Ag dual layer,60%,6.64079822616408,322.83741708406666
CNT/CB-Ag dual layer,60%,6.651884700665189,304.1559496412617
CNT/CB-Ag dual layer,60%,6.662971175166297,288.1142547718966
CNT/CB-Ag dual layer,60%,6.674057649667406,271.9371869500474
CNT/CB-Ag dual layer,60%,6.685144124168515,258.19683227291193
CNT/CB-Ag dual layer,60%,6.696230598669623,241.00446730743204
CNT/CB-Ag dual layer,60%,6.7073170731707314,224.89508596182483
CNT/CB-Ag dual layer,60%,6.718403547671841,211.56085014214167
CNT/CB-Ag dual layer,60%,6.729490022172949,194.90997698659814
CNT/CB-Ag dual layer,60%,6.740576496674057,171.49045620684993
CNT/CB-Ag dual layer,60%,6.751662971175167,156.80249086232573
CNT/CB-Ag dual layer,60%,6.762749445676275,140.62542304047653
CNT/CB-Ag dual layer,60%,6.773835920177383,100.75808853391098
CNT/CB-Ag dual layer,60%,6.7849223946784925,45.39055096791664
CNT/CB-Ag dual layer,60%,6.796008869179601,35.576011912819844
CNT/CB-Ag dual layer,60%,6.807095343680709,32.259374576959544
CNT/CB-Ag dual layer,60%,6.818181818181818,29.078110193583328
CNT/CB-Ag dual layer,60%,6.829268292682927,26.50602409638556
CNT/CB-Ag dual layer,60%,6.840354767184035,24.001624475429818
CNT/CB-Ag dual layer,60%,6.851441241685144,21.767970759442285
CNT/CB-Ag dual layer,60%,6.862527716186253,17.774468661161517
CNT/CB-Ag dual layer,60%,6.873614190687361,11.073507513198875
CNT/CB-Ag dual layer,60%,6.88470066518847,9.990523893326127
CNT/CB-Ag dual layer,60%,6.8957871396895785,8.63679436848519
CNT/CB-Ag dual layer,60%,6.906873614190687,6.132394747529466
CNT/CB-Ag dual layer,60%,6.917960088691796,3.6279951265737203
CNT/CB-Ag dual layer,60%,6.929046563192904,2.20657912549074
CNT/CB-Ag dual layer,60%,6.940133037694013,1.8004602680384632
CNT/CB-Ag dual layer,60%,6.951219512195122,1.3943414105861858
CNT/CB-Ag dual layer,60%,6.962305986696231,1.0559090293759517
CNT/CB-Ag dual layer,60%,6.973392461197339,0.8528496006498033
CNT/CB-Ag dual layer,60%,6.984478935698448,0.7851631244077604
CNT/CB-Ag dual layer,60%,6.995565410199557,5.9970217950453595
CNT/CB-Ag dual layer,60%,7.0066518847006645,22.918640855557072
CNT/CB-Ag dual layer,60%,7.017738359201774,103.33017463110872
CNT/CB-Ag dual layer,60%,7.028824833702883,163.0973331528361
CNT/CB-Ag dual layer,60%,7.039911308203991,179.2744009746853
CNT/CB-Ag dual layer,60%,7.0509977827051,193.89467984296743
CNT/CB-Ag dual layer,60%,7.062084257206209,207.70272099634494
CNT/CB-Ag dual layer,60%,7.073170731707317,221.91688100717482
CNT/CB-Ag dual layer,60%,7.0842572062084255,236.53715987545695
CNT/CB-Ag dual layer,60%,7.095343680709535,252.1050494111277
CNT/CB-Ag dual layer,60%,7.106430155210643,290.7540273453364
CNT/CB-Ag dual layer,60%,7.117516629711751,346.39231081629896
CNT/CB-Ag dual layer,60%,7.128603104212861,360.13266549343444
CNT/CB-Ag dual layer,60%,7.139689578713969,390.72695275483966
CNT/CB-Ag dual layer,60%,7.150776053215077,446.7713550832544
CNT/CB-Ag dual layer,60%,7.1618625277161865,478.4486259645323
CNT/CB-Ag dual layer,60%,7.172949002217295,542.2092865845405
CNT/CB-Ag dual layer,60%,7.184035476718403,577.6770001353731
CNT/CB-Ag dual layer,60%,7.195121951219512,609.7603898741031
CNT/CB-Ag dual layer,60%,7.206208425720621,646.5141464735348
CNT/CB-Ag dual layer,60%,7.217294900221729,702.1524299444972
CNT/CB-Ag dual layer,60%,7.228381374722838,713.5237579531611
CNT/CB-Ag dual layer,60%,7.239467849223947,741.5459591173684
CNT/CB-Ag dual layer,60%,7.250554323725055,779.4503858129146
CNT/CB-Ag dual layer,60%,7.261640798226164,791.0924597265467
CNT/CB-Ag dual layer,60%,7.2727272727272725,804.2236361175039
CNT/CB-Ag dual layer,60%,7.283813747228382,815.8657100311359
CNT/CB-Ag dual layer,60%,7.29490022172949,827.5754704210101
CNT/CB-Ag dual layer,60%,7.305986696230598,839.4206037633681
CNT/CB-Ag dual layer,60%,7.317073170731708,878.2726411263031
CNT/CB-Ag dual layer,60%,7.328159645232816,885.4474076079601
CNT/CB-Ag dual layer,60%,7.339246119733925,882.1307702720997
CNT/CB-Ag dual layer,60%,7.3503325942350335,878.5433870312713
CNT/CB-Ag dual layer,60%,7.361419068736142,875.7682415053473
CNT/CB-Ag dual layer,60%,7.372505543237251,871.6393664545825
CNT/CB-Ag dual layer,60%,7.383592017738359,864.3969134966834
CNT/CB-Ag dual layer,60%,7.394678492239468,852.6194666305674
CNT/CB-Ag dual layer,60%,7.405764966740577,844.835521862732
CNT/CB-Ag dual layer,60%,7.416851441241685,832.3135237579534
CNT/CB-Ag dual layer,60%,7.427937915742794,817.1517530797347
CNT/CB-Ag dual layer,60%,7.439024390243903,796.5073778259105
CNT/CB-Ag dual layer,60%,7.450110864745011,758.8060105590904
CNT/CB-Ag dual layer,60%,7.4611973392461195,727.6025450115069
CNT/CB-Ag dual layer,60%,7.472283813747229,703.7769053743064
CNT/CB-Ag dual layer,60%,7.483370288248337,658.562339244619
CNT/CB-Ag dual layer,60%,7.494456762749445,644.9573575199676
CNT/CB-Ag dual layer,60%,7.505543237250555,634.6690131311766
CNT/CB-Ag dual layer,60%,7.516629711751663,624.4483552186273
CNT/CB-Ag dual layer,60%,7.527716186252771,602.247191011236
CNT/CB-Ag dual layer,60%,7.5388026607538805,556.7618789765805
CNT/CB-Ag dual layer,60%,7.549889135254989,527.2505753350481
CNT/CB-Ag dual layer,60%,7.560975609756097,473.84594558007313
CNT/CB-Ag dual layer,60%,7.572062084257206,459.6317855692432
CNT/CB-Ag dual layer,60%,7.583148558758315,443.183971842426
CNT/CB-Ag dual layer,60%,7.594235033259423,424.57019087586303
CNT/CB-Ag dual layer,60%,7.605321507760532,411.0328956274537
CNT/CB-Ag dual layer,60%,7.6164079822616415,398.44321104643296
CNT/CB-Ag dual layer,60%,7.627494456762749,383.6198727494247
CNT/CB-Ag dual layer,60%,7.638580931263858,367.91661026126985
CNT/CB-Ag dual layer,60%,7.6496674057649665,353.97319615540823
CNT/CB-Ag dual layer,60%,7.660753880266075,326.62785975362124
CNT/CB-Ag dual layer,60%,7.671840354767184,312.8198186002437
CNT/CB-Ag dual layer,60%,7.682926829268293,297.0488696358468
CNT/CB-Ag dual layer,60%,7.694013303769402,277.41979152565324
CNT/CB-Ag dual layer,60%,7.70509977827051,264.7624204683905
CNT/CB-Ag dual layer,60%,7.716186252771618,205.1306348991472
CNT/CB-Ag dual layer,60%,7.727272727272727,165.1279274400975
CNT/CB-Ag dual layer,60%,7.738359201773836,150.5753350480574
CNT/CB-Ag dual layer,60%,7.749445676274945,115.03993502098282
CNT/CB-Ag dual layer,60%,7.760532150776053,58.18329497766348
CNT/CB-Ag dual layer,60%,7.771618625277162,47.69189116014621
CNT/CB-Ag dual layer,60%,7.782705099778271,39.569514011100594
CNT/CB-Ag dual layer,60%,7.793791574279378,29.416542574793564
CNT/CB-Ag dual layer,60%,7.804878048780488,20.143495329633154
CNT/CB-Ag dual layer,60%,7.815964523281597,16.082306755110345
CNT/CB-Ag dual layer,60%,7.827050997782705,12.765669419250045
CNT/CB-Ag dual layer,60%,7.8381374722838135,10.396642750778405
CNT/CB-Ag dual layer,60%,7.849223946784923,8.298361987274957
CNT/CB-Ag dual layer,60%,7.860310421286031,7.080005414918106
CNT/CB-Ag dual layer,60%,7.871396895787139,5.4555299851089964
CNT/CB-Ag dual layer,60%,7.882483370288249,4.8463516989305715
CNT/CB-Ag dual layer,60%,7.893569844789357,4.034113984025998
CNT/CB-Ag dual layer,60%,7.904656319290465,2.6803844591850607
CNT/CB-Ag dual layer,60%,7.9157427937915745,2.1388926492486973
CNT/CB-Ag dual layer,60%,7.926829268292683,1.8004602680384632
CNT/CB-Ag dual layer,60%,7.937915742793791,1.1912819818600378
CNT/CB-Ag dual layer,60%,7.9490022172949,14.863950182753493
CNT/CB-Ag dual layer,60%,7.960088691796009,35.71138486530393
CNT/CB-Ag dual layer,60%,7.971175166297117,56.35576011912822
CNT/CB-Ag dual layer,60%,7.982261640798226,77.06782184919457
CNT/CB-Ag dual layer,60%,7.993348115299335,97.84757005550294
CNT/CB-Ag dual layer,60%,8.004434589800443,115.37836740219308
CNT/CB-Ag dual layer,60%,8.015521064301552,132.57073236767297
CNT/CB-Ag dual layer,60%,8.026607538802661,149.42466495194265
CNT/CB-Ag dual layer,60%,8.037694013303769,166.1432245837282
CNT/CB-Ag dual layer,60%,8.048780487804878,182.11723297685128
CNT/CB-Ag dual layer,60%,8.059866962305986,202.01705699201304
CNT/CB-Ag dual layer,60%,8.070953436807095,216.90808176526338
CNT/CB-Ag dual layer,60%,8.082039911308204,228.55015567889535
CNT/CB-Ag dual layer,60%,8.093126385809313,242.358196832273
CNT/CB-Ag dual layer,60%,8.104212860310422,263.1379450385813
CNT/CB-Ag dual layer,60%,8.11529933481153,297.79342087450937
CNT/CB-Ag dual layer,60%,8.126385809312637,355.52998510897527
CNT/CB-Ag dual layer,60%,8.137472283813747,369.3380262623528
CNT/CB-Ag dual layer,60%,8.148558758314856,400.2707459049683
CNT/CB-Ag dual layer,60%,8.159645232815965,452.45701908758645
CNT/CB-Ag dual layer,60%,8.170731707317074,465.3174495735753
CNT/CB-Ag dual layer,60%,8.181818181818182,494.82875321510767
CNT/CB-Ag dual layer,60%,8.19290465631929,508.09530255854884
CNT/CB-Ag dual layer,60%,8.203991130820398,526.3706511439015
CNT/CB-Ag dual layer,60%,8.215077605321508,539.7725734398268
CNT/CB-Ag dual layer,60%,8.226164079822617,573.5481250846082
CNT/CB-Ag dual layer,60%,8.237250554323726,587.0177338567755
CNT/CB-Ag dual layer,60%,8.248337028824833,596.290781101936
CNT/CB-Ag dual layer,60%,8.259423503325943,608.2712873967782
CNT/CB-Ag dual layer,60%,8.27050997782705,641.369974279139
CNT/CB-Ag dual layer,60%,8.28159645232816,694.2331122241778
CNT/CB-Ag dual layer,60%,8.292682926829269,707.3642886151347
CNT/CB-Ag dual layer,60%,8.303769401330378,720.0216596723975
CNT/CB-Ag dual layer,60%,8.314855875831485,734.2358196832274
CNT/CB-Ag dual layer,60%,8.325942350332594,767.9436848517666
CNT/CB-Ag dual layer,60%,8.337028824833702,812.9551915527278
CNT/CB-Ag dual layer,60%,8.348115299334811,825.9509949912008
CNT/CB-Ag dual layer,60%,8.35920177383592,839.3529172871262
CNT/CB-Ag dual layer,60%,8.37028824833703,875.2944361716529
CNT/CB-Ag dual layer,60%,8.381374722838137,887.6810613239476
CNT/CB-Ag dual layer,60%,8.392461197339246,877.8665222688508
CNT/CB-Ag dual layer,60%,8.403547671840354,867.7812373087859
CNT/CB-Ag dual layer,60%,8.414634146341463,851.6718559631787
CNT/CB-Ag dual layer,60%,8.425720620842572,843.0079870041967
CNT/CB-Ag dual layer,60%,8.436807095343681,836.442398808718
CNT/CB-Ag dual layer,60%,8.447893569844789,777.6228509543794
CNT/CB-Ag dual layer,60%,8.458980044345898,752.308108839854
CNT/CB-Ag dual layer,60%,8.470066518847005,742.4935697847571
CNT/CB-Ag dual layer,60%,8.481152993348115,735.3864897793422
CNT/CB-Ag dual layer,60%,8.492239467849224,713.388385000677
CNT/CB-Ag dual layer,60%,8.503325942350333,705.1983213753891
CNT/CB-Ag dual layer,60%,8.514412416851442,695.0453499390821
CNT/CB-Ag dual layer,60%,8.52549889135255,686.5845404088263
CNT/CB-Ag dual layer,60%,8.536585365853657,679.0036550697172
CNT/CB-Ag dual layer,60%,8.547671840354766,669.6629213483146
CNT/CB-Ag dual layer,60%,8.558758314855876,628.0357384594558
CNT/CB-Ag dual layer,60%,8.569844789356985,603.533234059835
CNT/CB-Ag dual layer,60%,8.580931263858094,573.6834980370922
CNT/CB-Ag dual layer,60%,8.592017738359202,531.9886286719914
CNT/CB-Ag dual layer,60%,8.60310421286031,497.13009340733726
CNT/CB-Ag dual layer,60%,8.614190687361418,428.4283200216597
CNT/CB-Ag dual layer,60%,8.625277161862527,411.10058210369573
CNT/CB-Ag dual layer,60%,8.636363636363637,398.3755245701909
CNT/CB-Ag dual layer,60%,8.647450110864746,383.41681332069857
CNT/CB-Ag dual layer,60%,8.658536585365853,368.4581020712062
CNT/CB-Ag dual layer,60%,8.669623059866963,354.31162853661846
CNT/CB-Ag dual layer,60%,8.68070953436807,339.69134966833633
CNT/CB-Ag dual layer,60%,8.69179600886918,324.39420603763375
CNT/CB-Ag dual layer,60%,8.702882483370288,287.3020170569921
CNT/CB-Ag dual layer,60%,8.713968957871398,220.69852443481798
CNT/CB-Ag dual layer,60%,8.725055432372505,205.73981318532563
CNT/CB-Ag dual layer,60%,8.736141906873614,188.4797617436037
CNT/CB-Ag dual layer,60%,8.747228381374722,171.82888858806015
CNT/CB-Ag dual layer,60%,8.758314855875831,156.87017733856777
CNT/CB-Ag dual layer,60%,8.76940133037694,142.31758494652772
CNT/CB-Ag dual layer,60%,8.78048780487805,127.90036550697172
CNT/CB-Ag dual layer,60%,8.791574279379157,109.76038987410317
CNT/CB-Ag dual layer,60%,8.802660753880266,55.8819547854339
CNT/CB-Ag dual layer,60%,8.813747228381374,34.289968864220945
CNT/CB-Ag dual layer,60%,8.824833702882483,30.49952619466633
CNT/CB-Ag dual layer,60%,8.835920177383592,26.912142953837844
CNT/CB-Ag dual layer,60%,8.847006651884701,24.475429809124158
CNT/CB-Ag dual layer,60%,8.858093126385809,22.038716664410472
CNT/CB-Ag dual layer,60%,8.869179600886918,20.27886828211724
CNT/CB-Ag dual layer,60%,8.880266075388025,18.925138757276304
CNT/CB-Ag dual layer,60%,8.891352549889135,15.473128468931918
CNT/CB-Ag dual layer,60%,8.902439024390244,10.193583322052275
CNT/CB-Ag dual layer,60%,8.913525498891353,8.907540273453382
CNT/CB-Ag dual layer,60%,8.924611973392462,8.09530255854881
CNT/CB-Ag dual layer,60%,8.93569844789357,7.215378367402211
CNT/CB-Ag dual layer,60%,8.946784922394677,6.335454176255594
CNT/CB-Ag dual layer,60%,8.957871396895786,5.117097603898762
CNT/CB-Ag dual layer,60%,8.968957871396896,4.034113984025998
CNT/CB-Ag dual layer,60%,8.980044345898005,2.748070935427123
CNT/CB-Ag dual layer,60%,8.991130820399114,0.9205360768918462
CNT/CB-Ag dual layer,60%,9.002217294900221,0.6497901719236551
CNT/CB-Ag dual layer,60%,9.013303769401329,0.44673074319752615
CNT/CB-Ag dual layer,60%,9.024390243902438,0.0
CNT/CB-Ag dual layer,60%,9.035476718403547,0.8528496006498033
CNT/CB-Ag dual layer,60%,9.046563192904657,10.193583322052275
CNT/CB-Ag dual layer,60%,9.057649667405766,68.81007174766485
CNT/CB-Ag dual layer,60%,9.068736141906873,141.4376607553811
CNT/CB-Ag dual layer,60%,9.079822616407982,157.27629619602007
CNT/CB-Ag dual layer,60%,9.09090909090909,172.3703803979965
CNT/CB-Ag dual layer,60%,9.1019955654102,189.69811831596047
CNT/CB-Ag dual layer,60%,9.113082039911308,203.30310004061195
CNT/CB-Ag dual layer,60%,9.124168514412418,223.47366996074186
CNT/CB-Ag dual layer,60%,9.135254988913525,238.7031271152024
CNT/CB-Ag dual layer,60%,9.146341463414634,255.48937322323005
CNT/CB-Ag dual layer,60%,9.157427937915743,292.7846216325978
CNT/CB-Ag dual layer,60%,9.168514412416851,349.0320833897388
CNT/CB-Ag dual layer,60%,9.17960088691796,364.32922702044135
CNT/CB-Ag dual layer,60%,9.19068736141907,380.9801001759849
CNT/CB-Ag dual layer,60%,9.201773835920177,394.3143359956681
CNT/CB-Ag dual layer,60%,9.212860310421286,405.95640990930013
CNT/CB-Ag dual layer,60%,9.223946784922395,417.6661702991742
CNT/CB-Ag dual layer,60%,9.235033259423503,431.06809259509953
CNT/CB-Ag dual layer,60%,9.246119733924612,460.3086503316637
CNT/CB-Ag dual layer,60%,9.257206208425721,498.8222553133885
CNT/CB-Ag dual layer,60%,9.26829268292683,509.5844050358739
CNT/CB-Ag dual layer,60%,9.279379157427938,521.7002842832003
CNT/CB-Ag dual layer,60%,9.290465631929045,574.5634222282389
CNT/CB-Ag dual layer,60%,9.301552106430155,589.5221334777312
CNT/CB-Ag dual layer,60%,9.312638580931264,600.1489102477326
CNT/CB-Ag dual layer,60%,9.323725055432373,612.1294165425749
CNT/CB-Ag dual layer,60%,9.334811529933482,623.1623121700285
CNT/CB-Ag dual layer,60%,9.34589800443459,636.8349803709219
CNT/CB-Ag dual layer,60%,9.356984478935697,653.4858535264656
CNT/CB-Ag dual layer,60%,9.368070953436806,667.7677000135374
CNT/CB-Ag dual layer,60%,9.379157427937916,715.8927846216327
CNT/CB-Ag dual layer,60%,9.390243902439025,751.9696764586437
CNT/CB-Ag dual layer,60%,9.401330376940134,764.2209286584541
CNT/CB-Ag dual layer,60%,9.412416851441241,778.0966562880737
CNT/CB-Ag dual layer,60%,9.423503325942349,787.8435088669285
CNT/CB-Ag dual layer,60%,9.434589800443458,798.4702856369299
CNT/CB-Ag dual layer,60%,9.445676274944567,811.1953431704346
CNT/CB-Ag dual layer,60%,9.456762749445677,845.1739542439423
CNT/CB-Ag dual layer,60%,9.467849223946786,885.0412887505078
CNT/CB-Ag dual layer,60%,9.478935698447893,882.8753215107621
CNT/CB-Ag dual layer,60%,9.490022172949002,879.4909976986598
CNT/CB-Ag dual layer,60%,9.50110864745011,876.3774197915258
CNT/CB-Ag dual layer,60%,9.512195121951219,873.0607824556653
CNT/CB-Ag dual layer,60%,9.523281596452328,862.5693786381481
CNT/CB-Ag dual layer,60%,9.534368070953438,823.243535941519
CNT/CB-Ag dual layer,60%,9.545454545454545,803.6144578313254
CNT/CB-Ag dual layer,60%,9.556541019955654,790.5509679166104
CNT/CB-Ag dual layer,60%,9.567627494456763,744.1857316908082
CNT/CB-Ag dual layer,60%,9.57871396895787,720.3600920536078
CNT/CB-Ag dual layer,60%,9.58980044345898,713.7268173818871
CNT/CB-Ag dual layer,60%,9.60088691796009,687.0583457425207
CNT/CB-Ag dual layer,60%,9.611973392461197,646.3787735210506
CNT/CB-Ag dual layer,60%,9.623059866962306,636.1581156085015
CNT/CB-Ag dual layer,60%,9.634146341463415,624.5837281711115
CNT/CB-Ag dual layer,60%,9.645232815964523,617.6797075944227
CNT/CB-Ag dual layer,60%,9.656319290465632,609.6927033978612
CNT/CB-Ag dual layer,60%,9.667405764966741,597.915256531745
CNT/CB-Ag dual layer,60%,9.67849223946785,586.9500473805334
CNT/CB-Ag dual layer,60%,9.689578713968958,572.3974549884933
CNT/CB-Ag dual layer,60%,9.700665188470067,560.0785163124408
CNT/CB-Ag dual layer,60%,9.711751662971174,530.5672126709085
CNT/CB-Ag dual layer,60%,9.722838137472284,475.8088533910925
CNT/CB-Ag dual layer,60%,9.733924611973393,462.00081223771497
CNT/CB-Ag dual layer,60%,9.745011086474502,448.86963584675783
CNT/CB-Ag dual layer,60%,9.75609756097561,434.7908487884121
CNT/CB-Ag dual layer,60%,9.767184035476719,420.4413158250982
CNT/CB-Ag dual layer,60%,9.778270509977826,405.685664004332
CNT/CB-Ag dual layer,60%,9.789356984478935,346.459997292541
CNT/CB-Ag dual layer,60%,9.800443458980045,326.01868146744283
CNT/CB-Ag dual layer,60%,9.811529933481154,285.8806010559091
CNT/CB-Ag dual layer,60%,9.822616407982261,224.21822119940438
CNT/CB-Ag dual layer,60%,9.83370288248337,208.0411533775552
CNT/CB-Ag dual layer,60%,9.844789356984478,194.50385812914584
CNT/CB-Ag dual layer,60%,9.855875831485587,178.4621632597807
CNT/CB-Ag dual layer,60%,9.866962305986696,162.8265872478679
CNT/CB-Ag dual layer,60%,9.878048780487806,147.9355624746176
CNT/CB-Ag dual layer,60%,9.889135254988913,132.50304589143093
CNT/CB-Ag dual layer,60%,9.900221729490022,116.79978340327605
CNT/CB-Ag dual layer,60%,9.91130820399113,66.64410450791934
CNT/CB-Ag dual layer,60%,9.922394678492239,35.71138486530393
CNT/CB-Ag dual layer,60%,9.933481152993348,26.776770001353757
CNT/CB-Ag dual layer,60%,9.944567627494457,18.18058751861379
CNT/CB-Ag dual layer,60%,9.955654101995565,13.307161229186427
CNT/CB-Ag dual layer,60%,9.966740576496674,8.162989034790872
CNT/CB-Ag dual layer,60%,9.977827050997783,5.117097603898762
CNT/CB-Ag dual layer,60%,9.98891352549889,0.8528496006498033
CNT/CB-Ag dual layer,60%,10.0,0.0
CNT/CB-Ag dual layer,100%,10.0,0.0
CNT/CB-Ag dual layer,100%,10.008,0.0
CNT/CB-Ag dual layer,100%,10.016,7.292785316801709
CNT/CB-Ag dual layer,100%,10.024,60.49985355852775
CNT/CB-Ag dual layer,100%,10.032,76.36434638289563
CNT/CB-Ag dual layer,100%,10.04,100.18549253148493
CNT/CB-Ag dual layer,100%,10.048,141.18910475446643
CNT/CB-Ag dual layer,100%,10.056,189.3195352923948
CNT/CB-Ag dual layer,100%,10.064,203.57317192228837
CNT/CB-Ag dual layer,100%,10.072,241.0621888118715
CNT/CB-Ag dual layer,100%,10.08,301.4448891926193
CNT/CB-Ag dual layer,100%,10.088,336.49321487845356
CNT/CB-Ag dual layer,100%,10.096,386.42975690715605
CNT/CB-Ag dual layer,100%,10.104,404.1491750463731
CNT/CB-Ag dual layer,100%,10.112,420.4529922874157
CNT/CB-Ag dual layer,100%,10.12,458.6742165381236
CNT/CB-Ag dual layer,100%,10.128,520.0820072244459
CNT/CB-Ag dual layer,100%,10.136,534.2868300302646
CNT/CB-Ag dual layer,100%,10.144,573.8748413550718
CNT/CB-Ag dual layer,100%,10.152,640.3592697451917
CNT/CB-Ag dual layer,100%,10.16,657.2488528751342
CNT/CB-Ag dual layer,100%,10.168,673.5526701161768
CNT/CB-Ag dual layer,100%,10.176,720.8044518207555
CNT/CB-Ag dual layer,100%,10.184,786.7519281460509
CNT/CB-Ag dual layer,100%,10.192,829.3663965635068
CNT/CB-Ag dual layer,100%,10.2,876.9110612125353
CNT/CB-Ag dual layer,100%,10.208,894.7769208239773
CNT/CB-Ag dual layer,100%,10.216,918.1099287318169
CNT/CB-Ag dual layer,100%,10.224,969.3156301864686
CNT/CB-Ag dual layer,100%,10.232,1039.0217709655374
CNT/CB-Ag dual layer,100%,10.24,1055.374402030655
CNT/CB-Ag dual layer,100%,10.248,1069.5792248364735
CNT/CB-Ag dual layer,100%,10.256,1086.9569462071659
CNT/CB-Ag dual layer,100%,10.264,1127.4236063653225
CNT/CB-Ag dual layer,100%,10.272,1185.7073123108464
CNT/CB-Ag dual layer,100%,10.28,1198.8382309870153
CNT/CB-Ag dual layer,100%,10.288,1220.7068241726056
CNT/CB-Ag dual layer,100%,10.296,1264.199941423411
CNT/CB-Ag dual layer,100%,10.304,1316.9188714243871
CNT/CB-Ag dual layer,100%,10.312,1338.6410231377524
CNT/CB-Ag dual layer,100%,10.32,1398.7308405740505
CNT/CB-Ag dual layer,100%,10.328,1420.062481694816
CNT/CB-Ag dual layer,100%,10.336,1414.595333398418
CNT/CB-Ag dual layer,100%,10.344,1397.901005564776
CNT/CB-Ag dual layer,100%,10.352,1387.6989163331054
CNT/CB-Ag dual layer,100%,10.36,1337.6647466562529
CNT/CB-Ag dual layer,100%,10.368,1254.4859904324903
CNT/CB-Ag dual layer,100%,10.376,1237.401152006248
CNT/CB-Ag dual layer,100%,10.384,1214.4586546910084
CNT/CB-Ag dual layer,100%,10.392,1201.1324807185395
CNT/CB-Ag dual layer,100%,10.4,1187.7086790979204
CNT/CB-Ag dual layer,100%,10.408,1156.5166455140095
CNT/CB-Ag dual layer,100%,10.416,1116.4893097725276
CNT/CB-Ag dual layer,100%,10.424,1073.5819584106216
CNT/CB-Ag dual layer,100%,10.432,1023.9382993263692
CNT/CB-Ag dual layer,100%,10.44,986.742165381236
CNT/CB-Ag dual layer,100%,10.448,942.0287025285561
CNT/CB-Ag dual layer,100%,10.456,901.1715317777995
CNT/CB-Ag dual layer,100%,10.464,853.187542712096
CNT/CB-Ag dual layer,100%,10.472,807.0584789612418
CNT/CB-Ag dual layer,100%,10.48,749.5557942009176
CNT/CB-Ag dual layer,100%,10.488,732.3245143024504
CNT/CB-Ag dual layer,100%,10.496,710.1142243483354
CNT/CB-Ag dual layer,100%,10.504,694.6890559406422
CNT/CB-Ag dual layer,100%,10.512,680.3377916625988
CNT/CB-Ag dual layer,100%,10.52,656.5166455140095
CNT/CB-Ag dual layer,100%,10.528,642.067753587816
CNT/CB-Ag dual layer,100%,10.536,627.4236063653226
CNT/CB-Ag dual layer,100%,10.544,613.218783559504
CNT/CB-Ag dual layer,100%,10.552,597.8424289758859
CNT/CB-Ag dual layer,100%,10.56,519.1545445670213
CNT/CB-Ag dual layer,100%,10.568,496.7489993166064
CNT/CB-Ag dual layer,100%,10.576,453.69520648247584
CNT/CB-Ag dual layer,100%,10.584,389.7002831201796
CNT/CB-Ag dual layer,100%,10.592,374.9096944254612
CNT/CB-Ag dual layer,100%,10.6,338.7874646099775
CNT/CB-Ag dual layer,100%,10.608,295.9777408962218
CNT/CB-Ag dual layer,100%,10.616,253.75378307136577
CNT/CB-Ag dual layer,100%,10.624,232.22688665430047
CNT/CB-Ag dual layer,100%,10.632,217.2410426632822
CNT/CB-Ag dual layer,100%,10.64,202.6457092648638
CNT/CB-Ag dual layer,100%,10.648,188.68495557942006
CNT/CB-Ag dual layer,100%,10.656,124.05545250414917
CNT/CB-Ag dual layer,100%,10.664,106.1895928927072
CNT/CB-Ag dual layer,100%,10.672,91.7895147905887
CNT/CB-Ag dual layer,100%,10.68,66.2110709753002
CNT/CB-Ag dual layer,100%,10.688,54.05642878063066
CNT/CB-Ag dual layer,100%,10.696,47.02723811383384
CNT/CB-Ag dual layer,100%,10.704,41.95060041003612
CNT/CB-Ag dual layer,100%,10.712,38.3871912525627
CNT/CB-Ag dual layer,100%,10.72,35.360734159914074
CNT/CB-Ag dual layer,100%,10.728,32.13902177096553
CNT/CB-Ag dual layer,100%,10.736,21.399980474470365
CNT/CB-Ag dual layer,100%,10.744,18.71522015034657
CNT/CB-Ag dual layer,100%,10.752,16.90910865957238
CNT/CB-Ag dual layer,100%,10.76,13.29688567802401
CNT/CB-Ag dual layer,100%,10.768,9.294152103875804
CNT/CB-Ag dual layer,100%,10.776,8.561944742751134
CNT/CB-Ag dual layer,100%,10.784,7.341599140876695
CNT/CB-Ag dual layer,100%,10.792,3.0947964463535995
CNT/CB-Ag dual layer,100%,10.8,2.8019135019037367
CNT/CB-Ag dual layer,100%,10.808,2.0208923167040793
CNT/CB-Ag dual layer,100%,10.816,1.728009372254216
CNT/CB-Ag dual layer,100%,10.824,1.1422434833544766
CNT/CB-Ag dual layer,100%,10.832,0.4588499463047917
CNT/CB-Ag dual layer,100%,10.84,0.11715317777994251
CNT/CB-Ag dual layer,100%,10.848,0.0
CNT/CB-Ag dual layer,100%,10.856,0.0
CNT/CB-Ag dual layer,100%,10.864,0.0
CNT/CB-Ag dual layer,100%,10.872,3.7293761593283117
CNT/CB-Ag dual layer,100%,10.879999999999999,75.77858049399588
CNT/CB-Ag dual layer,100%,10.888,112.82827296690421
CNT/CB-Ag dual layer,100%,10.896,128.4486966708972
CNT/CB-Ag dual layer,100%,10.904,170.37977155130326
CNT/CB-Ag dual layer,100%,10.912,218.26613296885677
CNT/CB-Ag dual layer,100%,10.92,232.03163135800057
CNT/CB-Ag dual layer,100%,10.928,273.23049887728195
CNT/CB-Ag dual layer,100%,10.936,288.8997364053499
CNT/CB-Ag dual layer,100%,10.943999999999999,303.78795274821823
CNT/CB-Ag dual layer,100%,10.952,316.08903641511273
CNT/CB-Ag dual layer,100%,10.96,334.63828956360436
CNT/CB-Ag dual layer,100%,10.968,350.2098994435224
CNT/CB-Ag dual layer,100%,10.976,384.8677145367567
CNT/CB-Ag dual layer,100%,10.984,402.34306355559886
CNT/CB-Ag dual layer,100%,10.992,417.52416284291706
CNT/CB-Ag dual layer,100%,11.0,433.0957727228351
CNT/CB-Ag dual layer,100%,11.008,449.20433466757777
CNT/CB-Ag dual layer,100%,11.016,464.09255101044613
CNT/CB-Ag dual layer,100%,11.024000000000001,477.4675388069901
CNT/CB-Ag dual layer,100%,11.032,491.03778189983404
CNT/CB-Ag dual layer,100%,11.04,562.5012203456018
CNT/CB-Ag dual layer,100%,11.048,580.4647076051937
CNT/CB-Ag dual layer,100%,11.056000000000001,623.5185004393244
CNT/CB-Ag dual layer,100%,11.064,684.7310358293468
CNT/CB-Ag dual layer,100%,11.072,697.8131406814409
CNT/CB-Ag dual layer,100%,11.08,712.0667773113345
CNT/CB-Ag dual layer,100%,11.088,725.7834618764033
CNT/CB-Ag dual layer,100%,11.096,741.2574441081714
CNT/CB-Ag dual layer,100%,11.104,755.9992189788147
CNT/CB-Ag dual layer,100%,11.112,770.3504832568583
CNT/CB-Ag dual layer,100%,11.120000000000001,784.3112369423021
CNT/CB-Ag dual layer,100%,11.128,853.333984184321
CNT/CB-Ag dual layer,100%,11.136,888.6263789905302
CNT/CB-Ag dual layer,100%,11.144,934.5601874450845
CNT/CB-Ag dual layer,100%,11.152,984.5943571219369
CNT/CB-Ag dual layer,100%,11.16,1000.1171531777798
CNT/CB-Ag dual layer,100%,11.168,1015.2494386410231
CNT/CB-Ag dual layer,100%,11.176,1036.2881968173385
CNT/CB-Ag dual layer,100%,11.184000000000001,1050.2489505027822
CNT/CB-Ag dual layer,100%,11.192,1067.5290442253245
CNT/CB-Ag dual layer,100%,11.2,1109.5577467538806
CNT/CB-Ag dual layer,100%,11.208,1134.3551693839695
CNT/CB-Ag dual layer,100%,11.216,1190.2958117738942
CNT/CB-Ag dual layer,100%,11.224,1251.4595333398418
CNT/CB-Ag dual layer,100%,11.232,1273.181685053207
CNT/CB-Ag dual layer,100%,11.24,1296.9540173777214
CNT/CB-Ag dual layer,100%,11.248,1314.0876696280384
CNT/CB-Ag dual layer,100%,11.256,1336.9813531192033
CNT/CB-Ag dual layer,100%,11.264,1358.2153665918186
CNT/CB-Ag dual layer,100%,11.272,1379.839890657034
CNT/CB-Ag dual layer,100%,11.28,1403.4169676852482
CNT/CB-Ag dual layer,100%,11.288,1416.4014448891924
CNT/CB-Ag dual layer,100%,11.296,1431.8754271209605
CNT/CB-Ag dual layer,100%,11.304,1426.457092648638
CNT/CB-Ag dual layer,100%,11.312,1422.7960558430148
CNT/CB-Ag dual layer,100%,11.32,1411.9593868983693
CNT/CB-Ag dual layer,100%,11.328,1375.153763545836
CNT/CB-Ag dual layer,100%,11.336,1300.2245435907448
CNT/CB-Ag dual layer,100%,11.344,1278.1118812847797
CNT/CB-Ag dual layer,100%,11.352,1255.46226691399
CNT/CB-Ag dual layer,100%,11.36,1229.6885678024016
CNT/CB-Ag dual layer,100%,11.368,1210.8464317094601
CNT/CB-Ag dual layer,100%,11.376,1196.7392365517912
CNT/CB-Ag dual layer,100%,11.384,1185.0727325978717
CNT/CB-Ag dual layer,100%,11.392,1172.1370692180026
CNT/CB-Ag dual layer,100%,11.4,1156.9559699306844
CNT/CB-Ag dual layer,100%,11.408,1122.8839207263495
CNT/CB-Ag dual layer,100%,11.416,1056.5947476325296
CNT/CB-Ag dual layer,100%,11.424,1040.5349995118615
CNT/CB-Ag dual layer,100%,11.432,1020.6189592892706
CNT/CB-Ag dual layer,100%,11.44,991.8676169091086
CNT/CB-Ag dual layer,100%,11.448,977.9068632236649
CNT/CB-Ag dual layer,100%,11.456,963.750854241921
CNT/CB-Ag dual layer,100%,11.464,949.4484037879527
CNT/CB-Ag dual layer,100%,11.472,934.0720492043346
CNT/CB-Ag dual layer,100%,11.48,918.1099287318169
CNT/CB-Ag dual layer,100%,11.488,876.9598750366102
CNT/CB-Ag dual layer,100%,11.496,828.2924924338571
CNT/CB-Ag dual layer,100%,11.504,811.012398711315
CNT/CB-Ag dual layer,100%,11.512,791.3892414331739
CNT/CB-Ag dual layer,100%,11.52,771.8637118031826
CNT/CB-Ag dual layer,100%,11.528,752.9239480620912
CNT/CB-Ag dual layer,100%,11.536,739.695401737772
CNT/CB-Ag dual layer,100%,11.544,717.8756223762568
CNT/CB-Ag dual layer,100%,11.552,700.3026457092648
CNT/CB-Ag dual layer,100%,11.56,685.3656155423215
CNT/CB-Ag dual layer,100%,11.568,669.6475641901785
CNT/CB-Ag dual layer,100%,11.576,649.6827101435126
CNT/CB-Ag dual layer,100%,11.584,611.6567411891047
CNT/CB-Ag dual layer,100%,11.592,539.3146539099873
CNT/CB-Ag dual layer,100%,11.6,522.034560187445
CNT/CB-Ag dual layer,100%,11.608,504.6568388167528
CNT/CB-Ag dual layer,100%,11.616,487.37674509421066
CNT/CB-Ag dual layer,100%,11.624,472.0003905105925
CNT/CB-Ag dual layer,100%,11.632,429.5811773894366
CNT/CB-Ag dual layer,100%,11.64,372.22493410133745
CNT/CB-Ag dual layer,100%,11.648,358.65469100849356
CNT/CB-Ag dual layer,100%,11.656,345.32851703602455
CNT/CB-Ag dual layer,100%,11.664,307.5954310260665
CNT/CB-Ag dual layer,100%,11.672,272.4494776920824
CNT/CB-Ag dual layer,100%,11.68,257.3171922288392
CNT/CB-Ag dual layer,100%,11.688,240.47642292297175
CNT/CB-Ag dual layer,100%,11.696,177.5065898662501
CNT/CB-Ag dual layer,100%,11.704,153.19730547691105
CNT/CB-Ag dual layer,100%,11.712,138.55315825441764
CNT/CB-Ag dual layer,100%,11.719999999999999,122.88392072634969
CNT/CB-Ag dual layer,100%,11.728,107.7516352631065
CNT/CB-Ag dual layer,100%,11.736,89.93458947573951
CNT/CB-Ag dual layer,100%,11.744,76.31553255882065
CNT/CB-Ag dual layer,100%,11.752,66.55276774382503
CNT/CB-Ag dual layer,100%,11.76,45.41638191935955
CNT/CB-Ag dual layer,100%,11.768,33.31055354876501
CNT/CB-Ag dual layer,100%,11.776,30.52816557649127
CNT/CB-Ag dual layer,100%,11.784,27.79459142829247
CNT/CB-Ag dual layer,100%,11.792,25.84203846529335
CNT/CB-Ag dual layer,100%,11.8,23.498974909694418
CNT/CB-Ag dual layer,100%,11.808,21.497608122620324
CNT/CB-Ag dual layer,100%,11.816,19.740310455921104
CNT/CB-Ag dual layer,100%,11.824,18.37352338182172
CNT/CB-Ag dual layer,100%,11.832,13.589768622473871
CNT/CB-Ag dual layer,100%,11.84,9.733476520550612
CNT/CB-Ag dual layer,100%,11.847999999999999,8.757200039051051
CNT/CB-Ag dual layer,100%,11.856,6.658205603826996
CNT/CB-Ag dual layer,100%,11.864,3.827003807478271
CNT/CB-Ag dual layer,100%,11.872,2.0697061407790653
CNT/CB-Ag dual layer,100%,11.879999999999999,0.8005467148296274
CNT/CB-Ag dual layer,100%,11.888,0.7029190666796821
CNT/CB-Ag dual layer,100%,11.896,0.0
CNT/CB-Ag dual layer,100%,11.904,0.0
CNT/CB-Ag dual layer,100%,11.912,24.03592697451917
CNT/CB-Ag dual layer,100%,11.92,67.38260275309966
CNT/CB-Ag dual layer,100%,11.928,119.85746363370107
CNT/CB-Ag dual layer,100%,11.936,159.2990334862833
CNT/CB-Ag dual layer,100%,11.943999999999999,206.01386312603728
CNT/CB-Ag dual layer,100%,11.952,220.90207946890555
CNT/CB-Ag dual layer,100%,11.96,234.03299814507466
CNT/CB-Ag dual layer,100%,11.968,291.5356829053988
CNT/CB-Ag dual layer,100%,11.975999999999999,327.9019818412574
CNT/CB-Ag dual layer,100%,11.984,340.6423899248266
CNT/CB-Ag dual layer,100%,11.992,368.6127111197891
CNT/CB-Ag dual layer,100%,12.0,421.33164112076537
CNT/CB-Ag dual layer,100%,12.008,437.586644537733
CNT/CB-Ag dual layer,100%,12.016,472.6349702235673
CNT/CB-Ag dual layer,100%,12.024000000000001,523.3037196133944
CNT/CB-Ag dual layer,100%,12.032,538.4848189007126
CNT/CB-Ag dual layer,100%,12.04,554.2028702528555
CNT/CB-Ag dual layer,100%,12.048,571.7270330957728
CNT/CB-Ag dual layer,100%,12.056000000000001,588.3237332812652
CNT/CB-Ag dual layer,100%,12.064,603.5048325685833
CNT/CB-Ag dual layer,100%,12.072,618.2466074392268
CNT/CB-Ag dual layer,100%,12.08,640.3592697451917
CNT/CB-Ag dual layer,100%,12.088000000000001,657.0535975788342
CNT/CB-Ag dual layer,100%,12.096,672.4787659865274
CNT/CB-Ag dual layer,100%,12.104,688.4408864590451
CNT/CB-Ag dual layer,100%,12.112,702.059943375964
CNT/CB-Ag dual layer,100%,12.120000000000001,719.9746168114809
CNT/CB-Ag dual layer,100%,12.128,735.1557160987992
CNT/CB-Ag dual layer,100%,12.136,750.1415600898174
CNT/CB-Ag dual layer,100%,12.144,790.5105925998242
CNT/CB-Ag dual layer,100%,12.152000000000001,853.1387288880209
CNT/CB-Ag dual layer,100%,12.16,896.6318461388264
CNT/CB-Ag dual layer,100%,12.168,969.0227472420188
CNT/CB-Ag dual layer,100%,12.176,985.1313091867615
CNT/CB-Ag dual layer,100%,12.184000000000001,1021.8393048911452
CNT/CB-Ag dual layer,100%,12.192,1088.3725471053401
CNT/CB-Ag dual layer,100%,12.2,1118.0025383188517
CNT/CB-Ag dual layer,100%,12.208,1135.2826320413942
CNT/CB-Ag dual layer,100%,12.216,1157.2488528751342
CNT/CB-Ag dual layer,100%,12.224,1173.5526701161768
CNT/CB-Ag dual layer,100%,12.232,1196.1046568388165
CNT/CB-Ag dual layer,100%,12.24,1215.190862052133
CNT/CB-Ag dual layer,100%,12.248000000000001,1263.9558723030361
CNT/CB-Ag dual layer,100%,12.256,1317.797520257737
CNT/CB-Ag dual layer,100%,12.264,1345.7678414526993
CNT/CB-Ag dual layer,100%,12.272,1366.4649028604902
CNT/CB-Ag dual layer,100%,12.280000000000001,1387.7965439812551
CNT/CB-Ag dual layer,100%,12.288,1416.4014448891924
CNT/CB-Ag dual layer,100%,12.296,1414.6441472224933
CNT/CB-Ag dual layer,100%,12.304,1413.1797325002437
CNT/CB-Ag dual layer,100%,12.312,1402.2454359074488
CNT/CB-Ag dual layer,100%,12.32,1331.1236942302057
CNT/CB-Ag dual layer,100%,12.328,1309.6456116372156
CNT/CB-Ag dual layer,100%,12.336,1251.8500439324416
CNT/CB-Ag dual layer,100%,12.344,1233.2031631358
CNT/CB-Ag dual layer,100%,12.352,1215.142048228058
CNT/CB-Ag dual layer,100%,12.36,1183.6083178756223
CNT/CB-Ag dual layer,100%,12.368,1169.9404471346284
CNT/CB-Ag dual layer,100%,12.376,1158.2739431807088
CNT/CB-Ag dual layer,100%,12.384,1146.1193009860392
CNT/CB-Ag dual layer,100%,12.392,1134.7944938006442
CNT/CB-Ag dual layer,100%,12.4,1114.3903153373035
CNT/CB-Ag dual layer,100%,12.408,1101.5522796055843
CNT/CB-Ag dual layer,100%,12.416,1087.6403397442155
CNT/CB-Ag dual layer,100%,12.424,1076.6572293273452
CNT/CB-Ag dual layer,100%,12.432,1059.6700185492532
CNT/CB-Ag dual layer,100%,12.44,1030.9186761690912
CNT/CB-Ag dual layer,100%,12.448,1016.7626671873472
CNT/CB-Ag dual layer,100%,12.456,997.9205310944059
CNT/CB-Ag dual layer,100%,12.464,982.6418041589377
CNT/CB-Ag dual layer,100%,12.472,967.5095186956945
CNT/CB-Ag dual layer,100%,12.48,952.7189300009762
CNT/CB-Ag dual layer,100%,12.488,929.8740603338864
CNT/CB-Ag dual layer,100%,12.496,912.3987113150444
CNT/CB-Ag dual layer,100%,12.504,895.8996387777019
CNT/CB-Ag dual layer,100%,12.512,879.4493800644341
CNT/CB-Ag dual layer,100%,12.52,864.0730254808161
CNT/CB-Ag dual layer,100%,12.528,850.1122717953724
CNT/CB-Ag dual layer,100%,12.536,826.339939470858
CNT/CB-Ag dual layer,100%,12.544,807.4978033779166
CNT/CB-Ag dual layer,100%,12.552,759.2209313677632
CNT/CB-Ag dual layer,100%,12.56,699.5216245240651
CNT/CB-Ag dual layer,100%,12.568,683.3642487552474
CNT/CB-Ag dual layer,100%,12.576,660.9098896807575
CNT/CB-Ag dual layer,100%,12.584,616.8310065410524
CNT/CB-Ag dual layer,100%,12.591999999999999,565.9670018549253
CNT/CB-Ag dual layer,100%,12.6,520.2772625207458
CNT/CB-Ag dual layer,100%,12.608,470.1454651957434
CNT/CB-Ag dual layer,100%,12.616,453.7928341306258
CNT/CB-Ag dual layer,100%,12.624,435.9757883432588
CNT/CB-Ag dual layer,100%,12.632,417.86585961144186
CNT/CB-Ag dual layer,100%,12.64,403.1240847407985
CNT/CB-Ag dual layer,100%,12.648,388.7728204627551
CNT/CB-Ag dual layer,100%,12.656,375.05613589768615
CNT/CB-Ag dual layer,100%,12.664,362.6086107585668
CNT/CB-Ag dual layer,100%,12.672,348.1597188323733
CNT/CB-Ag dual layer,100%,12.68,334.19896514692954
CNT/CB-Ag dual layer,100%,12.687999999999999,314.1852972761886
CNT/CB-Ag dual layer,100%,12.696,296.90520355364634
CNT/CB-Ag dual layer,100%,12.704,285.0922581275017
CNT/CB-Ag dual layer,100%,12.712,264.6392658400859
CNT/CB-Ag dual layer,100%,12.72,248.92121448794296
CNT/CB-Ag dual layer,100%,12.728,225.00244069120367
CNT/CB-Ag dual layer,100%,12.736,208.79625109831102
CNT/CB-Ag dual layer,100%,12.744,194.00566240359262
CNT/CB-Ag dual layer,100%,12.751999999999999,179.60558430147412
CNT/CB-Ag dual layer,100%,12.76,166.03534120863026
CNT/CB-Ag dual layer,100%,12.768,150.31728985648732
CNT/CB-Ag dual layer,100%,12.776,135.28263204139407
CNT/CB-Ag dual layer,100%,12.783999999999999,85.49253148491653
CNT/CB-Ag dual layer,100%,12.792,72.80093722542222
CNT/CB-Ag dual layer,100%,12.8,62.647661817826794
CNT/CB-Ag dual layer,100%,12.808,44.00078102118518
CNT/CB-Ag dual layer,100%,12.816,32.383090891340416
CNT/CB-Ag dual layer,100%,12.824,29.40544762276676
CNT/CB-Ag dual layer,100%,12.832,23.254905789319526
CNT/CB-Ag dual layer,100%,12.84,21.399980474470365
CNT/CB-Ag dual layer,100%,12.847999999999999,19.886751928146047
CNT/CB-Ag dual layer,100%,12.856,18.22708190959679
CNT/CB-Ag dual layer,100%,12.864,16.56741189104754
CNT/CB-Ag dual layer,100%,12.872,14.419603631748501
CNT/CB-Ag dual layer,100%,12.879999999999999,10.807380650200132
CNT/CB-Ag dual layer,100%,12.888,5.925998242702326
CNT/CB-Ag dual layer,100%,12.896,4.900907937127791
CNT/CB-Ag dual layer,100%,12.904,3.827003807478271
CNT/CB-Ag dual layer,100%,12.911999999999999,3.4853070389534215
CNT/CB-Ag dual layer,100%,12.92,1.923264668554134
CNT/CB-Ag dual layer,100%,12.928,1.3374987796543942
CNT/CB-Ag dual layer,100%,12.936,1.1910573074294628
CNT/CB-Ag dual layer,100%,12.943999999999999,1.0446158352045178
CNT/CB-Ag dual layer,100%,12.952,0.6052914185297232
CNT/CB-Ag dual layer,100%,12.96,0.21478082592990133
CNT/CB-Ag dual layer,100%,12.968,0.0
CNT/CB-Ag dual layer,100%,12.975999999999999,16.957922483647366
CNT/CB-Ag dual layer,100%,12.984,83.58879234599237
CNT/CB-Ag dual layer,100%,12.992,125.76393634677339
CNT/CB-Ag dual layer,100%,13.0,184.92629112564677
CNT/CB-Ag dual layer,100%,13.008,197.66669920921603
CNT/CB-Ag dual layer,100%,13.016,213.23830908913402
CNT/CB-Ag dual layer,100%,13.024000000000001,230.46958898760127
CNT/CB-Ag dual layer,100%,13.032,245.21136385824462
CNT/CB-Ag dual layer,100%,13.04,270.3504832568583
CNT/CB-Ag dual layer,100%,13.048,284.94581665527676
CNT/CB-Ag dual layer,100%,13.056000000000001,300.7126818314946
CNT/CB-Ag dual layer,100%,13.064,314.1852972761886
CNT/CB-Ag dual layer,100%,13.072,357.72722835106896
CNT/CB-Ag dual layer,100%,13.08,402.09899443522403
CNT/CB-Ag dual layer,100%,13.088000000000001,417.18246607439227
CNT/CB-Ag dual layer,100%,13.096,466.58205603827
CNT/CB-Ag dual layer,100%,13.104,510.46568388167526
CNT/CB-Ag dual layer,100%,13.112,528.4779849653422
CNT/CB-Ag dual layer,100%,13.120000000000001,548.9797910768328
CNT/CB-Ag dual layer,100%,13.128,597.451918383286
CNT/CB-Ag dual layer,100%,13.136,630.5476911061212
CNT/CB-Ag dual layer,100%,13.144,647.0955774675386
CNT/CB-Ag dual layer,100%,13.152,665.4495753197306
CNT/CB-Ag dual layer,100%,13.16,711.5298252465097
CNT/CB-Ag dual layer,100%,13.168,756.6826125158643
CNT/CB-Ag dual layer,100%,13.176,795.7824855999218
CNT/CB-Ag dual layer,100%,13.184000000000001,859.679781314068
CNT/CB-Ag dual layer,100%,13.192,898.2915161573758
CNT/CB-Ag dual layer,100%,13.2,920.4529922874157
CNT/CB-Ag dual layer,100%,13.208,938.1235966025578
CNT/CB-Ag dual layer,100%,13.216000000000001,955.0131797325002
CNT/CB-Ag dual layer,100%,13.224,970.6824172605682
CNT/CB-Ag dual layer,100%,13.232,984.3991018256368
CNT/CB-Ag dual layer,100%,13.24,1002.460216733379
CNT/CB-Ag dual layer,100%,13.248,1041.5600898174364
CNT/CB-Ag dual layer,100%,13.256,1096.0851313091866
CNT/CB-Ag dual layer,100%,13.264,1111.9008103094795
CNT/CB-Ag dual layer,100%,13.272,1126.544957531973
CNT/CB-Ag dual layer,100%,13.280000000000001,1144.2643756711898
CNT/CB-Ag dual layer,100%,13.288,1198.0083959777407
CNT/CB-Ag dual layer,100%,13.296,1269.9599726642584
CNT/CB-Ag dual layer,100%,13.304,1291.3892414331738
CNT/CB-Ag dual layer,100%,13.312,1309.4991701649906
CNT/CB-Ag dual layer,100%,13.32,1330.733183637606
CNT/CB-Ag dual layer,100%,13.328,1351.039734452797
CNT/CB-Ag dual layer,100%,13.336,1373.4940935272869
CNT/CB-Ag dual layer,100%,13.344,1392.8731816850532
CNT/CB-Ag dual layer,100%,13.352,1414.8394025187931
CNT/CB-Ag dual layer,100%,13.36,1411.2759933613197
CNT/CB-Ag dual layer,100%,13.368,1407.3708874353215
CNT/CB-Ag dual layer,100%,13.376000000000001,1402.001366787074
CNT/CB-Ag dual layer,100%,13.384,1374.7144391291613
CNT/CB-Ag dual layer,100%,13.392,1309.401542516841
CNT/CB-Ag dual layer,100%,13.4,1289.8760128868496
CNT/CB-Ag dual layer,100%,13.408,1236.1808064043735
CNT/CB-Ag dual layer,100%,13.416,1183.6571316996974
CNT/CB-Ag dual layer,100%,13.424,1168.3784047642291
CNT/CB-Ag dual layer,100%,13.432,1140.0663868007418
CNT/CB-Ag dual layer,100%,13.44,1103.553646392658
CNT/CB-Ag dual layer,100%,13.448,1092.3752806794882
CNT/CB-Ag dual layer,100%,13.456,1075.339256077321
CNT/CB-Ag dual layer,100%,13.464,1055.42321585473
CNT/CB-Ag dual layer,100%,13.472,1044.391291613785
CNT/CB-Ag dual layer,100%,13.48,1027.5505223079174
CNT/CB-Ag dual layer,100%,13.488,1012.7111197891243
CNT/CB-Ag dual layer,100%,13.496,998.0181587425559
CNT/CB-Ag dual layer,100%,13.504,982.1536659181879
CNT/CB-Ag dual layer,100%,13.512,946.7148296397537
CNT/CB-Ag dual layer,100%,13.52,931.2896612320607
CNT/CB-Ag dual layer,100%,13.528,910.8366689446452
CNT/CB-Ag dual layer,100%,13.536000000000001,894.8257346480523
CNT/CB-Ag dual layer,100%,13.544,880.6209118422338
CNT/CB-Ag dual layer,100%,13.552,838.6898369618276
CNT/CB-Ag dual layer,100%,13.559999999999999,776.9891633310552
CNT/CB-Ag dual layer,100%,13.568,759.4650004881381
CNT/CB-Ag dual layer,100%,13.576,743.8445767841451
CNT/CB-Ag dual layer,100%,13.584,727.6383871912525
CNT/CB-Ag dual layer,100%,13.592,704.0613101630381
CNT/CB-Ag dual layer,100%,13.6,687.5134238016205
CNT/CB-Ag dual layer,100%,13.608,670.2821439031533
CNT/CB-Ag dual layer,100%,13.616,653.0996778287611
CNT/CB-Ag dual layer,100%,13.624,630.6941325783461
CNT/CB-Ag dual layer,100%,13.632,615.4642194669531
CNT/CB-Ag dual layer,100%,13.64,601.6010934296593
CNT/CB-Ag dual layer,100%,13.648,583.5399785219174
CNT/CB-Ag dual layer,100%,13.655999999999999,562.9405447622767
CNT/CB-Ag dual layer,100%,13.664,525.5491555208434
CNT/CB-Ag dual layer,100%,13.672,499.0920628722054
CNT/CB-Ag dual layer,100%,13.68,480.68925119593865
CNT/CB-Ag dual layer,100%,13.688,461.74948745484716
CNT/CB-Ag dual layer,100%,13.696,448.813824074978
CNT/CB-Ag dual layer,100%,13.704,431.43610270428576
CNT/CB-Ag dual layer,100%,13.712,409.42106804647074
CNT/CB-Ag dual layer,100%,13.719999999999999,396.4365908425265
CNT/CB-Ag dual layer,100%,13.728,380.8161671385336
CNT/CB-Ag dual layer,100%,13.736,343.08308112857554
CNT/CB-Ag dual layer,100%,13.744,295.48960265547197
CNT/CB-Ag dual layer,100%,13.751999999999999,279.2834130625793
CNT/CB-Ag dual layer,100%,13.76,243.69813531192025
CNT/CB-Ag dual layer,100%,13.768,181.60695108854824
CNT/CB-Ag dual layer,100%,13.776,166.57229327345502
CNT/CB-Ag dual layer,100%,13.784,150.6101728009372
CNT/CB-Ag dual layer,100%,13.792,90.12984477203943
CNT/CB-Ag dual layer,100%,13.8,70.99482573464803
CNT/CB-Ag dual layer,100%,13.808,61.81782680855218
CNT/CB-Ag dual layer,100%,13.815999999999999,54.544567021380445
CNT/CB-Ag dual layer,100%,13.824,46.78316899345895
CNT/CB-Ag dual layer,100%,13.832,35.80005857658888
CNT/CB-Ag dual layer,100%,13.84,27.013570243092826
CNT/CB-Ag dual layer,100%,13.847999999999999,21.351166650395378
CNT/CB-Ag dual layer,100%,13.856,16.665039539197487
CNT/CB-Ag dual layer,100%,13.864,15.591135409547983
CNT/CB-Ag dual layer,100%,13.872,11.686029483549735
CNT/CB-Ag dual layer,100%,13.879999999999999,7.878551205701448
CNT/CB-Ag dual layer,100%,13.888,6.658205603826996
CNT/CB-Ag dual layer,100%,13.896,5.730742946402407
CNT/CB-Ag dual layer,100%,13.904,4.803280288977832
CNT/CB-Ag dual layer,100%,13.911999999999999,3.631748511178353
CNT/CB-Ag dual layer,100%,13.92,2.118519964854038
CNT/CB-Ag dual layer,100%,13.928,1.6791955481792438
CNT/CB-Ag dual layer,100%,13.936,1.0446158352045178
CNT/CB-Ag dual layer,100%,13.943999999999999,8.659572390901092
CNT/CB-Ag dual layer,100%,13.952,24.182368446744114
CNT/CB-Ag dual layer,100%,13.96,46.929610465683865
CNT/CB-Ag dual layer,100%,13.968,64.30733183637606
CNT/CB-Ag dual layer,100%,13.975999999999999,86.32236649419114
CNT/CB-Ag dual layer,100%,13.984,109.8018158742556
CNT/CB-Ag dual layer,100%,13.992,125.17817045787368
CNT/CB-Ag dual layer,100%,14.0,139.3341794396173
CNT/CB-Ag dual layer,100%,14.008,151.97695987503656
CNT/CB-Ag dual layer,100%,14.016,168.72010153275403
CNT/CB-Ag dual layer,100%,14.024000000000001,186.43951967197106
CNT/CB-Ag dual layer,100%,14.032,219.2912232744313
CNT/CB-Ag dual layer,100%,14.04,236.3760617006736
CNT/CB-Ag dual layer,100%,14.048,252.1429268768915
CNT/CB-Ag dual layer,100%,14.056000000000001,265.27384555306054
CNT/CB-Ag dual layer,100%,14.064,280.8454554329786
CNT/CB-Ag dual layer,100%,14.072,297.686224738846
CNT/CB-Ag dual layer,100%,14.08,312.6232549057893
CNT/CB-Ag dual layer,100%,14.088000000000001,352.8946597676461
CNT/CB-Ag dual layer,100%,14.096,395.41150053695196
CNT/CB-Ag dual layer,100%,14.104,434.9995118617592
CNT/CB-Ag dual layer,100%,14.112,491.33066484428383
CNT/CB-Ag dual layer,100%,14.120000000000001,507.53685443717654
CNT/CB-Ag dual layer,100%,14.128,524.328809918969
CNT/CB-Ag dual layer,100%,14.136,540.6814409840866
CNT/CB-Ag dual layer,100%,14.144,581.2457287903934
CNT/CB-Ag dual layer,100%,14.152000000000001,629.8154837449965
CNT/CB-Ag dual layer,100%,14.16,644.410817143415
CNT/CB-Ag dual layer,100%,14.168,663.1065117641315
CNT/CB-Ag dual layer,100%,14.176,682.6808552181977
CNT/CB-Ag dual layer,100%,14.184000000000001,697.6178853851409
CNT/CB-Ag dual layer,100%,14.192,712.3596602557843
CNT/CB-Ag dual layer,100%,14.2,729.8838230987014
CNT/CB-Ag dual layer,100%,14.208,750.2391877379673
CNT/CB-Ag dual layer,100%,14.216,764.3463828956359
CNT/CB-Ag dual layer,100%,14.224,777.9166259884798
CNT/CB-Ag dual layer,100%,14.232,792.3167040905984
CNT/CB-Ag dual layer,100%,14.24,807.4001757297665
CNT/CB-Ag dual layer,100%,14.248000000000001,823.6551791467343
CNT/CB-Ag dual layer,100%,14.256,840.6912037489017
CNT/CB-Ag dual layer,100%,14.264,855.0424680269451
CNT/CB-Ag dual layer,100%,14.272,867.5876208142145
CNT/CB-Ag dual layer,100%,14.280000000000001,897.1687982036514
CNT/CB-Ag dual layer,100%,14.288,978.0044908718148
CNT/CB-Ag dual layer,100%,14.296,993.8689836961826
CNT/CB-Ag dual layer,100%,14.304,1010.70975300205
CNT/CB-Ag dual layer,100%,14.312000000000001,1059.962901493703
CNT/CB-Ag dual layer,100%,14.32,1120.2479742263008
CNT/CB-Ag dual layer,100%,14.328,1134.0134726154447
CNT/CB-Ag dual layer,100%,14.336,1153.002050180611
CNT/CB-Ag dual layer,100%,14.344000000000001,1172.7716489309773
CNT/CB-Ag dual layer,100%,14.352,1190.832763838719
CNT/CB-Ag dual layer,100%,14.36,1237.791662598848
CNT/CB-Ag dual layer,100%,14.368,1286.4102313775259
CNT/CB-Ag dual layer,100%,14.376,1305.0082983500924
CNT/CB-Ag dual layer,100%,14.384,1401.952552962999
CNT/CB-Ag dual layer,100%,14.392,1412.3498974909692
CNT/CB-Ag dual layer,100%,14.4,1417.524162842917
CNT/CB-Ag dual layer,100%,14.408000000000001,1419.3790881577663
CNT/CB-Ag dual layer,100%,14.416,1418.5492531484915
CNT/CB-Ag dual layer,100%,14.424,1415.815679000293
CNT/CB-Ag dual layer,100%,14.431999999999999,1412.1546421946693
CNT/CB-Ag dual layer,100%,14.440000000000001,1408.2007224445963
CNT/CB-Ag dual layer,100%,14.448,1385.843991018256
CNT/CB-Ag dual layer,100%,14.456,1327.9507956653322
CNT/CB-Ag dual layer,100%,14.464,1283.3837742848773
CNT/CB-Ag dual layer,100%,14.472,1239.1096358488724
CNT/CB-Ag dual layer,100%,14.48,1221.7807283022553
CNT/CB-Ag dual layer,100%,14.488,1201.669432783364
CNT/CB-Ag dual layer,100%,14.496,1186.244264375671
CNT/CB-Ag dual layer,100%,14.504000000000001,1171.3072342087278
CNT/CB-Ag dual layer,100%,14.512,1158.6156399492336
CNT/CB-Ag dual layer,100%,14.52,1144.16674802304
CNT/CB-Ag dual layer,100%,14.527999999999999,1130.4500634579713
CNT/CB-Ag dual layer,100%,14.536,1084.9067655960168
CNT/CB-Ag dual layer,100%,14.544,1037.557356243288
CNT/CB-Ag dual layer,100%,14.552,1020.7654007614956
CNT/CB-Ag dual layer,100%,14.56,1007.2439714927267
CNT/CB-Ag dual layer,100%,14.568,993.6737283998827
CNT/CB-Ag dual layer,100%,14.576,958.7718441862736
CNT/CB-Ag dual layer,100%,14.584,911.8617592502197
CNT/CB-Ag dual layer,100%,14.591999999999999,894.7281069999021
CNT/CB-Ag dual layer,100%,14.600000000000001,880.9626086107585
CNT/CB-Ag dual layer,100%,14.608,865.9767646197404
CNT/CB-Ag dual layer,100%,14.616,850.4051547398224
CNT/CB-Ag dual layer,100%,14.623999999999999,828.3901200820072
CNT/CB-Ag dual layer,100%,14.632,809.0110319242409
CNT/CB-Ag dual layer,100%,14.64,787.3865078590256
CNT/CB-Ag dual layer,100%,14.648,736.8153861173483
CNT/CB-Ag dual layer,100%,14.656,718.3637606170067
CNT/CB-Ag dual layer,100%,14.664,700.5955286537146
CNT/CB-Ag dual layer,100%,14.672,678.9710045884995
CNT/CB-Ag dual layer,100%,14.68,662.6671873474568
CNT/CB-Ag dual layer,100%,14.687999999999999,646.5098115786391
CNT/CB-Ag dual layer,100%,14.696,608.630284096456
CNT/CB-Ag dual layer,100%,14.704,563.8680074197013
CNT/CB-Ag dual layer,100%,14.712,544.6353607341598
CNT/CB-Ag dual layer,100%,14.719999999999999,520.3260763448208
CNT/CB-Ag dual layer,100%,14.728,476.2960070291906
CNT/CB-Ag dual layer,100%,14.736,423.38182173191444
CNT/CB-Ag dual layer,100%,14.744,407.81021185199637
CNT/CB-Ag dual layer,100%,14.751999999999999,392.5802987406033
CNT/CB-Ag dual layer,100%,14.76,330.7331836376061
CNT/CB-Ag dual layer,100%,14.768,306.521526896417
CNT/CB-Ag dual layer,100%,14.776,289.8760128868495
CNT/CB-Ag dual layer,100%,14.783999999999999,274.74372742360634
CNT/CB-Ag dual layer,100%,14.792,259.1233037196134
CNT/CB-Ag dual layer,100%,14.8,243.5028800156204
CNT/CB-Ag dual layer,100%,14.808,166.03534120863026
CNT/CB-Ag dual layer,100%,14.815999999999999,141.6772429952162
CNT/CB-Ag dual layer,100%,14.824,126.15444693937323
CNT/CB-Ag dual layer,100%,14.832,111.11978912427998
CNT/CB-Ag dual layer,100%,14.84,74.16772429952162
CNT/CB-Ag dual layer,100%,14.847999999999999,54.4469393732305
CNT/CB-Ag dual layer,100%,14.856,47.3201210582837
CNT/CB-Ag dual layer,100%,14.864,42.194669530411005
CNT/CB-Ag dual layer,100%,14.872,38.33837742848773
CNT/CB-Ag dual layer,100%,14.879999999999999,35.507175632139024
CNT/CB-Ag dual layer,100%,14.888,32.1878355950405
CNT/CB-Ag dual layer,100%,14.896,29.35663379869179
CNT/CB-Ag dual layer,100%,14.904,26.37899053011813
CNT/CB-Ag dual layer,100%,14.911999999999999,24.572879039343924
CNT/CB-Ag dual layer,100%,14.92,22.766767548569746
CNT/CB-Ag dual layer,100%,14.928,21.20472517817045
CNT/CB-Ag dual layer,100%,14.936,16.128087474372734
CNT/CB-Ag dual layer,100%,14.943999999999999,11.39314653909986
CNT/CB-Ag dual layer,100%,14.952,10.221614761300394
CNT/CB-Ag dual layer,100%,14.96,8.659572390901092
CNT/CB-Ag dual layer,100%,14.968,5.925998242702326
CNT/CB-Ag dual layer,100%,14.975999999999999,3.778189983403298
CNT/CB-Ag dual layer,100%,14.984,3.241237918578531
CNT/CB-Ag dual layer,100%,14.992,2.1673337889290245
CNT/CB-Ag dual layer,100%,15.0,0.0
