group,displacement_mm,peel_strength_2F_over_W_N_per_m
Fr-PA-10,0.00581,29.26885
Fr-PA-10,0.00581,29.26885
Fr-PA-10,0.00581,29.26885
Fr-PA-10,0.00581,29.26885
Fr-PA-10,0.00581,29.26885
Fr-PA-10,0.00581,29.26885
Fr-PA-10,0.00581,29.26885
Fr-PA-10,0.00581,29.26885
Fr-PA-10,0.00581,29.26885
Fr-PA-10,0.00581,29.26885
Fr-PA-10,0.00581,29.26885
Fr-PA-10,0.00581,29.26885
Fr-PA-10,0.00581,29.26885
Fr-PA-10,0.00581,29.26885
Fr-PA-10,0.01108,29.66563
Fr-PA-10,0.01675,29.74201
Fr-PA-10,0.02559,31.29375
Fr-PA-10,0.04512,32.92187
Fr-PA-10,0.07007,33.01128
Fr-PA-10,0.09824,33.10256
Fr-PA-10,0.12451,34.56302
Fr-PA-10,0.15195,35.96015
Fr-PA-10,0.18101,36.28055
Fr-PA-10,0.20737,37.61435
Fr-PA-10,0.23491,39.96151
Fr-PA-10,0.26504,42.61419
Fr-PA-10,0.29082,43.9871
Fr-PA-10,0.31826,44.16593
Fr-PA-10,0.34824,44.3578
Fr-PA-10,0.37476,45.83317
Fr-PA-10,0.40176,47.12784
Fr-PA-10,0.43169,46.97322
Fr-PA-10,0.45815,48.71683
Fr-PA-10,0.48481,50.02455
Fr-PA-10,0.51333,50.85723
Fr-PA-10,0.54229,52.57663
Fr-PA-10,0.56865,53.40931
Fr-PA-10,0.59604,53.46147
Fr-PA-10,0.62495,54.55123
Fr-PA-10,0.65142,56.57613
Fr-PA-10,0.67969,58.06267
Fr-PA-10,0.70864,59.90874
Fr-PA-10,0.73511,61.24253
Fr-PA-10,0.7624,62.4869
Fr-PA-10,0.79165,64.48572
Fr-PA-10,0.81802,67.42155
Fr-PA-10,0.84585,68.97329
Fr-PA-10,0.8751,69.47253
Fr-PA-10,0.90176,70.85848
Fr-PA-10,0.929,72.20345
Fr-PA-10,0.95811,73.46086
Fr-PA-10,0.98462,75.51184
Fr-PA-10,1.01265,77.0375
Fr-PA-10,1.0416,78.66561
Fr-PA-10,1.06826,80.17824
Fr-PA-10,1.09814,81.60144
Fr-PA-10,1.12461,82.81974
Fr-PA-10,1.1519,83.89645
Fr-PA-10,1.1793,85.93439
Fr-PA-10,1.2082,87.43584
Fr-PA-10,1.23467,89.26887
Fr-PA-10,1.26455,90.52442
Fr-PA-10,1.29106,91.5378
Fr-PA-10,1.31851,93.33171
Fr-PA-10,1.34585,94.49971
Fr-PA-10,1.37471,96.04958
Fr-PA-10,1.40122,97.51191
Fr-PA-10,1.4311,99.61505
Fr-PA-10,1.45762,100.79422
Fr-PA-10,1.48501,103.34444
Fr-PA-10,1.51226,104.73039
Fr-PA-10,1.54136,105.78103
Fr-PA-10,1.56777,107.89721
Fr-PA-10,1.59551,110.74176
Fr-PA-10,1.62446,113.16531
Fr-PA-10,1.65156,115.15294
Fr-PA-10,1.67905,116.89656
Fr-PA-10,1.70835,117.72925
Fr-PA-10,1.73477,119.25491
Fr-PA-10,1.76465,120.66507
Fr-PA-10,1.79121,121.94856
Fr-PA-10,1.81841,124.11504
Fr-PA-10,1.84561,126.57584
Fr-PA-10,1.87485,127.95993
Fr-PA-10,1.90137,128.448
Fr-PA-10,1.93125,128.83173
Fr-PA-10,1.95776,129.33284
Fr-PA-10,1.98521,131.01125
Fr-PA-10,2.0124,131.7806
Fr-PA-10,2.04116,132.47358
Fr-PA-10,2.06792,134.08866
Fr-PA-10,2.0979,135.66648
Fr-PA-10,2.12437,137.34488
Fr-PA-10,2.15181,138.51103
Fr-PA-10,2.179,140.141
Fr-PA-10,2.20796,141.2941
Fr-PA-10,2.23447,142.69122
Fr-PA-10,2.26221,144.34541
Fr-PA-10,2.29126,145.38301
Fr-PA-10,2.31777,146.81926
Fr-PA-10,2.346,148.20335
Fr-PA-10,2.37437,149.92274
Fr-PA-10,2.40107,152.16559
Fr-PA-10,2.42925,153.87009
Fr-PA-10,2.45811,155.60253
Fr-PA-10,2.48467,157.2176
Fr-PA-10,2.51226,158.99847
Fr-PA-10,2.54126,160.16647
Fr-PA-10,2.56846,160.82032
Fr-PA-10,2.5959,162.2547
Fr-PA-10,2.6248,163.75614
Fr-PA-10,2.65137,165.56309
Fr-PA-10,2.68135,168.04998
Fr-PA-10,2.70781,169.93517
Fr-PA-10,2.73516,171.78124
Fr-PA-10,2.7624,173.55093
Fr-PA-10,2.79155,175.24239
Fr-PA-10,2.81807,176.66559
Fr-PA-10,2.84756,177.7423
Fr-PA-10,2.87427,178.21733
Fr-PA-10,2.90176,179.25493
Fr-PA-10,2.929,180.46018
Fr-PA-10,2.95811,180.25527
Fr-PA-10,2.98462,180.66509
Fr-PA-10,3.01436,182.7049
Fr-PA-10,3.04077,184.66645
Fr-PA-10,3.06831,185.35757
Fr-PA-10,3.09565,186.25546
Fr-PA-10,3.12466,188.34555
Fr-PA-10,3.15122,190.03701
Fr-PA-10,3.17881,190.7039
Fr-PA-10,3.20771,191.22922
Fr-PA-10,3.23496,191.43413
Fr-PA-10,3.2624,191.90916
Fr-PA-10,3.29146,193.03803
Fr-PA-10,3.31812,194.66615
Fr-PA-10,3.3481,197.79385
Fr-PA-10,3.37441,199.6008
Fr-PA-10,3.40166,200.43535
Fr-PA-10,3.42896,201.26803
Fr-PA-10,3.48467,202.57576
Fr-PA-10,3.48467,202.57576
Fr-PA-10,3.51455,203.14019
Fr-PA-10,3.54106,203.47364
Fr-PA-10,3.56831,203.85737
Fr-PA-10,3.5958,206.29396
Fr-PA-10,3.62476,207.67806
Fr-PA-10,3.65098,208.51259
Fr-PA-10,3.68105,209.25586
Fr-PA-10,3.70781,208.62808
Fr-PA-10,3.73438,208.78084
Fr-PA-10,3.76255,208.60202
Fr-PA-10,3.79097,209.22978
Fr-PA-10,3.81816,210.72936
Fr-PA-10,3.84546,212.1917
Fr-PA-10,3.87466,212.8325
Fr-PA-10,3.90117,213.11381
Fr-PA-10,3.92876,213.61489
Fr-PA-10,3.95781,214.16631
Fr-PA-10,3.98447,214.78105
Fr-PA-10,4.01245,216.29364
Fr-PA-10,4.04126,217.35733
Fr-PA-10,4.06802,218.42287
Fr-PA-10,4.098,219.22948
Fr-PA-10,4.12446,219.42136
Fr-PA-10,4.1519,219.46046
Fr-PA-10,4.1791,220.90976
Fr-PA-10,4.20801,222.26777
Fr-PA-10,4.23452,223.19174
Fr-PA-10,4.26455,224.24238
Fr-PA-10,4.29106,226.25608
Fr-PA-10,4.31841,226.79446
Fr-PA-10,4.34575,226.70503
Fr-PA-10,4.37471,226.87082
Fr-PA-10,4.40127,226.84474
Fr-PA-10,4.4311,227.10183
Fr-PA-10,4.45747,228.02391
Fr-PA-10,4.48486,228.53806
Fr-PA-10,4.5124,229.02427
Fr-PA-10,4.54141,229.51233
Fr-PA-10,4.56782,229.92215
Fr-PA-10,4.5977,230.84612
Fr-PA-10,4.62422,231.14045
Fr-PA-10,4.65151,231.79429
Fr-PA-10,4.67891,232.9474
Fr-PA-10,4.70791,233.51183
Fr-PA-10,4.73447,234.29422
Fr-PA-10,4.76201,235.05054
Fr-PA-10,4.79121,235.5628
Fr-PA-10,4.81763,236.15334
Fr-PA-10,4.84556,237.20396
Fr-PA-10,4.8748,237.72929
Fr-PA-10,4.90151,238.33284
Fr-PA-10,4.92881,239.02395
Fr-PA-10,4.95796,239.39652
Fr-PA-10,4.98447,239.72998
Fr-PA-10,5.01235,241.06376
Fr-PA-10,5.04141,241.66546
Fr-PA-10,5.06812,242.63971
Fr-PA-10,5.09795,243.60094
Fr-PA-10,5.12451,243.55063
Fr-PA-10,5.15181,243.64007
Fr-PA-10,5.1792,244.57519
Fr-PA-10,5.20811,244.97385
Fr-PA-10,5.23457,245.60163
Fr-PA-10,5.2645,246.51256
Fr-PA-10,5.29106,247.14031
Fr-PA-10,5.31851,248.05124
Fr-PA-10,5.34585,248.79453
Fr-PA-10,5.37476,249.19131
Fr-PA-10,5.40117,248.91002
Fr-PA-10,5.43105,249.08886
Fr-PA-10,5.45767,249.84515
Fr-PA-10,5.48506,251.13983
Fr-PA-10,5.5123,252.6655
Fr-PA-10,5.54141,254.46126
Fr-PA-10,5.56787,255.29394
Fr-PA-10,5.59556,255.70378
Fr-PA-10,5.62456,255.64044
Fr-PA-10,5.65078,255.87142
Fr-PA-10,5.67915,256.52528
Fr-PA-10,5.70776,256.67803
Fr-PA-10,5.73442,256.76744
Fr-PA-10,5.7626,257.15306
Fr-PA-10,5.7916,258.44772
Fr-PA-10,5.81797,258.70481
Fr-PA-10,5.84531,257.99878
Fr-PA-10,5.87451,258.44772
Fr-PA-10,5.90186,258.85756
Fr-PA-10,5.9292,257.602
Fr-PA-10,5.9582,255.40946
Fr-PA-10,5.98486,253.74222
Fr-PA-10,6.0145,254.42214
Fr-PA-10,6.04077,256.07634
Fr-PA-10,6.06768,256.52528
Fr-PA-10,6.09585,256.75628
Fr-PA-10,6.12485,257.80692
Fr-PA-10,6.15151,259.91006
Fr-PA-10,6.17881,262.80675
Fr-PA-10,6.20767,263.94868
Fr-PA-10,6.23423,264.47399
Fr-PA-10,6.26255,265.4855
Fr-PA-10,6.29155,265.70346
Fr-PA-10,6.31807,265.25638
Fr-PA-10,6.34551,265.30669
Fr-PA-10,6.37456,265.33277
Fr-PA-10,6.40107,265.81895
Fr-PA-10,6.42925,265.07568
Fr-PA-10,6.45811,262.54969
Fr-PA-10,6.48472,262.22928
Fr-PA-10,6.51226,261.6015
Fr-PA-10,6.54121,261.11531
Fr-PA-10,6.56841,261.43572
Fr-PA-10,6.59585,261.34443
Fr-PA-10,6.62476,261.51209
Fr-PA-10,6.65127,263.51278
Fr-PA-10,6.67896,265.94748
Fr-PA-10,6.70796,267.07637
Fr-PA-10,6.73447,267.05029
Fr-PA-10,6.76265,265.72955
Fr-PA-10,6.79126,266.24181
Fr-PA-10,6.81787,265.47434
Fr-PA-10,6.84565,264.74223
Fr-PA-10,6.8749,265.37001
Fr-PA-10,6.90161,267.29434
Fr-PA-10,6.93135,267.89601
Fr-PA-10,6.95791,268.11397
Fr-PA-10,6.98521,268.39712
Fr-PA-10,7.01235,268.73057
Fr-PA-10,7.04131,268.85724
Fr-PA-10,7.06802,268.53683
Fr-PA-10,7.0979,268.51261
Fr-PA-10,7.12441,267.96122
Fr-PA-10,7.15176,268.08789
Fr-PA-10,7.17905,267.54954
Fr-PA-10,7.20796,264.57646
Fr-PA-10,7.23442,263.46061
Fr-PA-10,7.26196,263.5761
Fr-PA-10,7.29092,263.39726
Fr-PA-10,7.31841,262.89618
Fr-PA-10,7.34575,263.9729
Fr-PA-10,7.37461,264.16662
Fr-PA-10,7.40107,263.60219
Fr-PA-10,7.43091,264.22997
Fr-PA-10,7.45742,264.55038
Fr-PA-10,7.48481,264.20388
Fr-PA-10,7.51201,264.49821
Fr-PA-10,7.54116,264.67891
Fr-PA-10,7.56836,265.06264
Fr-PA-10,7.59751,265.84504
Fr-PA-10,7.62402,266.64047
Fr-PA-10,7.65103,267.05029
Fr-PA-10,7.68101,267.66503
Fr-PA-10,7.70781,267.66503
Fr-PA-10,7.73496,266.85841
Fr-PA-10,7.76396,266.84539
Fr-PA-10,7.79058,266.89568
Fr-PA-10,7.81772,266.7038
Fr-PA-10,7.84512,267.42287
Fr-PA-10,7.87373,267.40983
Fr-PA-10,7.90112,266.65351
Fr-PA-10,7.9311,267.08941
Fr-PA-10,7.95767,267.71719
Fr-PA-10,7.98516,267.97426
Fr-PA-10,8.01401,269.1143
Fr-PA-10,8.04033,268.42134
Fr-PA-10,8.06782,267.78052
Fr-PA-10,8.0978,269.84456
Fr-PA-10,8.12422,270.9995
Fr-PA-10,8.15171,271.23048
Fr-PA-10,8.18062,271.49875
Fr-PA-10,8.20698,271.26775
Fr-PA-10,8.23428,270.81881
Fr-PA-10,8.26431,271.04981
Fr-PA-10,8.29082,271.40932
Fr-PA-10,8.31816,272.10231
Fr-PA-10,8.34717,272.16563
Fr-PA-10,8.37368,270.94734
Fr-PA-10,8.40103,269.40863
Fr-PA-10,8.43081,269.92278
Fr-PA-10,8.45718,270.92125
Fr-PA-10,8.48394,270.49839
Fr-PA-10,8.51406,269.98613
Fr-PA-10,8.54053,269.80729
Fr-PA-10,8.56772,269.82033
Fr-PA-10,8.59512,270.75548
Fr-PA-10,8.62412,270.94734
Fr-PA-10,8.65146,271.42236
Fr-PA-10,8.68066,272.87166
Fr-PA-10,8.70713,272.69096
Fr-PA-10,8.73452,272.29416
Fr-PA-10,8.76431,271.61424
Fr-PA-10,8.79097,271.3702
Fr-PA-10,8.81826,270.94734
Fr-PA-10,8.84688,271.01254
Fr-PA-10,8.87363,271.70365
Fr-PA-10,8.90112,272.92194
Fr-PA-10,8.92861,273.64099
Fr-PA-10,8.95703,273.41001
Fr-PA-10,8.98442,273.67826
Fr-PA-10,9.01177,273.30756
Fr-PA-10,9.04077,272.57545
Fr-PA-10,9.06831,272.78037
Fr-PA-10,9.09736,272.85862
Fr-PA-10,9.12383,272.25506
Fr-PA-10,9.15112,271.61424
Fr-PA-10,9.17866,271.79308
Fr-PA-10,9.20752,271.65337
Fr-PA-10,9.23472,272.74311
Fr-PA-10,9.26392,274.07691
Fr-PA-10,9.29043,273.87013
Fr-PA-10,9.31787,272.69096
Fr-PA-10,9.34556,271.90857
Fr-PA-10,9.37373,272.64066
Fr-PA-10,9.40103,273.06352
Fr-PA-10,9.43101,273.58885
Fr-PA-10,9.45762,274.42153
Fr-PA-10,9.48501,275.87082
Fr-PA-10,9.51406,275.17784
Fr-PA-10,9.54058,274.24269
Fr-PA-10,9.56782,272.55125
Fr-PA-10,9.5977,272.53821
Fr-PA-10,9.62417,273.99867
Fr-PA-10,9.65054,275.48707
Fr-PA-10,9.68057,276.17817
Fr-PA-10,9.70732,275.81866
Fr-PA-10,9.73452,275.61374
Fr-PA-10,9.76436,275.42186
Fr-PA-10,9.79092,274.9599
Fr-PA-10,9.81812,275.42186
Fr-PA-10,9.84712,275.87082
Fr-PA-10,9.87388,275.4349
Fr-PA-10,9.90117,274.62645
Fr-PA-10,9.93101,275.63982
Fr-PA-10,9.95752,275.76835
Fr-PA-10,9.98501,275.21696
Fr-PA-10,10.01392,275.05116
Fr-PA-10,10.04019,274.37124
Fr-PA-10,10.06768,275.07539
Fr-PA-10,10.09761,275.3958
Fr-PA-10,10.12407,273.97258
Fr-PA-10,10.15093,272.40968
Fr-PA-10,10.18066,272.22898
Fr-PA-10,10.20698,271.84522
Fr-PA-10,10.23428,271.49875
Fr-PA-10,10.26426,272.15259
Fr-PA-10,10.29014,273.21627
Fr-PA-10,10.31831,274.3582
Fr-PA-10,10.34736,273.48638
Fr-PA-10,10.37383,272.94803
Fr-PA-10,10.40117,273.26844
Fr-PA-10,10.43091,273.70434
Fr-PA-10,10.45645,274.40848
Fr-PA-10,10.48408,274.51282
Fr-PA-10,10.51411,273.12686
Fr-PA-10,10.54058,272.83254
Fr-PA-10,10.56782,272.71702
Fr-PA-10,10.59766,272.49908
Fr-PA-10,10.62324,272.33329
Fr-PA-10,10.65142,272.79341
Fr-PA-10,10.68052,273.12686
Fr-PA-10,10.70698,272.40968
Fr-PA-10,10.73433,272.53821
Fr-PA-10,10.76411,273.70434
Fr-PA-10,10.78994,274.58918
Fr-PA-10,10.81802,274.14024
Fr-PA-10,10.84678,273.10078
Fr-PA-10,10.87349,272.51213
Fr-PA-10,10.90098,271.88435
Fr-PA-10,10.93076,271.84522
Fr-PA-10,10.95649,272.4227
Fr-PA-10,10.98457,272.38359
Fr-PA-10,11.01333,272.75615
Fr-PA-10,11.03984,273.38393
Fr-PA-10,11.06821,274.19055
Fr-PA-10,11.09727,275.65286
Fr-PA-10,11.12378,276.61409
Fr-PA-10,11.15117,275.72923
Fr-PA-10,11.18032,275.53737
Fr-PA-10,11.20674,276.55075
Fr-PA-10,11.23418,276.90842
Fr-PA-10,11.28984,276.4483
Fr-PA-10,11.28984,276.4483
Fr-PA-10,11.31816,275.03812
Fr-PA-10,11.34722,273.56277
Fr-PA-10,11.37354,273.0896
Fr-PA-10,11.40156,273.5255
Fr-PA-10,11.43057,275.80748
Fr-PA-10,11.45713,278.40986
Fr-PA-10,11.48462,279.19226
Fr-PA-10,11.51362,279.26862
Fr-PA-10,11.54019,279.69148
Fr-PA-10,11.56836,279.39715
Fr-PA-10,11.59746,278.6278
Fr-PA-10,11.62334,279.16617
Fr-PA-10,11.65127,279.90944
Fr-PA-10,11.68042,279.67844
Fr-PA-10,11.70718,280.08826
Fr-PA-10,11.73442,279.90944
Fr-PA-10,11.76367,279.29471
Fr-PA-10,11.79019,278.48623
Fr-PA-10,11.81826,277.83237
Fr-PA-10,11.84717,277.69079
Fr-PA-10,11.87314,275.97327
Fr-PA-10,11.90127,275.3958
Fr-PA-10,11.93027,276.24338
Fr-PA-10,11.95674,276.94752
Fr-PA-10,11.98438,275.34549
Fr-PA-10,12.01401,276.11485
Fr-PA-10,12.04028,278.07641
Fr-PA-10,12.06787,278.97429
Fr-PA-10,12.09702,278.86999
Fr-PA-10,12.12354,277.4859
Fr-PA-10,12.15181,276.06268
Fr-PA-10,12.18081,275.84474
Fr-PA-10,12.20708,277.45981
Fr-PA-10,12.23442,279.92249
Fr-PA-10,12.26357,280.55024
Fr-PA-10,12.29009,280.96008
Fr-PA-10,12.31851,281.57668
Fr-PA-10,12.34692,281.74245
Fr-PA-10,12.37339,281.65305
Fr-PA-10,12.40161,281.64001
Fr-PA-10,12.43057,281.92129
Fr-PA-10,12.45693,281.64001
Fr-PA-10,12.48438,280.35839
Fr-PA-10,12.51362,278.89605
Fr-PA-10,12.53999,277.39646
Fr-PA-10,12.56807,275.61374
Fr-PA-10,12.59707,274.78106
Fr-PA-10,12.62349,274.5631
Fr-PA-10,12.65166,275.05116
Fr-PA-10,12.67993,276.06268
Fr-PA-10,12.70718,278.4471
Fr-PA-10,12.73452,279.47354
Fr-PA-10,12.76353,279.0637
Fr-PA-10,12.79023,278.53839
Fr-PA-10,12.81772,276.94752
Fr-PA-10,12.84644,275.24304
Fr-PA-10,12.87397,274.88351
Fr-PA-10,12.90142,274.61526
Fr-PA-10,12.93032,274.38426
Fr-PA-10,12.95688,274.61526
Fr-PA-10,12.98442,274.73075
Fr-PA-10,13.01328,274.05083
Fr-PA-10,13.04048,273.79375
Fr-PA-10,13.06797,274.24269
Fr-PA-10,13.09697,274.33212
Fr-PA-10,13.12344,274.62645
Fr-PA-10,13.15352,274.3973
Fr-PA-10,13.18003,274.51282
Fr-PA-10,13.20718,274.07691
Fr-PA-10,13.23442,274.03779
Fr-PA-10,13.26279,275.30637
Fr-PA-10,13.29009,278.0112
Fr-PA-10,13.32007,278.92213
Fr-PA-10,13.34668,277.53804
Fr-PA-10,13.37383,275.96023
Fr-PA-10,13.40117,275.06235
Fr-PA-10,13.4293,274.44761
Fr-PA-10,13.45659,274.10111
Fr-PA-10,13.48672,273.89622
Fr-PA-10,13.51313,273.30756
Fr-PA-10,13.54053,273.10078
Fr-PA-10,13.56938,273.53668
Fr-PA-10,13.596,273.46032
Fr-PA-10,13.62329,273.70434
Fr-PA-10,13.65283,273.39697
Fr-PA-10,13.67939,273.17901
Fr-PA-10,13.70693,273.35784
Fr-PA-10,13.73574,273.88318
Fr-PA-10,13.76226,275.33245
Fr-PA-10,13.79048,276.90842
Fr-PA-10,13.81938,277.96092
Fr-PA-10,13.84575,278.66507
Fr-PA-10,13.87329,278.73027
Fr-PA-10,13.90317,278.39682
Fr-PA-10,13.92886,277.97396
Fr-PA-10,13.95703,277.61443
Fr-PA-10,13.98623,276.46134
Fr-PA-10,14.0126,274.3582
Fr-PA-10,14.0397,274.24269
Fr-PA-10,14.06904,274.40848
Fr-PA-10,14.09561,273.38393
Fr-PA-10,14.12368,273.42305
Fr-PA-10,14.15283,274.78106
Fr-PA-10,14.17925,274.90959
Fr-PA-10,14.20649,274.24269
Fr-PA-10,14.23564,274.60222
Fr-PA-10,14.26235,274.71771
Fr-PA-10,14.28965,274.44761
Fr-PA-10,14.31953,273.60189
Fr-PA-10,14.34531,273.98562
Fr-PA-10,14.37349,273.84591
Fr-PA-10,14.40244,273.6913
Fr-PA-10,14.42891,273.98562
Fr-PA-10,14.45688,274.17936
Fr-PA-10,14.48599,274.87047
Fr-PA-10,14.51274,276.33278
Fr-PA-10,14.54009,279.4102
Fr-PA-10,14.56899,282.53789
Fr-PA-10,14.59561,284.34484
Fr-PA-10,14.62373,284.65221
Fr-PA-10,14.65273,285.11419
Fr-PA-10,14.67939,285.47373
Fr-PA-10,14.70669,285.48677
Fr-PA-10,14.73579,285.4346
Fr-PA-10,14.76226,285.29303
Fr-PA-10,14.79058,285.3843
Fr-PA-10,14.81953,285.37126
Fr-PA-10,14.84507,285.42156
Fr-PA-10,14.87349,285.55009
Fr-PA-10,14.90269,285.67863
Fr-PA-10,14.9291,285.71775
Fr-PA-10,14.95649,285.8202
Fr-PA-10,14.98638,285.80718
Fr-PA-10,15.01187,285.8202
Fr-PA-10,15.03994,285.85746
Fr-PA-10,15.06919,285.94689
Fr-PA-10,15.0957,285.93571
Fr-PA-10,15.12305,285.99904
Fr-PA-10,15.15298,285.90963
Fr-PA-10,15.17866,285.98599
Fr-PA-10,15.20679,285.85746
Fr-PA-10,15.23564,285.70471
Fr-PA-10,15.2623,285.62648
Fr-PA-10,15.28965,285.3843
Fr-PA-10,15.31968,285.25577
Fr-PA-10,15.34546,285.11419
Fr-PA-10,15.37349,284.93536
Fr-PA-10,15.40244,284.80682
Fr-PA-10,15.42896,284.65221
Fr-PA-10,15.4563,284.48641
Fr-PA-10,15.48623,284.3076
Fr-PA-10,15.5127,284.166
Fr-PA-10,15.54009,284.05051
Fr-PA-10,15.56904,283.84562
Fr-PA-10,15.59565,283.74314
Fr-PA-10,15.62397,283.60157
Fr-PA-10,15.65264,283.56245
Fr-PA-10,15.67925,283.5252
Fr-PA-10,15.70684,283.49912
Fr-PA-10,15.73574,283.56245
Fr-PA-10,15.76221,283.5252
Fr-PA-10,15.79038,283.57549
Fr-PA-10,15.81924,283.55129
Fr-PA-10,15.8457,283.58853
Fr-PA-10,15.87573,283.62765
Fr-PA-10,15.9022,283.691
Fr-PA-10,15.92944,283.78041
Fr-PA-10,15.95669,283.78041
Fr-PA-10,15.98579,283.83257
Fr-PA-10,16.01211,283.87167
Fr-PA-10,16.0417,283.93502
Fr-PA-10,16.06846,284.11386
Fr-PA-10,16.09585,284.1269
Fr-PA-10,16.12314,284.25543
Fr-PA-10,16.15234,284.39701
Fr-PA-10,16.17871,284.48641
Fr-PA-10,16.2085,284.63917
Fr-PA-10,16.23501,284.83291
Fr-PA-10,16.26245,284.92231
Fr-PA-10,16.28975,285.01174
Fr-PA-10,16.31885,285.11419
Fr-PA-10,16.34541,285.12723
Fr-PA-10,16.37524,285.19058
Fr-PA-10,16.40176,285.14028
Fr-PA-10,16.4291,285.21664
Fr-PA-10,16.45879,285.22968
Fr-PA-10,16.48535,285.21664
Fr-PA-10,16.51284,285.21664
Fr-PA-10,16.54189,285.21664
Fr-PA-10,16.56831,285.12723
Fr-PA-10,16.59565,285.08811
Fr-PA-10,16.62544,284.97262
Fr-PA-10,16.65191,284.80682
Fr-PA-10,16.6793,284.58889
Fr-PA-10,16.7083,284.43427
Fr-PA-10,16.73481,284.29456
Fr-PA-10,16.76206,284.1269
Fr-PA-10,16.79199,283.94806
Fr-PA-10,16.81841,283.66492
Fr-PA-10,16.84541,283.40969
Fr-PA-10,16.87461,283.24206
Fr-PA-10,16.90127,282.98683
Fr-PA-10,16.92935,282.80613
Fr-PA-10,16.95835,282.67946
Fr-PA-10,16.98486,282.51181
Fr-PA-10,17.01187,282.33299
Fr-PA-10,17.04111,282.17838
Fr-PA-10,17.06782,282.06286
Fr-PA-10,17.09595,281.88405
Fr-PA-10,17.12495,281.71639
Fr-PA-10,17.15083,281.56364
Fr-PA-10,17.179,281.42207
Fr-PA-10,17.20786,281.23019
Fr-PA-10,17.23423,280.99918
Fr-PA-10,17.26177,280.87065
Fr-PA-10,17.29165,280.56328
Fr-PA-10,17.31826,280.34534
Fr-PA-10,17.3457,280.03798
Fr-PA-10,17.37451,279.74179
Fr-PA-10,17.40093,279.38411
Fr-PA-10,17.4291,279.11401
Fr-PA-10,17.45815,278.81968
Fr-PA-10,17.48472,278.48623
Fr-PA-10,17.51201,278.28133
Fr-PA-10,17.54102,278.08945
Fr-PA-10,17.56831,277.79326
Fr-PA-10,17.59575,277.4859
Fr-PA-10,17.62471,277.20461
Fr-PA-10,17.65088,276.8842
Fr-PA-10,17.6811,276.64015
Fr-PA-10,17.70781,276.35887
Fr-PA-10,17.73501,276.14093
Fr-PA-10,17.7623,275.84474
Fr-PA-10,17.79126,275.65286
Fr-PA-10,17.81768,275.40884
Fr-PA-10,17.84746,275.16665
Fr-PA-10,17.87412,274.89655
Fr-PA-10,17.90137,274.52397
Fr-PA-10,17.92866,274.28181
Fr-PA-10,17.95762,273.89622
Fr-PA-10,17.98511,273.65217
Fr-PA-10,18.01397,273.35784
Fr-PA-10,18.04023,273.06352
Fr-PA-10,18.06768,272.87166
Fr-PA-10,18.09756,272.60153
Fr-PA-10,18.12402,272.40968
Fr-PA-10,18.15146,272.25506
Fr-PA-10,18.18037,271.99984
Fr-PA-10,18.20664,271.79308
Fr-PA-10,18.23477,271.66641
Fr-PA-10,18.26387,271.55089
Fr-PA-10,18.29033,271.46149
Fr-PA-10,18.31763,271.3702
Fr-PA-10,18.34692,271.23048
Fr-PA-10,18.37334,271.20442
Fr-PA-10,18.40151,270.9995
Fr-PA-10,18.43047,270.84489
Fr-PA-10,18.45615,270.79458
Fr-PA-10,18.48442,270.62693
Fr-PA-10,18.51357,270.52448
Fr-PA-10,18.53999,270.38291
Fr-PA-10,18.56743,270.19103
Fr-PA-10,18.59727,270.08858
Fr-PA-10,18.62373,270.01219
Fr-PA-10,18.65103,269.90974
Fr-PA-10,18.68013,269.76817
Fr-PA-10,18.70654,269.6918
Fr-PA-10,18.73472,269.49992
Fr-PA-10,18.76362,269.37139
Fr-PA-10,18.79033,269.20373
Fr-PA-10,18.81758,269.01186
Fr-PA-10,18.84624,268.89637
Fr-PA-10,18.87383,268.81998
Fr-PA-10,18.90127,268.70449
Fr-PA-10,18.93013,268.57595
Fr-PA-10,18.95674,268.49959
Fr-PA-10,18.98657,268.39712
Fr-PA-10,19.01284,268.33193
Fr-PA-10,19.04004,268.2425
Fr-PA-10,19.06753,268.28163
Fr-PA-10,19.09649,268.2425
Fr-PA-10,19.12383,268.34497
Fr-PA-10,19.15283,268.34497
Fr-PA-10,19.17939,268.42134
Fr-PA-10,19.20659,268.34497
Fr-PA-10,19.23647,268.28163
Fr-PA-10,19.26299,268.2425
Fr-PA-10,19.29033,268.14005
Fr-PA-10,19.31943,268.1531
Fr-PA-10,19.34595,268.1531
Fr-PA-10,19.3731,268.08789
Fr-PA-10,19.40288,268.03761
Fr-PA-10,19.42935,268.01152
Fr-PA-10,19.45664,268.08789
Fr-PA-10,19.48657,268.06366
Fr-PA-10,19.51216,268.19222
Fr-PA-10,19.54043,268.21642
Fr-PA-10,19.56939,268.34497
Fr-PA-10,19.596,268.42134
Fr-PA-10,19.62329,268.41016
Fr-PA-10,19.65225,268.57595
Fr-PA-10,19.67891,268.54987
Fr-PA-10,19.70732,268.62812
Fr-PA-10,19.73618,268.66536
Fr-PA-10,19.76211,268.73057
Fr-PA-10,19.79033,268.76783
Fr-PA-10,19.81919,268.76783
Fr-PA-10,19.84561,268.80693
Fr-PA-10,19.87314,268.80693
Fr-PA-10,19.90298,268.83302
Fr-PA-10,19.92861,268.84606
Fr-PA-10,19.95684,268.85724
Fr-PA-10,19.98599,268.89637
Fr-PA-10,20.0123,268.90941
Fr-PA-10,20.03945,268.87028
Fr-PA-10,20.06953,268.88332
Fr-PA-10,20.09526,268.90941
Fr-PA-10,20.12344,268.92245
Fr-PA-10,20.15259,269.0249
Fr-PA-10,20.179,269.12735
Fr-PA-10,20.2062,269.15343
Fr-PA-10,20.23603,269.26892
Fr-PA-10,20.26187,269.40863
Fr-PA-10,20.29004,269.42167
Fr-PA-10,20.31909,269.53719
Fr-PA-10,20.34561,269.57629
Fr-PA-10,20.37295,269.67876
Fr-PA-10,20.40278,269.66572
Fr-PA-10,20.42852,269.84456
Fr-PA-10,20.45654,269.98613
Fr-PA-10,20.4856,270.01219
Fr-PA-10,20.51235,270.17798
Fr-PA-10,20.54043,270.2935
Fr-PA-10,20.56934,270.44811
Fr-PA-10,20.5959,270.55056
Fr-PA-10,20.62319,270.60084
Fr-PA-10,20.65225,270.7685
Fr-PA-10,20.67891,270.83185
Fr-PA-10,20.70708,271.02559
Fr-PA-10,20.73613,271.13922
Fr-PA-10,20.76265,271.29383
Fr-PA-10,20.79014,271.29383
Fr-PA-10,20.81914,271.31991
Fr-PA-10,20.84531,271.44845
Fr-PA-10,20.87373,271.47267
Fr-PA-10,20.90293,271.49875
Fr-PA-10,20.92935,271.53785
Fr-PA-10,20.95679,271.58816
Fr-PA-10,20.98579,271.64032
Fr-PA-10,21.01211,271.65337
Fr-PA-10,21.0396,271.66641
Fr-PA-10,21.06968,271.88435
Fr-PA-10,21.09536,271.8713
Fr-PA-10,21.12358,272.10231
Fr-PA-10,21.15259,272.08927
Fr-PA-10,21.1791,272.2178
Fr-PA-10,21.20635,272.25506
Fr-PA-10,21.23603,272.34447
Fr-PA-10,21.2627,272.44692
Fr-PA-10,21.29009,272.43574
Fr-PA-10,21.31929,272.53821
Fr-PA-10,21.3459,272.69096
Fr-PA-10,21.37393,272.75615
Fr-PA-10,21.40288,272.87166
Fr-PA-10,21.42939,272.89586
Fr-PA-10,21.45679,273.03743
Fr-PA-10,21.48589,273.0896
Fr-PA-10,21.5124,273.2554
Fr-PA-10,21.54062,273.33176
Fr-PA-10,21.56958,273.49942
Fr-PA-10,21.59619,273.61493
Fr-PA-10,21.62354,273.67826
Fr-PA-10,21.65225,273.84591
Fr-PA-10,21.67891,273.90926
Fr-PA-10,21.70732,274.14024
Fr-PA-10,21.73623,274.2166
Fr-PA-10,21.76211,274.34516
Fr-PA-10,21.79033,274.48673
Fr-PA-10,21.81919,274.55006
Fr-PA-10,21.84565,274.74194
Fr-PA-10,21.87319,274.85743
Fr-PA-10,21.90298,274.98596
Fr-PA-10,21.92871,275.12753
Fr-PA-10,21.95688,275.24304
Fr-PA-10,21.98603,275.35853
Fr-PA-10,22.0124,275.48707
Fr-PA-10,22.04033,275.5765
Fr-PA-10,22.06958,275.71621
Fr-PA-10,22.09619,275.79443
Fr-PA-10,22.12354,275.88384
Fr-PA-10,22.15269,276.02544
Fr-PA-10,22.1791,276.14093
Fr-PA-10,22.20713,276.21729
Fr-PA-10,22.23613,276.25456
Fr-PA-10,22.26284,276.35887
Fr-PA-10,22.29019,276.2676
Fr-PA-10,22.31924,276.25456
Fr-PA-10,22.3458,276.04964
Fr-PA-10,22.37393,275.94719
Fr-PA-10,22.40298,275.89688
Fr-PA-10,22.42954,275.8317
Fr-PA-10,22.45664,275.92297
Fr-PA-10,22.48579,275.87082
Fr-PA-10,22.5125,275.99936
Fr-PA-10,22.54067,276.0366
Fr-PA-10,22.56963,276.14093
Fr-PA-10,22.59551,276.24338
Fr-PA-10,22.62363,276.33278
Fr-PA-10,22.65264,276.51162
Fr-PA-10,22.67925,276.61409
Fr-PA-10,22.70654,276.80595
Fr-PA-10,22.73584,276.89724
Fr-PA-10,22.7623,276.92146
Fr-PA-10,22.78999,276.93448
Fr-PA-10,22.81973,276.90842
Fr-PA-10,22.84512,276.87116
Fr-PA-10,22.87349,276.74263
Fr-PA-10,22.90269,276.69046
Fr-PA-10,22.92905,276.51162
Fr-PA-10,22.95728,276.39613
Fr-PA-10,22.98623,276.33278
Fr-PA-10,23.01245,276.2676
Fr-PA-10,23.03984,276.33278
Fr-PA-10,23.06904,276.33278
Fr-PA-10,23.09551,276.34583
Fr-PA-10,23.12363,276.4725
Fr-PA-10,23.15269,276.43526
Fr-PA-10,23.1792,276.57683
Fr-PA-10,23.20649,276.61409
Fr-PA-10,23.23545,276.62711
Fr-PA-10,23.26206,276.76871
Fr-PA-10,23.29028,276.81899
Fr-PA-10,23.31943,276.85812
Fr-PA-10,23.346,276.96056
Fr-PA-10,23.37324,276.98665
Fr-PA-10,23.4022,276.98665
Fr-PA-10,23.42871,277.07608
Fr-PA-10,23.45693,277.17853
Fr-PA-10,23.48603,277.19157
Fr-PA-10,23.5125,277.29402
Fr-PA-10,23.53989,277.35736
Fr-PA-10,23.5689,277.4859
Fr-PA-10,23.59556,277.52502
Fr-PA-10,23.62368,277.55108
Fr-PA-10,23.65239,277.60139
Fr-PA-10,23.67905,277.5753
Fr-PA-10,23.70913,277.5753
Fr-PA-10,23.7356,277.49894
Fr-PA-10,23.76284,277.45981
Fr-PA-10,23.79019,277.39646
Fr-PA-10,23.81904,277.28097
Fr-PA-10,23.84546,277.24185
Fr-PA-10,23.87549,277.23069
Fr-PA-10,23.90195,277.19157
Fr-PA-10,23.92944,277.20461
Fr-PA-10,23.95669,277.11518
Fr-PA-10,23.98584,277.1394
Fr-PA-10,24.01216,277.06304
Fr-PA-10,24.0395,277.11518
Fr-PA-10,24.06875,277.20461
Fr-PA-10,24.09614,277.3201
Fr-PA-10,24.12349,277.45981
Fr-PA-10,24.152,277.66659
Fr-PA-10,24.17925,277.83237
Fr-PA-10,24.2064,278.0112
Fr-PA-10,24.23545,278.21612
Fr-PA-10,24.26211,278.28133
Fr-PA-10,24.29028,278.3577
Fr-PA-10,24.31851,278.54958
Fr-PA-10,24.34595,278.60172
Fr-PA-10,24.37324,278.73027
Fr-PA-10,24.40225,278.81968
Fr-PA-10,24.42881,278.89605
Fr-PA-10,24.45679,279.08792
Fr-PA-10,24.48511,279.11401
Fr-PA-10,24.51265,279.38411
Fr-PA-10,24.53989,279.54991
Fr-PA-10,24.56885,279.69148
Fr-PA-10,24.59541,279.85728
Fr-PA-10,24.62354,279.98581
Fr-PA-10,24.65171,280.16651
Fr-PA-10,24.6792,280.22985
Fr-PA-10,24.70898,280.43475
Fr-PA-10,24.7355,280.47388
Fr-PA-10,24.76274,280.61359
Fr-PA-10,24.79028,280.63967
Fr-PA-10,24.81836,280.70486
Fr-PA-10,24.84541,280.82037
Fr-PA-10,24.87554,280.87065
Fr-PA-10,24.9022,280.99918
Fr-PA-10,24.92935,281.06253
Fr-PA-10,24.95679,281.19106
Fr-PA-10,24.98501,281.31959
Fr-PA-10,25.01216,281.38294
Fr-PA-10,25.04194,281.64001
Fr-PA-10,25.06865,281.70335
Fr-PA-10,25.09595,281.87101
Fr-PA-10,25.12329,281.99954
Fr-PA-10,25.15146,282.08895
Fr-PA-10,25.17891,282.30691
Fr-PA-10,25.2064,282.34603
Fr-PA-10,25.23535,282.43544
Fr-PA-10,25.26191,282.53789
Fr-PA-10,25.2918,282.55093
Fr-PA-10,25.31846,282.57515
Fr-PA-10,25.34575,282.67946
Fr-PA-10,25.37295,282.61428
Fr-PA-10,25.40195,282.62732
Fr-PA-10,25.42852,282.60124
Fr-PA-10,25.4584,282.61428
Fr-PA-10,25.48501,282.51181
Fr-PA-10,25.51226,282.48575
Fr-PA-10,25.54219,282.35719
Fr-PA-10,25.5686,282.26779
Fr-PA-10,25.59521,282.24356
Fr-PA-10,25.62505,282.26779
Fr-PA-10,25.65122,282.35719
Fr-PA-10,25.67866,282.39632
Fr-PA-10,25.70879,282.4224
Fr-PA-10,25.73516,282.44848
Fr-PA-10,25.7625,282.4224
Fr-PA-10,25.7916,282.43544
Fr-PA-10,25.81807,282.33299
Fr-PA-10,25.84521,282.39632
Fr-PA-10,25.8729,282.34603
Fr-PA-10,25.90191,282.39632
Fr-PA-10,25.92925,282.38328
Fr-PA-10,25.9583,282.38328
Fr-PA-10,25.98496,282.43544
Fr-PA-10,26.01211,282.33299
Fr-PA-10,26.0417,282.39632
Fr-PA-10,26.06841,282.39632
Fr-PA-10,26.09512,282.43544
Fr-PA-10,26.12495,282.38328
Fr-PA-10,26.15161,282.43544
Fr-PA-10,26.17881,282.47271
Fr-PA-10,26.2085,282.44848
Fr-PA-10,26.23433,282.48575
Fr-PA-10,26.2626,282.38328
Fr-PA-10,26.2916,282.29387
Fr-PA-10,26.31812,282.26779
Fr-PA-10,26.34536,282.17838
Fr-PA-10,26.37456,282.19142
Fr-PA-10,26.40107,282.06286
Fr-PA-10,26.42915,282.07591
Fr-PA-10,26.45801,282.03681
Fr-PA-10,26.48452,281.92129
Fr-PA-10,26.51206,281.96042
Fr-PA-10,26.54209,281.97346
Fr-PA-10,26.56758,281.9865
Fr-PA-10,26.5958,281.96042
Fr-PA-10,26.62476,281.91011
Fr-PA-10,26.65122,281.85797
Fr-PA-10,26.67866,281.76854
Fr-PA-10,26.70845,281.81884
Fr-PA-10,26.73413,281.7555
Fr-PA-10,26.76226,281.66609
Fr-PA-10,26.79141,281.61392
Fr-PA-10,26.81787,281.40903
Fr-PA-10,26.84561,281.31959
Fr-PA-10,26.87485,280.98617
Fr-PA-10,26.90093,280.83155
Fr-PA-10,26.929,280.80733
Fr-PA-10,26.95806,280.78125
Fr-PA-10,26.98452,280.79429
Fr-PA-10,27.01245,280.7682
Fr-PA-10,27.04077,280.90978
Fr-PA-10,27.06831,280.90978
Fr-PA-10,27.09565,281.02527
Fr-PA-10,27.12466,281.12774
Fr-PA-10,27.15117,281.12774
Fr-PA-10,27.17871,281.29351
Fr-PA-10,27.20771,281.29351
Fr-PA-10,27.23486,281.40903
Fr-PA-10,27.2623,281.49843
Fr-PA-10,27.29136,281.56364
Fr-PA-10,27.31802,281.69217
Fr-PA-10,27.348,281.84493
Fr-PA-10,27.37432,281.99954
Fr-PA-10,27.40156,282.1523
Fr-PA-10,27.42886,282.34603
Fr-PA-10,27.45791,282.53789
Fr-PA-10,27.48452,282.72977
Fr-PA-10,27.5144,282.89742
Fr-PA-10,27.54097,283.05018
Fr-PA-10,27.56821,283.26812
Fr-PA-10,27.59561,283.38363
Fr-PA-10,27.62461,283.61461
Fr-PA-10,27.65083,283.80649
Fr-PA-10,27.68086,283.96111
Fr-PA-10,27.70762,284.19209
Fr-PA-10,27.73486,284.39701
Fr-PA-10,27.76216,284.65221
Fr-PA-10,27.79116,284.97262
Fr-PA-10,27.81758,285.19058
Fr-PA-10,27.84507,285.47373
Fr-PA-10,27.87432,285.66558
Fr-PA-10,27.90083,285.8705
Fr-PA-10,27.92905,286.11453
Fr-PA-10,27.95806,286.29336
Fr-PA-10,27.98472,286.52437
Fr-PA-10,28.01445,286.58955
Fr-PA-10,28.04072,286.78143
Fr-PA-10,28.06826,286.87084
Fr-PA-10,28.09565,287.03663
Fr-PA-10,28.12466,287.14097
Fr-PA-10,28.15132,287.26764
Fr-PA-10,28.1811,287.43529
Fr-PA-10,28.20747,287.48558
Fr-PA-10,28.23477,287.70354
Fr-PA-10,28.26226,287.83207
Fr-PA-10,28.29131,287.97364
Fr-PA-10,28.31782,288.05003
Fr-PA-10,28.34775,288.11522
Fr-PA-10,28.37422,288.20465
Fr-PA-10,28.40156,288.26797
Fr-PA-10,28.42886,288.44867
Fr-PA-10,28.45776,288.53807
Fr-PA-10,28.48433,288.64055
Fr-PA-10,28.51211,288.7933
Fr-PA-10,28.54116,288.85849
Fr-PA-10,28.56758,289.01124
Fr-PA-10,28.5958,288.9982
Fr-PA-10,28.62412,289.05036
Fr-PA-10,28.65083,289.13977
Fr-PA-10,28.6791,289.11369
Fr-PA-10,28.70811,289.19194
Fr-PA-10,28.73467,289.1789
Fr-PA-10,28.76196,289.20498
Fr-PA-10,28.79116,289.13977
Fr-PA-10,28.81758,289.12673
Fr-PA-10,28.84551,289.10253
Fr-PA-10,28.87476,289.07645
Fr-PA-10,28.90142,289.08949
Fr-PA-10,28.92871,289.05036
Fr-PA-10,28.95786,289.06341
Fr-PA-10,28.98438,289.08949
Fr-PA-10,29.01226,289.03732
Fr-PA-10,29.04131,289.10253
Fr-PA-10,29.06797,289.08949
Fr-PA-10,29.09785,289.11369
Fr-PA-10,29.12436,289.15281
Fr-PA-10,29.15083,289.12673
Fr-PA-10,29.17905,289.20498
Fr-PA-10,29.20796,289.16585
Fr-PA-10,29.23442,289.21616
Fr-PA-10,29.26435,289.30743
Fr-PA-10,29.29092,289.30743
Fr-PA-10,29.31836,289.30743
Fr-PA-10,29.3457,289.34469
Fr-PA-10,29.37461,289.42294
Fr-PA-10,29.40107,289.30743
Fr-PA-10,29.43091,289.44714
Fr-PA-10,29.45752,289.39686
Fr-PA-10,29.48491,289.46018
Fr-PA-10,29.51216,289.51235
Fr-PA-10,29.54126,289.56265
Fr-PA-10,29.56772,289.73029
Fr-PA-10,29.59771,289.74333
Fr-PA-10,29.62422,289.85884
Fr-PA-10,29.65122,289.92217
Fr-PA-10,29.67871,290.03766
Fr-PA-10,29.70801,290.11405
Fr-PA-10,29.73447,290.22954
Fr-PA-10,29.76431,290.2817
Fr-PA-10,29.79087,290.39719
Fr-PA-10,29.81802,290.5369
Fr-PA-10,29.84531,290.60211
Fr-PA-10,29.87451,290.73064
Fr-PA-10,29.90103,290.80701
Fr-PA-10,29.92861,290.97281
Fr-PA-10,29.95767,291.07525
Fr-PA-10,29.98438,291.24291
Fr-PA-10,30.01235,291.37146
Fr-PA-10,30.04116,291.5894
Fr-PA-10,30.06792,291.76824
Fr-PA-10,30.09531,291.96012
Fr-PA-10,30.12441,292.11473
Fr-PA-10,30.15103,292.36994
Fr-PA-10,30.17915,292.56368
Fr-PA-10,30.20801,292.67917
Fr-PA-10,30.23457,292.858
Fr-PA-10,30.26201,293.02378
Fr-PA-10,30.29107,293.15233
Fr-PA-10,30.31841,293.30695
Fr-PA-10,30.3458,293.47274
Fr-PA-10,30.37481,293.61432
Fr-PA-10,30.40132,293.75589
Fr-PA-10,30.43115,293.8956
Fr-PA-10,30.45757,294.15267
Fr-PA-10,30.48496,294.32032
Fr-PA-10,30.5125,294.49916
Fr-PA-10,30.54145,294.69101
Fr-PA-10,30.56792,294.89594
Fr-PA-10,30.5978,295.06359
Fr-PA-10,30.62427,295.33184
Fr-PA-10,30.65151,295.44733
Fr-PA-10,30.679,295.71745
Fr-PA-10,30.70801,295.93539
Fr-PA-10,30.73452,296.17944
Fr-PA-10,30.76435,296.46072
Fr-PA-10,30.79107,296.66562
Fr-PA-10,30.81826,296.95995
Fr-PA-10,30.84526,297.24312
Fr-PA-10,30.87456,297.53745
Fr-PA-10,30.90122,297.79451
Fr-PA-10,30.92871,298.06275
Fr-PA-10,30.95776,298.48561
Fr-PA-10,30.98433,298.79484
Fr-PA-10,31.01235,299.07613
Fr-PA-10,31.04067,299.48597
Fr-PA-10,31.06846,299.72999
Fr-PA-10,31.09575,300.03736
Fr-PA-10,31.12476,300.37081
Fr-PA-10,31.18125,300.93524
Fr-PA-10,31.18125,300.93524
Fr-PA-10,31.20762,301.14017
Fr-PA-10,31.23486,301.39723
Fr-PA-10,31.26216,301.65243
Fr-PA-10,31.29121,301.97284
Fr-PA-10,31.31787,302.15354
Fr-PA-10,31.3478,302.48699
Fr-PA-10,31.37417,302.67885
Fr-PA-10,31.40142,302.88377
Fr-PA-10,31.42876,303.25634
Fr-PA-10,31.45771,303.46124
Fr-PA-10,31.48433,303.76861
Fr-PA-10,31.51187,303.99961
Fr-PA-10,31.54102,304.20451
Fr-PA-10,31.56748,304.39639
Fr-PA-10,31.5958,304.45971
Fr-PA-10,31.62485,304.7168
Fr-PA-10,31.65103,304.80621
Fr-PA-10,31.68106,305.03721
Fr-PA-10,31.70786,305.24211
Fr-PA-10,31.73501,305.39672
Fr-PA-10,31.7623,305.67801
Fr-PA-10,31.79141,305.84567
Fr-PA-10,31.81782,306.12695
Fr-PA-10,31.84761,306.38404
Fr-PA-10,31.87432,306.57589
Fr-PA-10,31.90161,306.81994
Fr-PA-10,31.92891,306.93543
Fr-PA-10,31.95796,307.14035
Fr-PA-10,31.98462,307.28192
Fr-PA-10,32.01435,307.43468
Fr-PA-10,32.04067,307.51104
Fr-PA-10,32.06816,307.61538
Fr-PA-10,32.09556,307.76813
Fr-PA-10,32.12456,307.78115
Fr-PA-10,32.15122,307.99911
Fr-PA-10,32.18105,308.15372
Fr-PA-10,32.20742,308.30648
Fr-PA-10,32.23467,308.43501
Fr-PA-10,32.26216,308.5505
Fr-PA-10,32.29121,308.65297
Fr-PA-10,32.31773,308.87091
Fr-PA-10,32.34526,308.89699
Fr-PA-10,32.37437,309.08887
Fr-PA-10,32.40093,309.128
Fr-PA-10,32.4291,309.29377
Fr-PA-10,32.45737,309.42233
Fr-PA-10,32.48413,309.48565
Fr-PA-10,32.5125,309.60114
Fr-PA-10,32.5415,309.74271
Fr-PA-10,32.56787,309.80606
Fr-PA-10,32.59776,309.89733
Fr-PA-10,32.62422,309.9998
Fr-PA-10,32.65151,309.98676
Fr-PA-10,32.67896,309.98676
Fr-PA-10,32.70796,310.06312
Fr-PA-10,32.73452,309.9998
Fr-PA-10,32.76435,310.11529
Fr-PA-10,32.79102,310.08921
Fr-PA-10,32.81826,310.15255
Fr-PA-10,32.84521,310.2047
Fr-PA-10,32.87451,310.15255
Fr-PA-10,32.90122,310.32021
Fr-PA-10,32.93101,310.29413
Fr-PA-10,32.95757,310.29413
Fr-PA-10,32.98491,310.32021
Fr-PA-10,33.01201,310.26804
Fr-PA-10,33.04102,310.32021
Fr-PA-10,33.06777,310.255
Fr-PA-10,33.09771,310.24196
Fr-PA-10,33.12422,310.17864
Fr-PA-10,33.15156,310.15255
Fr-PA-10,33.17886,310.12647
Fr-PA-10,33.20776,310.05008
Fr-PA-10,33.23413,310.06312
Fr-PA-10,33.26172,310.03704
Fr-PA-10,33.29082,309.96068
Fr-PA-10,33.31821,309.92155
Fr-PA-10,33.34565,309.92155
Fr-PA-10,33.37446,309.90851
Fr-PA-10,33.40093,309.88431
Fr-PA-10,33.43071,309.93459
Fr-PA-10,33.45728,309.93459
Fr-PA-10,33.48467,309.96068
Fr-PA-10,33.51191,309.97372
Fr-PA-10,33.54092,309.97372
Fr-PA-10,33.56821,310.03704
Fr-PA-10,33.59731,310.08921
Fr-PA-10,33.62383,310.11529
Fr-PA-10,33.65083,310.28109
Fr-PA-10,33.67857,310.29413
Fr-PA-10,33.70718,310.51207
Fr-PA-10,33.73442,310.53815
Fr-PA-10,33.76196,310.67786
Fr-PA-10,33.79107,310.83248
Fr-PA-10,33.81743,310.94797
Fr-PA-10,33.84722,311.13985
Fr-PA-10,33.87397,311.20505
Fr-PA-10,33.90122,311.46026
Fr-PA-10,33.93105,311.61487
Fr-PA-10,33.95757,311.75458
Fr-PA-10,33.98418,311.83283
Fr-PA-10,34.01392,311.97255
Fr-PA-10,34.04018,312.05077
Fr-PA-10,34.06773,312.15322
Fr-PA-10,34.09766,312.35814
Fr-PA-10,34.12412,312.42149
Fr-PA-10,34.15161,312.60216
Fr-PA-10,34.18052,312.76796
Fr-PA-10,34.20689,312.83317
Fr-PA-10,34.23418,312.99896
Fr-PA-10,34.26416,313.11445
Fr-PA-10,34.29072,313.28025
Fr-PA-10,34.31807,313.40878
Fr-PA-10,34.34712,313.58948
Fr-PA-10,34.37354,313.82046
Fr-PA-10,34.40093,313.97321
Fr-PA-10,34.43076,314.16509
Fr-PA-10,34.45713,314.35883
Fr-PA-10,34.48452,314.53767
Fr-PA-10,34.51372,314.75561
Fr-PA-10,34.54023,314.98661
Fr-PA-10,34.56748,315.15238
Fr-PA-10,34.59502,315.34612
Fr-PA-10,34.62397,315.58831
Fr-PA-10,34.65054,315.74292
Fr-PA-10,34.68052,315.93478
Fr-PA-10,34.70703,316.08939
Fr-PA-10,34.73442,316.21792
Fr-PA-10,34.76416,316.33158
Fr-PA-10,34.79087,316.42284
Fr-PA-10,34.81812,316.61472
Fr-PA-10,34.84687,316.69109
Fr-PA-10,34.87363,316.78052
Fr-PA-10,34.90107,316.94818
Fr-PA-10,34.93091,316.96122
Fr-PA-10,34.95752,317.17916
Fr-PA-10,34.98481,317.21642
Fr-PA-10,35.01362,317.41016
Fr-PA-10,35.04018,317.53683
Fr-PA-10,35.06768,317.6281
Fr-PA-10,35.09751,317.81998
Fr-PA-10,35.12407,317.95969
Fr-PA-10,35.15142,318.08822
Fr-PA-10,35.18052,318.25588
Fr-PA-10,35.20693,318.29314
Fr-PA-10,35.23418,318.39559
Fr-PA-10,35.26406,318.55021
Fr-PA-10,35.29063,318.63961
Fr-PA-10,35.31807,318.78119
Fr-PA-10,35.34717,319.03827
Fr-PA-10,35.37358,319.16494
Fr-PA-10,35.40083,319.3326
Fr-PA-10,35.42837,319.5375
Fr-PA-10,35.45684,319.74242
Fr-PA-10,35.48433,319.94734
Fr-PA-10,35.51182,320.17832
Fr-PA-10,35.54092,320.3702
Fr-PA-10,35.56738,320.55089
Fr-PA-10,35.59741,320.66638
Fr-PA-10,35.62392,320.90855
Fr-PA-10,35.65093,321.13955
Fr-PA-10,35.67842,321.39661
Fr-PA-10,35.70766,321.61458
Fr-PA-10,35.73413,321.81947
Fr-PA-10,35.76397,322.06352
Fr-PA-10,35.79053,322.22929
Fr-PA-10,35.81768,322.5255
Fr-PA-10,35.84751,322.69127
Fr-PA-10,35.87417,322.90924
Fr-PA-10,35.90147,323.08807
Fr-PA-10,35.93052,323.29483
Fr-PA-10,35.95703,323.47367
Fr-PA-10,35.98452,323.58916
Fr-PA-10,36.01416,323.75495
Fr-PA-10,36.04048,323.90957
Fr-PA-10,36.06802,324.08841
Fr-PA-10,36.09712,324.2691
Fr-PA-10,36.12363,324.31941
Fr-PA-10,36.15107,324.56343
Fr-PA-10,36.18086,324.66588
Fr-PA-10,36.20713,324.71619
Fr-PA-10,36.23452,324.92297
Fr-PA-10,36.26367,325.06268
Fr-PA-10,36.29023,325.26758
Fr-PA-10,36.31753,325.38307
Fr-PA-10,36.34741,325.53768
Fr-PA-10,36.37392,325.6532
Fr-PA-10,36.40127,325.76869
Fr-PA-10,36.43027,325.92144
Fr-PA-10,36.45664,326.07605
Fr-PA-10,36.48403,326.19154
Fr-PA-10,36.51182,326.28098
Fr-PA-10,36.54082,326.55108
Fr-PA-10,36.56728,326.64049
Fr-PA-10,36.59722,326.84541
Fr-PA-10,36.62373,326.9609
Fr-PA-10,36.65102,327.0503
Fr-PA-10,36.67847,327.17886
Fr-PA-10,36.70747,327.22914
Fr-PA-10,36.73403,327.37072
Fr-PA-10,36.76387,327.49925
Fr-PA-10,36.79063,327.54955
Fr-PA-10,36.81782,327.70417
Fr-PA-10,36.84736,327.79357
Fr-PA-10,36.87407,327.92213
Fr-PA-10,36.90156,328.01154
Fr-PA-10,36.93047,327.96123
Fr-PA-10,36.95708,328.11399
Fr-PA-10,36.98438,328.16615
Fr-PA-10,37.01411,328.2295
Fr-PA-10,37.04053,328.2686
Fr-PA-10,37.06807,328.31891
Fr-PA-10,37.09712,328.33195
Fr-PA-10,37.12363,328.31891
Fr-PA-10,37.15098,328.30586
Fr-PA-10,37.18091,328.33195
Fr-PA-10,37.20732,328.25556
Fr-PA-10,37.23462,328.2686
Fr-PA-10,37.26367,328.29468
Fr-PA-10,37.29018,328.31891
Fr-PA-10,37.31768,328.28164
Fr-PA-10,37.34756,328.39715
Fr-PA-10,37.37392,328.4344
Fr-PA-10,37.40127,328.48656
Fr-PA-10,37.43027,328.57597
Fr-PA-10,37.45679,328.57597
Fr-PA-10,37.48423,328.67844
Fr-PA-10,37.51172,328.54989
Fr-PA-10,37.54023,328.63932
Fr-PA-10,37.56748,328.60205
Fr-PA-10,37.59521,328.60205
Fr-PA-10,37.62427,328.62813
Fr-PA-10,37.65054,328.53684
Fr-PA-10,37.68052,328.46048
Fr-PA-10,37.70732,328.39715
Fr-PA-10,37.73442,328.25556
Fr-PA-10,37.76421,328.25556
Fr-PA-10,37.79077,328.16615
Fr-PA-10,37.81797,328.15311
Fr-PA-10,37.84682,328.11399
Fr-PA-10,37.87354,328.0879
Fr-PA-10,37.90078,328.0637
Fr-PA-10,37.93056,328.03762
Fr-PA-10,37.95703,328.05066
Fr-PA-10,37.98447,327.98545
Fr-PA-10,38.01416,327.97427
Fr-PA-10,38.0396,327.88301
Fr-PA-10,38.06797,327.88301
Fr-PA-10,38.09702,327.90909
Fr-PA-10,38.12349,327.79357
Fr-PA-10,38.15093,327.8327
Fr-PA-10,38.18066,327.84574
Fr-PA-10,38.2062,327.75633
Fr-PA-10,38.23433,327.78056
Fr-PA-10,38.26348,327.74329
Fr-PA-10,38.28994,327.69113
Fr-PA-10,38.31812,327.69113
Fr-PA-10,38.34707,327.58868
Fr-PA-10,38.37295,327.66504
Fr-PA-10,38.40112,327.6278
Fr-PA-10,38.43008,327.52533
Fr-PA-10,38.4564,327.46015
Fr-PA-10,38.48462,327.34463
Fr-PA-10,38.51382,327.24218
Fr-PA-10,38.54053,327.20492
Fr-PA-10,38.56773,327.07639
Fr-PA-10,38.59678,326.9609
Fr-PA-10,38.62324,326.90873
Fr-PA-10,38.65073,326.81932
Fr-PA-10,38.67988,326.71688
Fr-PA-10,38.70713,326.6144
Fr-PA-10,38.73442,326.38342
Fr-PA-10,38.76338,326.33312
Fr-PA-10,38.79004,326.15242
Fr-PA-10,38.82007,326.07605
Fr-PA-10,38.84614,325.96056
Fr-PA-10,38.87368,325.89722
Fr-PA-10,38.90107,325.83201
Fr-PA-10,38.93003,325.66624
Fr-PA-10,38.95659,325.60103
Fr-PA-10,38.98643,325.51162
Fr-PA-10,39.0127,325.43523
Fr-PA-10,39.03989,325.38307
Fr-PA-10,39.06992,325.37005
Fr-PA-10,39.09639,325.34583
Fr-PA-10,39.12368,325.33278
Fr-PA-10,39.15269,325.29366
Fr-PA-10,39.1792,325.21729
Fr-PA-10,39.2064,325.10178
Fr-PA-10,39.23603,325.06268
Fr-PA-10,39.28994,324.94717
Fr-PA-10,39.28994,324.94717
Fr-PA-10,39.31904,324.8708
Fr-PA-10,39.34565,324.97325
Fr-PA-10,39.37358,324.88384
Fr-PA-10,39.40249,324.90993
Fr-PA-10,39.42896,324.88384
Fr-PA-10,39.4563,324.8708
Fr-PA-10,39.48643,324.85776
Fr-PA-10,39.51206,324.76835
Fr-PA-10,39.54028,324.71619
Fr-PA-10,39.56919,324.65284
Fr-PA-10,39.5958,324.57647
Fr-PA-10,39.6231,324.51127
Fr-PA-10,39.65264,324.51127
Fr-PA-10,39.67847,324.4349
Fr-PA-10,39.70689,324.44794
Fr-PA-10,39.73574,324.44794
Fr-PA-10,39.76221,324.33243
Fr-PA-10,39.79038,324.35851
Fr-PA-10,39.81924,324.33243
Fr-PA-10,39.84502,324.31941
Fr-PA-10,39.87339,324.33243
Fr-PA-10,39.90234,324.2039
Fr-PA-10,39.92886,324.16666
Fr-PA-10,39.95698,324.17781
Fr-PA-10,39.98545,324.06232
Fr-PA-10,40.01265,324.08841
Fr-PA-10,40.03975,323.98596
Fr-PA-10,40.06895,323.93565
Fr-PA-10,40.09551,323.89653
Fr-PA-10,40.12305,323.80712
Fr-PA-10,40.15215,323.75495
Fr-PA-10,40.17934,323.69163
Fr-PA-10,40.20654,323.57614
Fr-PA-10,40.2355,323.48671
Fr-PA-10,40.26216,323.44759
Fr-PA-10,40.29199,323.29483
Fr-PA-10,40.31846,323.1663
Fr-PA-10,40.34575,323.07689
Fr-PA-10,40.37295,322.97256
Fr-PA-10,40.402,322.9856
Fr-PA-10,40.4293,322.87011
Fr-PA-10,40.45815,322.88315
Fr-PA-10,40.48472,322.81983
Fr-PA-10,40.51216,322.7807
Fr-PA-10,40.54194,322.89619
Fr-PA-10,40.56831,322.79375
Fr-PA-10,40.5956,322.76766
Fr-PA-10,40.62456,322.7304
Fr-PA-10,40.65102,322.5497
Fr-PA-10,40.6792,322.5255
Fr-PA-10,40.70815,322.39695
Fr-PA-10,40.73467,322.31872
Fr-PA-10,40.76191,322.20509
Fr-PA-10,40.79209,322.03743
Fr-PA-10,40.81763,322.03743
Fr-PA-10,40.84556,321.87164
Fr-PA-10,40.87476,321.8586
Fr-PA-10,40.90142,321.83251
Fr-PA-10,40.92866,321.64063
Fr-PA-10,40.95855,321.66486
Fr-PA-10,40.98423,321.53819
Fr-PA-10,41.01216,321.48602
Fr-PA-10,41.04111,321.47298
Fr-PA-10,41.06777,321.38357
Fr-PA-10,41.0959,321.32025
Fr-PA-10,41.12495,321.26808
Fr-PA-10,41.15078,321.20473
Fr-PA-10,41.179,321.08924
Fr-PA-10,41.20786,320.97375
Fr-PA-10,41.23428,320.90855
Fr-PA-10,41.26245,320.92159
Fr-PA-10,41.29087,320.8061
Fr-PA-10,41.31831,320.72971
Fr-PA-10,41.34565,320.78187
Fr-PA-10,41.37451,320.74275
Fr-PA-10,41.40098,320.69061
Fr-PA-10,41.43101,320.70365
Fr-PA-10,41.45752,320.61422
Fr-PA-10,41.48486,320.55089
Fr-PA-10,41.51206,320.56394
Fr-PA-10,41.54111,320.58814
Fr-PA-10,41.56758,320.52481
Fr-PA-10,41.59751,320.40932
Fr-PA-10,41.62397,320.35716
Fr-PA-10,41.65093,320.28077
Fr-PA-10,41.67837,320.15224
Fr-PA-10,41.70757,320.08891
Fr-PA-10,41.73486,319.96038
Fr-PA-10,41.76387,319.84487
Fr-PA-10,41.79033,319.79458
Fr-PA-10,41.81748,319.71633
Fr-PA-10,41.84746,319.65301
Fr-PA-10,41.87407,319.62693
Fr-PA-10,41.90132,319.51141
Fr-PA-10,41.93032,319.37172
Fr-PA-10,41.95679,319.21709
Fr-PA-10,41.98423,319.02523
Fr-PA-10,42.01387,318.84453
Fr-PA-10,42.04014,318.60237
Fr-PA-10,42.06768,318.52412
Fr-PA-10,42.09761,318.35833
Fr-PA-10,42.12329,318.064
Fr-PA-10,42.15156,317.95969
Fr-PA-10,42.18052,317.70449
Fr-PA-10,42.20674,317.53683
Fr-PA-10,42.23408,317.41016
Fr-PA-10,42.26406,317.17916
Fr-PA-10,42.2897,317.06367
Fr-PA-10,42.31782,316.8457
Fr-PA-10,42.34687,316.64081
Fr-PA-10,42.37334,316.48619
Fr-PA-10,42.40151,316.16578
Fr-PA-10,42.43047,316.05029
Fr-PA-10,42.4562,315.7932
Fr-PA-10,42.48442,315.58831
Fr-PA-10,42.51362,315.3573
Fr-PA-10,42.54004,315.13937
Fr-PA-10,42.56816,314.8711
Fr-PA-10,42.59653,314.53767
Fr-PA-10,42.62295,314.29362
Fr-PA-10,42.65107,313.92293
Fr-PA-10,42.68018,313.66584
Fr-PA-10,42.70659,313.20386
Fr-PA-10,42.73413,312.82012
Fr-PA-10,42.76308,312.48667
Fr-PA-10,42.79058,311.97255
Fr-PA-10,42.81777,311.61487
Fr-PA-10,42.84649,311.07652
Fr-PA-10,42.87324,310.74307
Fr-PA-10,42.90342,310.37049
Fr-PA-10,42.92979,309.97372
Fr-PA-10,42.95713,309.69057
Fr-PA-10,42.98442,309.28073
Fr-PA-10,43.01323,308.9864
Fr-PA-10,43.0397,308.61385
Fr-PA-10,43.06973,308.16491
Fr-PA-10,43.09619,307.6787
Fr-PA-10,43.12349,307.19063
Fr-PA-10,43.15073,306.78082
Fr-PA-10,43.17979,306.31883
Fr-PA-10,43.20703,305.87175
Fr-PA-10,43.23594,305.47311
Fr-PA-10,43.2625,305.07631
Fr-PA-10,43.28975,304.58827
Fr-PA-10,43.31987,304.13933
Fr-PA-10,43.3458,303.76861
Fr-PA-10,43.37295,303.2675
Fr-PA-10,43.40273,302.8316
Fr-PA-10,43.42925,302.30629
Fr-PA-10,43.45649,301.76792
Fr-PA-10,43.48638,301.20349
Fr-PA-10,43.51196,300.69122
Fr-PA-10,43.53955,299.99824
Fr-PA-10,43.56929,299.45989
Fr-PA-10,43.59595,298.75572
Fr-PA-10,43.62319,298.11492
Fr-PA-10,43.65278,297.5244
Fr-PA-10,43.67857,296.8575
Fr-PA-10,43.70635,296.20364
Fr-PA-10,43.73603,295.65225
Fr-PA-10,43.7625,295.153
Fr-PA-10,43.78989,294.54944
Fr-PA-10,43.81899,294.02413
Fr-PA-10,43.84536,293.57519
Fr-PA-10,43.87368,293.17842
Fr-PA-10,43.90264,292.80584
Fr-PA-10,43.92852,292.44816
Fr-PA-10,43.95664,292.08865
Fr-PA-10,43.98574,291.84461
Fr-PA-10,44.01211,291.62667
Fr-PA-10,44.03999,291.38448
Fr-PA-10,44.06919,291.21685
Fr-PA-10,44.09512,291.03801
Fr-PA-10,44.12324,290.82005
Fr-PA-10,44.15234,290.75487
Fr-PA-10,44.17871,290.47358
Fr-PA-10,44.20605,290.12709
Fr-PA-10,44.23584,289.89608
Fr-PA-10,44.26255,289.75637
Fr-PA-10,44.28984,289.70423
Fr-PA-10,44.3189,289.62784
Fr-PA-10,44.34536,289.48627
Fr-PA-10,44.37349,289.47322
Fr-PA-10,44.40249,289.35773
Fr-PA-10,44.42896,289.32047
Fr-PA-10,44.45869,289.29439
Fr-PA-10,44.48521,289.2292
Fr-PA-10,44.51274,289.15281
Fr-PA-10,44.53994,289.24224
Fr-PA-10,44.5688,289.06341
Fr-PA-10,44.59536,289.16585
Fr-PA-10,44.62514,289.12673
Fr-PA-10,44.65161,289.12673
Fr-PA-10,44.679,289.16585
Fr-PA-10,44.70874,289.10253
Fr-PA-10,44.73525,289.1789
Fr-PA-10,44.7625,289.19194
Fr-PA-10,44.7916,289.20498
Fr-PA-10,44.81807,289.29439
Fr-PA-10,44.84497,289.16585
Fr-PA-10,44.875,289.2292
Fr-PA-10,44.90166,289.19194
Fr-PA-10,44.92891,289.20498
Fr-PA-10,44.95796,289.21616
Fr-PA-10,44.98447,289.24224
Fr-PA-10,45.0124,289.21616
Fr-PA-10,45.04131,289.19194
Fr-PA-10,45.06802,289.1789
Fr-PA-10,45.09531,289.13977
Fr-PA-10,45.12451,289.24224
Fr-PA-10,45.15102,289.24224
Fr-PA-10,45.17915,289.26833
Fr-PA-10,45.20806,289.30743
Fr-PA-10,45.23384,289.24224
Fr-PA-10,45.26206,289.29439
Fr-PA-10,45.29107,289.2292
Fr-PA-10,45.31768,289.2292
Fr-PA-10,45.3459,289.24224
Fr-PA-10,45.37471,289.13977
Fr-PA-10,45.42861,289.13977
Fr-PA-10,45.42861,289.13977
Fr-PA-10,45.45762,289.16585
Fr-PA-10,45.48418,289.13977
Fr-PA-10,45.51231,289.12673
Fr-PA-10,45.54126,289.16585
Fr-PA-10,45.56768,289.16585
Fr-PA-10,45.59761,289.20498
Fr-PA-10,45.62407,289.2292
Fr-PA-10,45.65127,289.30743
Fr-PA-10,45.67876,289.30743
Fr-PA-10,45.70801,289.34469
Fr-PA-10,45.73442,289.35773
Fr-PA-10,45.76426,289.26833
Fr-PA-10,45.79082,289.25529
Fr-PA-10,45.81733,289.13977
Fr-PA-10,45.84536,289.02428
Fr-PA-10,45.87392,288.98702
Fr-PA-10,45.90122,288.81936
Fr-PA-10,45.92857,288.72995
Fr-PA-10,45.95752,288.62751
Fr-PA-10,45.98501,288.40954
Fr-PA-10,46.01216,288.34436
Fr-PA-10,46.04014,288.1264
Fr-PA-10,46.06768,288.08913
Fr-PA-10,46.09521,287.9606
Fr-PA-10,46.12422,287.83207
Fr-PA-10,46.15166,287.76872
Fr-PA-10,46.18056,287.64019
Fr-PA-10,46.20689,287.48558
Fr-PA-10,46.23418,287.39617
Fr-PA-10,46.26431,287.30676
Fr-PA-10,46.29077,287.10184
Fr-PA-10,46.31807,286.96027
Fr-PA-10,46.34712,286.89692
Fr-PA-10,46.37349,286.70506
Fr-PA-10,46.40083,286.61377
Fr-PA-10,46.43061,286.38279
Fr-PA-10,46.45693,286.23004
Fr-PA-10,46.48433,285.92267
Fr-PA-10,46.51353,285.57618
Fr-PA-10,46.53999,285.26881
Fr-PA-10,46.56797,284.89625
Fr-PA-10,46.59697,284.73046
Fr-PA-10,46.62339,284.47337
Fr-PA-10,46.65063,284.22935
Fr-PA-10,46.68056,284.05051
Fr-PA-10,46.7062,283.76923
Fr-PA-10,46.73442,283.61461
Fr-PA-10,46.76333,283.38363
Fr-PA-10,46.78999,283.13959
Fr-PA-10,46.81807,282.96075
Fr-PA-10,46.84678,282.69064
Fr-PA-10,46.87339,282.55093
Fr-PA-10,46.90088,282.38328
Fr-PA-10,46.92979,282.19142
Fr-PA-10,46.95718,282.04982
Fr-PA-10,46.98447,281.93433
Fr-PA-10,47.01318,281.79462
Fr-PA-10,47.03965,281.72944
Fr-PA-10,47.06968,281.61392
Fr-PA-10,47.09614,281.46117
Fr-PA-10,47.12339,281.44813
Fr-PA-10,47.15322,281.28049
Fr-PA-10,47.17969,281.24323
Fr-PA-10,47.20708,281.10166
Fr-PA-10,47.23594,281.03831
Fr-PA-10,47.2625,280.99918
Fr-PA-10,47.28979,280.83155
Fr-PA-10,47.31743,280.6788
Fr-PA-10,47.3456,280.69184
Fr-PA-10,47.37363,280.48692
Fr-PA-10,47.40254,280.42171
Fr-PA-10,47.429,280.31926
Fr-PA-10,47.45635,280.24287
Fr-PA-10,47.48623,280.14042
Fr-PA-10,47.51186,280.01189
Fr-PA-10,47.54004,279.80697
Fr-PA-10,47.56895,279.56295
Fr-PA-10,47.59556,279.39715
Fr-PA-10,47.62363,279.10097
Fr-PA-10,47.65234,278.86999
Fr-PA-10,47.67837,278.60172
Fr-PA-10,47.70669,278.32043
Fr-PA-10,47.7356,278.13973
Fr-PA-10,47.76206,277.70383
Fr-PA-10,47.78955,277.35736
Fr-PA-10,47.81929,276.5377
Fr-PA-10,47.84575,275.6007
Fr-PA-10,47.87324,274.999
Fr-PA-10,47.90224,274.48673
Fr-PA-10,47.92876,274.16632
Fr-PA-10,47.95625,273.6913
Fr-PA-10,47.98565,273.31872
Fr-PA-10,48.01191,272.84558
Fr-PA-10,48.03984,272.35751
Fr-PA-10,48.06904,271.8061
Fr-PA-10,48.09556,271.15226
Fr-PA-10,48.12373,270.42203
Fr-PA-10,48.15195,269.71786
Fr-PA-10,48.17939,268.88332
Fr-PA-10,48.20644,267.98544
Fr-PA-10,48.23545,267.21609
Fr-PA-10,48.26206,266.35733
Fr-PA-10,48.29189,265.2303
Fr-PA-10,48.31831,264.19084
Fr-PA-10,48.3456,263.4867
Fr-PA-10,48.37534,262.90922
Fr-PA-10,48.40181,262.37085
Fr-PA-10,48.42842,261.87162
Fr-PA-10,48.45806,261.58845
Fr-PA-10,48.48462,261.17864
Fr-PA-10,48.51206,260.88431
Fr-PA-10,48.54204,260.65333
Fr-PA-10,48.56773,260.30684
Fr-PA-10,48.59507,260.128
Fr-PA-10,48.62481,259.91006
Fr-PA-10,48.65127,259.71632
Fr-PA-10,48.67866,259.55052
PTPU-10,0.01812,2.3956
PTPU-10,0.04414,1.49958
PTPU-10,0.07217,1.589
PTPU-10,0.09854,2.37139
PTPU-10,0.12578,3.0625
PTPU-10,0.15493,3.69214
PTPU-10,0.18154,4.35717
PTPU-10,0.20894,5.01102
PTPU-10,0.23643,5.71704
PTPU-10,0.26499,6.34481
PTPU-10,0.29243,7.05083
PTPU-10,0.31987,7.70468
PTPU-10,0.34902,8.44795
PTPU-10,0.37573,8.98631
PTPU-10,0.40312,9.7035
PTPU-10,0.43198,10.28098
PTPU-10,0.45879,10.93484
PTPU-10,0.48662,11.61477
PTPU-10,0.51641,12.21647
PTPU-10,0.54214,12.87032
PTPU-10,0.57046,13.51113
PTPU-10,0.59927,14.19107
PTPU-10,0.62568,14.89708
PTPU-10,0.65317,15.52486
PTPU-10,0.68301,16.12655
PTPU-10,0.70869,16.76737
PTPU-10,0.73687,17.35789
PTPU-10,0.76587,17.9987
PTPU-10,0.79224,18.65256
PTPU-10,0.81943,19.30641
PTPU-10,0.84937,20.01243
PTPU-10,0.87505,20.66628
PTPU-10,0.90332,21.29406
PTPU-10,0.93247,21.98703
PTPU-10,0.95879,22.60177
PTPU-10,0.98604,23.25562
PTPU-10,1.01592,23.90947
PTPU-10,1.04165,24.57637
PTPU-10,1.06924,25.24326
PTPU-10,1.09907,26.02379
PTPU-10,1.125,26.75588
PTPU-10,1.15244,27.48612
PTPU-10,1.18232,28.12693
PTPU-10,1.20879,28.94844
PTPU-10,1.23589,29.57622
PTPU-10,1.26509,30.35861
PTPU-10,1.2918,30.98638
PTPU-10,1.31904,31.72965
PTPU-10,1.34883,32.44871
PTPU-10,1.37539,33.11374
PTPU-10,1.40254,33.84583
PTPU-10,1.43247,34.51273
PTPU-10,1.4583,35.256
PTPU-10,1.48643,35.88377
PTPU-10,1.51548,36.60096
PTPU-10,1.54199,37.33306
PTPU-10,1.56943,38.05025
PTPU-10,1.59917,38.74322
PTPU-10,1.62461,39.41012
PTPU-10,1.65298,40.15339
PTPU-10,1.68208,40.85754
PTPU-10,1.70859,41.61385
PTPU-10,1.73608,42.40928
PTPU-10,1.76582,43.15255
PTPU-10,1.79131,43.90886
PTPU-10,1.81963,44.65213
PTPU-10,1.84878,45.3451
PTPU-10,1.87524,46.05112
PTPU-10,1.90259,46.83165
PTPU-10,1.93252,47.53766
PTPU-10,1.95815,48.19151
PTPU-10,1.98574,48.79321
PTPU-10,2.01548,49.49923
PTPU-10,2.04189,50.28161
PTPU-10,2.06934,50.97272
PTPU-10,2.09854,51.72904
PTPU-10,2.1251,52.51143
PTPU-10,2.15229,53.24352
PTPU-10,2.18208,54.03709
PTPU-10,2.20859,54.87164
PTPU-10,2.23594,55.66521
PTPU-10,2.26592,56.48671
PTPU-10,2.2916,57.19087
PTPU-10,2.31982,57.89688
PTPU-10,2.34878,58.67927
PTPU-10,2.37549,59.44862
PTPU-10,2.40269,60.22915
PTPU-10,2.43228,60.9482
PTPU-10,2.45815,61.69147
PTPU-10,2.48652,62.4869
PTPU-10,2.51548,63.2041
PTPU-10,2.54204,63.9604
PTPU-10,2.56934,64.72976
PTPU-10,2.59907,65.57548
PTPU-10,2.62471,66.30757
PTPU-10,2.65313,67.05084
PTPU-10,2.68213,67.85746
PTPU-10,2.70859,68.66592
PTPU-10,2.73599,69.34586
PTPU-10,2.76528,70.24188
PTPU-10,2.7917,71.02427
PTPU-10,2.8189,71.89608
PTPU-10,2.84888,72.71759
PTPU-10,2.87476,73.4087
PTPU-10,2.90239,74.12775
PTPU-10,2.93228,74.8319
PTPU-10,2.95864,75.57517
PTPU-10,2.98599,76.3706
PTPU-10,3.01499,77.17907
PTPU-10,3.04155,77.99872
PTPU-10,3.06978,78.6917
PTPU-10,3.09878,79.46105
PTPU-10,3.12529,80.26766
PTPU-10,3.15259,81.1022
PTPU-10,3.18252,81.83243
PTPU-10,3.2082,82.73032
PTPU-10,3.23608,83.49967
PTPU-10,3.26533,84.31932
PTPU-10,3.29204,85.04955
PTPU-10,3.31929,85.49849
PTPU-10,3.34912,86.08901
PTPU-10,3.37485,86.81924
PTPU-10,3.40298,87.58859
PTPU-10,3.43193,88.42128
PTPU-10,3.45859,89.01179
PTPU-10,3.48594,89.75507
PTPU-10,3.51577,90.51138
PTPU-10,3.54146,91.37015
PTPU-10,3.56982,92.13949
PTPU-10,3.59868,92.88276
PTPU-10,3.625,93.69124
PTPU-10,3.65249,94.46059
PTPU-10,3.68184,95.31935
PTPU-10,3.7083,95.97321
PTPU-10,3.73569,96.74256
PTPU-10,3.76548,97.39642
PTPU-10,3.79185,98.1136
PTPU-10,3.81919,98.8457
PTPU-10,3.84834,99.52563
PTPU-10,3.87485,99.90938
PTPU-10,3.90215,100.40861
PTPU-10,3.93208,101.10159
PTPU-10,3.95854,101.7424
PTPU-10,3.98594,102.52479
PTPU-10,4.01577,103.21777
PTPU-10,4.04136,103.948
PTPU-10,4.06963,104.57578
PTPU-10,4.09893,105.11414
PTPU-10,4.12534,105.82014
PTPU-10,4.15259,106.5243
PTPU-10,4.18252,107.25639
PTPU-10,4.2082,108.02388
PTPU-10,4.23638,108.71686
PTPU-10,4.26553,109.38375
PTPU-10,4.29199,110.06368
PTPU-10,4.31934,110.74176
PTPU-10,4.34922,111.26894
PTPU-10,4.37505,111.78122
PTPU-10,4.40312,112.33262
PTPU-10,4.43184,112.8449
PTPU-10,4.45859,113.57512
PTPU-10,4.48608,114.3333
PTPU-10,4.51587,115.05049
PTPU-10,4.5416,115.87014
PTPU-10,4.56919,116.65252
PTPU-10,4.59888,117.37158
PTPU-10,4.62471,118.17819
PTPU-10,4.65244,118.98665
PTPU-10,4.68223,119.79326
PTPU-10,4.70874,120.60174
PTPU-10,4.73608,121.35805
PTPU-10,4.76519,122.21681
PTPU-10,4.79155,122.88371
PTPU-10,4.81875,123.38295
PTPU-10,4.84873,124.06288
PTPU-10,4.8752,124.49878
PTPU-10,4.90269,125.13959
PTPU-10,4.93267,125.93503
PTPU-10,4.95811,126.71742
PTPU-10,4.98633,127.52403
PTPU-10,5.01528,128.48711
PTPU-10,5.04189,129.26764
PTPU-10,5.06934,130.02396
PTPU-10,5.09917,130.76909
PTPU-10,5.12485,131.48627
PTPU-10,5.15303,132.22954
PTPU-10,5.18213,132.88341
PTPU-10,5.20864,133.56334
PTPU-10,5.23569,134.07562
PTPU-10,5.26572,134.5879
PTPU-10,5.2916,135.10203
PTPU-10,5.31973,135.67765
PTPU-10,5.34868,136.15267
PTPU-10,5.37529,136.5625
PTPU-10,5.40244,136.8829
PTPU-10,5.43228,137.34488
PTPU-10,5.4582,137.75471
PTPU-10,5.48633,138.25581
PTPU-10,5.51538,138.9227
PTPU-10,5.54194,139.49833
PTPU-10,5.56934,140.16522
PTPU-10,5.59844,140.64025
PTPU-10,5.62466,141.1786
PTPU-10,5.65225,141.79333
PTPU-10,5.68218,142.2814
PTPU-10,5.70864,142.94829
PTPU-10,5.73618,143.4997
PTPU-10,5.76509,144.11442
PTPU-10,5.79146,144.66583
PTPU-10,5.81958,145.21723
PTPU-10,5.84878,145.845
PTPU-10,5.87529,146.33306
PTPU-10,5.90269,146.87142
PTPU-10,5.93257,147.16575
PTPU-10,5.95825,147.3837
PTPU-10,5.98643,147.80656
PTPU-10,6.01538,148.35796
PTPU-10,6.0418,149.0379
PTPU-10,6.06919,149.5893
PTPU-10,6.09932,150.23011
PTPU-10,6.12495,150.85789
PTPU-10,6.15303,151.42232
PTPU-10,6.18213,152.0501
PTPU-10,6.20854,152.67787
PTPU-10,6.23589,153.25536
PTPU-10,6.26592,153.76763
PTPU-10,6.29155,154.21658
PTPU-10,6.31982,154.73071
PTPU-10,6.34878,155.26907
PTPU-10,6.37544,155.6137
PTPU-10,6.40269,156.1148
PTPU-10,6.43228,156.49855
PTPU-10,6.45815,157.02387
PTPU-10,6.48647,157.37035
PTPU-10,6.51548,157.66654
PTPU-10,6.54204,157.92176
PTPU-10,6.56934,158.2552
PTPU-10,6.59839,158.79356
PTPU-10,6.62485,159.20339
PTPU-10,6.65239,159.6784
PTPU-10,6.68223,160.05098
PTPU-10,6.70811,160.51109
PTPU-10,6.73569,160.87062
PTPU-10,6.76558,161.25623
PTPU-10,6.79194,161.51143
PTPU-10,6.81919,161.76851
PTPU-10,6.84912,162.11499
PTPU-10,6.87485,162.33294
PTPU-10,6.90312,162.61423
PTPU-10,6.93223,162.94768
PTPU-10,6.95859,163.16563
PTPU-10,6.98584,163.44692
PTPU-10,7.01572,163.73007
PTPU-10,7.0415,164.05047
PTPU-10,7.06973,164.25539
PTPU-10,7.09873,164.43422
PTPU-10,7.12529,164.73041
PTPU-10,7.15254,164.87012
PTPU-10,7.18252,165.05082
PTPU-10,7.20815,165.2427
PTPU-10,7.23613,165.47368
PTPU-10,7.26528,165.62643
PTPU-10,7.29199,165.79409
PTPU-10,7.31929,165.69164
PTPU-10,7.34912,165.83321
PTPU-10,7.37485,165.999
PTPU-10,7.40283,166.10146
PTPU-10,7.43193,166.20392
PTPU-10,7.45859,166.30636
PTPU-10,7.48589,166.35853
PTPU-10,7.51514,166.30636
PTPU-10,7.5416,166.22999
PTPU-10,7.56904,166.29332
PTPU-10,7.59878,166.29332
PTPU-10,7.625,166.31941
PTPU-10,7.65259,166.28029
PTPU-10,7.68174,166.20392
PTPU-10,7.70825,166.05116
PTPU-10,7.73569,165.88351
PTPU-10,7.76543,165.6786
PTPU-10,7.79165,165.35819
PTPU-10,7.81904,165.25573
PTPU-10,7.84902,164.93533
PTPU-10,7.87471,164.44726
PTPU-10,7.90225,164.15293
PTPU-10,7.93208,163.9089
PTPU-10,7.95796,163.74311
PTPU-10,7.98608,163.55124
PTPU-10,8.01499,163.3072
PTPU-10,8.04136,163.13955
PTPU-10,8.06958,162.9868
PTPU-10,8.09873,162.8713
PTPU-10,8.12461,162.88434
PTPU-10,8.15264,162.58816
PTPU-10,8.18164,162.24353
PTPU-10,8.20806,162.28079
PTPU-10,8.23623,162.3199
PTPU-10,8.26528,162.42236
PTPU-10,8.29194,162.46148
PTPU-10,8.31934,162.55089
PTPU-10,8.34829,162.56393
PTPU-10,8.37495,162.66639
PTPU-10,8.40234,162.61423
PTPU-10,8.43125,162.42236
PTPU-10,8.45796,162.3702
PTPU-10,8.48628,162.52482
PTPU-10,8.51514,162.72973
PTPU-10,8.5417,162.85826
PTPU-10,8.56987,162.80611
PTPU-10,8.5978,162.9216
PTPU-10,8.62515,162.9216
PTPU-10,8.65264,163.15259
PTPU-10,8.68164,163.32024
PTPU-10,8.70815,163.67791
PTPU-10,8.73828,163.99832
PTPU-10,8.76489,164.35784
PTPU-10,8.79204,164.44726
PTPU-10,8.81924,164.54972
PTPU-10,8.84839,164.98562
PTPU-10,8.8749,165.35819
PTPU-10,8.90488,165.63947
PTPU-10,8.93149,166.05116
PTPU-10,8.95864,166.28029
PTPU-10,8.98594,166.58952
PTPU-10,9.01494,166.79443
PTPU-10,9.0415,166.75531
PTPU-10,9.07148,167.08876
PTPU-10,9.098,167.43524
PTPU-10,9.12529,167.79478
PTPU-10,9.15259,168.0891
PTPU-10,9.18174,168.38343
PTPU-10,9.20825,168.61442
PTPU-10,9.23784,168.92179
PTPU-10,9.2645,169.13974
PTPU-10,9.29204,169.1919
PTPU-10,9.31924,168.58834
PTPU-10,9.34824,168.56226
PTPU-10,9.37485,168.97395
PTPU-10,9.40464,169.13974
PTPU-10,9.4311,169.3074
PTPU-10,9.45859,169.43407
PTPU-10,9.48589,169.66506
PTPU-10,9.51489,169.94821
PTPU-10,9.54141,170.01154
PTPU-10,9.57148,170.12705
PTPU-10,9.59785,170.14008
PTPU-10,9.62432,170.25558
PTPU-10,9.65264,170.31891
PTPU-10,9.68174,170.30587
PTPU-10,9.7082,169.88301
PTPU-10,9.73574,169.73026
PTPU-10,9.76475,169.83272
PTPU-10,9.79116,169.89605
PTPU-10,9.81934,169.98546
PTPU-10,9.84849,170.02459
PTPU-10,9.87505,170.02459
PTPU-10,9.90239,170.12705
PTPU-10,9.93149,170.14008
PTPU-10,9.95796,170.24254
PTPU-10,9.98618,170.03763
PTPU-10,10.01523,169.69113
PTPU-10,10.04155,169.76751
PTPU-10,10.07148,169.83272
PTPU-10,10.09819,169.90908
PTPU-10,10.12534,170.03763
PTPU-10,10.15259,170.114
PTPU-10,10.18164,170.15312
PTPU-10,10.20811,170.1792
PTPU-10,10.23564,170.12705
PTPU-10,10.26484,170.12705
PTPU-10,10.29136,170.114
PTPU-10,10.31958,170.14008
PTPU-10,10.3479,170.12705
PTPU-10,10.37559,170.15312
PTPU-10,10.40278,170.1792
PTPU-10,10.43149,170.12705
PTPU-10,10.4582,170.01154
PTPU-10,10.48589,169.49927
PTPU-10,10.5148,169.49927
PTPU-10,10.54219,169.6278
PTPU-10,10.56948,169.61476
PTPU-10,10.59834,169.6278
PTPU-10,10.62476,169.51231
PTPU-10,10.65503,169.52535
PTPU-10,10.68149,169.34465
PTPU-10,10.70874,169.3074
PTPU-10,10.73604,169.06337
PTPU-10,10.76445,168.56226
PTPU-10,10.79165,167.7035
PTPU-10,10.82129,167.14091
PTPU-10,10.84795,166.83168
PTPU-10,10.87456,166.33245
PTPU-10,10.90449,165.82017
PTPU-10,10.93106,164.9614
PTPU-10,10.95811,164.65217
PTPU-10,10.98789,164.48638
PTPU-10,11.01436,164.26842
PTPU-10,11.04106,164.0896
PTPU-10,11.071,163.87165
PTPU-10,11.09746,163.75614
PTPU-10,11.12476,163.73007
PTPU-10,11.1522,163.70399
PTPU-10,11.18071,163.64065
PTPU-10,11.20801,163.69095
PTPU-10,11.2376,163.73007
PTPU-10,11.26421,163.60153
PTPU-10,11.2917,163.56242
PTPU-10,11.31894,163.56242
PTPU-10,11.34707,163.56242
PTPU-10,11.37529,163.61457
PTPU-10,11.40415,163.61457
PTPU-10,11.43057,163.61457
PTPU-10,11.45806,163.15259
PTPU-10,11.48809,162.83219
PTPU-10,11.51372,162.97376
PTPU-10,11.54189,163.06317
PTPU-10,11.57095,163.07621
PTPU-10,11.59731,163.07621
PTPU-10,11.62432,163.02406
PTPU-10,11.65439,162.97376
PTPU-10,11.68013,162.9216
PTPU-10,11.70825,162.85826
PTPU-10,11.7374,162.88434
PTPU-10,11.76377,162.76884
PTPU-10,11.79175,162.78188
PTPU-10,11.8207,162.72973
PTPU-10,11.84673,162.52482
PTPU-10,11.8749,162.21745
PTPU-10,11.90391,162.33294
PTPU-10,11.93042,162.48569
PTPU-10,11.95791,162.62727
PTPU-10,11.98711,162.71669
PTPU-10,12.01362,162.78188
PTPU-10,12.04189,162.93464
PTPU-10,12.071,163.01101
PTPU-10,12.0977,163.24201
PTPU-10,12.125,163.37054
PTPU-10,12.15396,163.58849
PTPU-10,12.18052,163.81948
PTPU-10,12.20859,163.99832
PTPU-10,12.23765,164.25539
PTPU-10,12.26431,164.39697
PTPU-10,12.2916,164.67825
PTPU-10,12.32065,164.88316
PTPU-10,12.34717,165.15328
PTPU-10,12.37544,165.3321
PTPU-10,12.40435,165.35819
PTPU-10,12.43052,165.4476
PTPU-10,12.45815,165.5128
PTPU-10,12.48735,165.39731
PTPU-10,12.51382,165.2427
PTPU-10,12.54146,165.4476
PTPU-10,12.57124,165.74193
PTPU-10,12.59678,166.03812
PTPU-10,12.6249,166.28029
PTPU-10,12.65415,166.57648
PTPU-10,12.68062,166.79443
PTPU-10,12.70796,167.04963
PTPU-10,12.73789,167.33279
PTPU-10,12.76357,167.64016
PTPU-10,12.79165,167.88418
PTPU-10,12.82056,168.23068
PTPU-10,12.84712,168.48588
PTPU-10,12.87534,168.72991
PTPU-10,12.90444,168.94786
PTPU-10,12.9311,169.25523
PTPU-10,12.9583,169.47318
PTPU-10,12.98726,169.66506
PTPU-10,13.01382,169.92213
PTPU-10,13.04204,170.14008
PTPU-10,13.07114,170.30587
PTPU-10,13.09761,170.47353
PTPU-10,13.12505,170.69148
PTPU-10,13.154,170.82001
PTPU-10,13.18062,170.95972
PTPU-10,13.20874,171.17767
PTPU-10,13.2376,171.29318
PTPU-10,13.26421,171.40867
PTPU-10,13.29175,171.3323
PTPU-10,13.32075,171.11434
PTPU-10,13.34727,170.56295
PTPU-10,13.37544,170.56295
PTPU-10,13.4043,170.63932
PTPU-10,13.43081,170.83305
PTPU-10,13.45835,170.94855
PTPU-10,13.48735,170.99885
PTPU-10,13.51392,171.20376
PTPU-10,13.54204,171.20376
PTPU-10,13.57119,171.30622
PTPU-10,13.59756,171.28199
PTPU-10,13.62466,171.34533
PTPU-10,13.65391,171.42171
PTPU-10,13.68052,171.40867
PTPU-10,13.70811,171.40867
PTPU-10,13.7375,171.47387
PTPU-10,13.76387,171.43475
PTPU-10,13.79116,171.34533
PTPU-10,13.82109,171.34533
PTPU-10,13.84692,171.26896
PTPU-10,13.8751,171.17767
PTPU-10,13.9041,171.20376
PTPU-10,13.93057,171.17767
PTPU-10,13.95869,171.28199
PTPU-10,13.9877,171.24288
PTPU-10,14.01416,171.29318
PTPU-10,14.04141,171.37141
PTPU-10,14.09727,171.43475
PTPU-10,14.09727,171.43475
PTPU-10,14.12544,171.56329
PTPU-10,14.15435,171.57632
PTPU-10,14.18086,171.66574
PTPU-10,14.2082,171.70486
PTPU-10,14.23726,171.78124
PTPU-10,14.26387,171.80731
PTPU-10,14.29199,171.89673
PTPU-10,14.32109,171.96007
PTPU-10,14.34751,171.97311
PTPU-10,14.37505,172.07557
PTPU-10,14.40396,172.2041
PTPU-10,14.43018,172.28048
PTPU-10,14.45796,172.33263
PTPU-10,14.48799,172.26744
PTPU-10,14.51357,172.10164
PTPU-10,14.5418,171.85762
PTPU-10,14.5708,171.38445
PTPU-10,14.59702,171.48691
PTPU-10,14.62515,171.66574
PTPU-10,14.65435,171.98615
PTPU-10,14.68086,172.21714
PTPU-10,14.7082,172.57667
PTPU-10,14.73726,172.7555
PTPU-10,14.76387,173.08894
PTPU-10,14.79131,173.30689
PTPU-10,14.82041,173.57515
PTPU-10,14.84702,173.9738
PTPU-10,14.87456,174.19175
PTPU-10,14.90454,174.43577
PTPU-10,14.93027,174.80648
PTPU-10,14.9583,174.97413
PTPU-10,14.98726,175.29454
PTPU-10,15.01382,175.53672
PTPU-10,15.04199,175.84594
PTPU-10,15.07109,176.02477
PTPU-10,15.09756,176.3191
PTPU-10,15.1249,176.52401
PTPU-10,15.15391,176.72893
PTPU-10,15.18057,176.92266
PTPU-10,15.20869,177.14061
PTPU-10,15.23745,177.4219
PTPU-10,15.26416,177.60073
PTPU-10,15.2917,177.8578
PTPU-10,15.32065,177.97329
PTPU-10,15.34717,177.97329
PTPU-10,15.37534,177.99938
PTPU-10,15.40425,178.03663
PTPU-10,15.43071,178.42224
PTPU-10,15.45825,178.74265
PTPU-10,15.48726,179.15248
PTPU-10,15.51377,179.47288
PTPU-10,15.54131,179.88456
PTPU-10,15.57134,180.22919
PTPU-10,15.59683,180.56264
PTPU-10,15.62485,180.85883
PTPU-10,15.654,181.17924
PTPU-10,15.68057,181.48661
PTPU-10,15.70786,181.74181
PTPU-10,15.73789,182.07526
PTPU-10,15.76343,182.34537
PTPU-10,15.79155,182.53725
PTPU-10,15.82051,182.74215
PTPU-10,15.84717,182.85764
PTPU-10,15.87534,183.0253
PTPU-10,15.90439,183.21718
PTPU-10,15.93096,183.38296
PTPU-10,15.95825,183.67916
PTPU-10,15.98735,183.81886
PTPU-10,16.01392,184.15232
PTPU-10,16.04189,184.4485
PTPU-10,16.071,184.74283
PTPU-10,16.09775,185.01109
PTPU-10,16.12505,185.24208
PTPU-10,16.154,185.46003
PTPU-10,16.18057,185.62769
PTPU-10,16.20869,185.87171
PTPU-10,16.2377,186.11388
PTPU-10,16.26435,186.37096
PTPU-10,16.29165,186.67833
PTPU-10,16.3207,186.93539
PTPU-10,16.34722,187.05089
PTPU-10,16.37554,187.03785
PTPU-10,16.40444,187.10119
PTPU-10,16.43066,187.38433
PTPU-10,16.45825,187.78112
PTPU-10,16.4875,188.15368
PTPU-10,16.51387,188.47409
PTPU-10,16.54145,188.87087
PTPU-10,16.5707,189.21736
PTPU-10,16.59707,189.57689
PTPU-10,16.62446,189.93455
PTPU-10,16.65459,190.268
PTPU-10,16.68018,190.7039
PTPU-10,16.70835,191.01127
PTPU-10,16.7374,191.40992
PTPU-10,16.76397,191.78063
PTPU-10,16.79199,192.06377
PTPU-10,16.82085,192.43448
PTPU-10,16.84751,192.9598
PTPU-10,16.87485,193.29325
PTPU-10,16.904,193.69189
PTPU-10,16.93061,194.04955
PTPU-10,16.95855,194.40908
PTPU-10,16.98755,194.71645
PTPU-10,17.01406,195.08902
PTPU-10,17.0415,195.40943
PTPU-10,17.07065,195.58825
PTPU-10,17.09712,195.8714
PTPU-10,17.12529,196.22908
PTPU-10,17.1543,196.52526
PTPU-10,17.18027,196.81959
PTPU-10,17.20845,197.10088
PTPU-10,17.23721,197.43433
PTPU-10,17.26387,197.58894
PTPU-10,17.29141,197.71748
PTPU-10,17.32119,197.99876
PTPU-10,17.34683,198.22975
PTPU-10,17.37505,198.42162
PTPU-10,17.40396,198.28191
PTPU-10,17.43037,198.4477
PTPU-10,17.45791,198.78116
PTPU-10,17.48774,199.15372
PTPU-10,17.51431,199.49834
PTPU-10,17.54165,199.78149
PTPU-10,17.57075,200.20435
PTPU-10,17.59712,200.43535
PTPU-10,17.62505,200.92156
PTPU-10,17.65435,201.30715
PTPU-10,17.68091,201.66483
PTPU-10,17.7083,202.05042
PTPU-10,17.73745,202.4472
PTPU-10,17.76387,202.84586
PTPU-10,17.79189,203.28176
PTPU-10,17.8209,203.62639
PTPU-10,17.84761,203.98591
PTPU-10,17.87495,204.37152
PTPU-10,17.904,204.7683
PTPU-10,17.93052,205.11479
PTPU-10,17.95806,205.46129
PTPU-10,17.98726,205.75562
PTPU-10,18.01372,206.10209
PTPU-10,18.04111,206.56407
PTPU-10,18.07104,206.94783
PTPU-10,18.09692,207.32038
PTPU-10,18.12505,207.64079
PTPU-10,18.15396,207.92208
PTPU-10,18.18052,208.41014
PTPU-10,18.20855,208.85723
PTPU-10,18.23765,209.31921
PTPU-10,18.26426,209.67872
PTPU-10,18.29155,210.15375
PTPU-10,18.32065,210.53751
PTPU-10,18.34712,210.92124
PTPU-10,18.37544,211.34596
PTPU-10,18.40435,211.56392
PTPU-10,18.43057,211.62724
PTPU-10,18.45815,211.84521
PTPU-10,18.48735,212.24198
PTPU-10,18.51382,212.71701
PTPU-10,18.54204,213.11381
PTPU-10,18.571,213.6652
PTPU-10,18.59673,213.99865
PTPU-10,18.62485,214.43455
PTPU-10,18.6541,214.94868
PTPU-10,18.68057,215.37156
PTPU-10,18.70796,215.90991
PTPU-10,18.73784,216.24336
PTPU-10,18.76353,216.71653
PTPU-10,18.79165,217.07604
PTPU-10,18.82056,217.47284
PTPU-10,18.84712,217.90874
PTPU-10,18.87534,218.19189
PTPU-10,18.90444,218.5123
PTPU-10,18.93106,218.85877
PTPU-10,18.95825,219.22948
PTPU-10,18.98726,219.48655
PTPU-10,19.01382,219.82
PTPU-10,19.04204,220.24286
PTPU-10,19.07109,220.60239
PTPU-10,19.09761,221.06252
PTPU-10,19.125,221.5245
PTPU-10,19.154,221.97344
PTPU-10,19.18061,222.37022
PTPU-10,19.20874,222.84524
PTPU-10,19.23755,223.33331
PTPU-10,19.26416,223.75617
PTPU-10,19.29175,224.21629
PTPU-10,19.32075,224.53671
PTPU-10,19.34722,224.99869
PTPU-10,19.37544,225.49977
PTPU-10,19.40425,225.98598
PTPU-10,19.43081,226.43492
PTPU-10,19.4583,226.88386
PTPU-10,19.4873,227.33281
PTPU-10,19.51387,227.78175
PTPU-10,19.54136,228.19157
PTPU-10,19.57075,228.64051
PTPU-10,19.59712,229.03731
PTPU-10,19.62441,229.39682
PTPU-10,19.65449,229.71723
PTPU-10,19.68023,230.01156
PTPU-10,19.7084,230.41022
PTPU-10,19.7375,230.8573
PTPU-10,19.76392,231.26898
PTPU-10,19.79185,231.56331
PTPU-10,19.8209,231.97312
PTPU-10,19.84756,232.38294
PTPU-10,19.87495,232.75552
PTPU-10,19.90396,233.25477
PTPU-10,19.93052,233.60124
PTPU-10,19.95869,234.06322
PTPU-10,19.98774,234.34451
PTPU-10,20.01421,234.62768
PTPU-10,20.04141,235.03749
PTPU-10,20.07056,235.31878
PTPU-10,20.09727,235.71742
PTPU-10,20.12544,236.11422
PTPU-10,20.15435,236.38432
PTPU-10,20.18086,236.7811
PTPU-10,20.20815,237.1779
PTPU-10,20.23721,237.6138
PTPU-10,20.26382,237.92303
PTPU-10,20.29194,238.30676
PTPU-10,20.321,238.55081
PTPU-10,20.34683,238.94758
PTPU-10,20.37515,239.29408
PTPU-10,20.40405,239.6275
PTPU-10,20.43023,240.03735
PTPU-10,20.45781,240.37077
PTPU-10,20.48789,240.78062
PTPU-10,20.51348,241.06376
PTPU-10,20.5417,241.46054
PTPU-10,20.5707,241.78095
PTPU-10,20.59702,242.1144
PTPU-10,20.62519,242.53726
PTPU-10,20.65444,242.85767
PTPU-10,20.68096,243.23022
PTPU-10,20.7083,243.65311
PTPU-10,20.73735,243.93439
PTPU-10,20.76392,244.34607
PTPU-10,20.79199,244.71679
PTPU-10,20.82085,245.10238
PTPU-10,20.84751,245.60163
PTPU-10,20.8749,245.93506
PTPU-10,20.90405,246.31882
PTPU-10,20.93061,246.81993
PTPU-10,20.95869,247.1664
PTPU-10,20.98765,247.57624
PTPU-10,21.01421,248.01214
PTPU-10,21.0416,248.40891
PTPU-10,21.0707,248.74237
PTPU-10,21.09717,249.10188
PTPU-10,21.12471,249.46141
PTPU-10,21.15391,249.89731
PTPU-10,21.18057,250.33321
PTPU-10,21.20801,250.74306
PTPU-10,21.2376,251.25532
PTPU-10,21.26343,251.64094
PTPU-10,21.2918,252.10104
PTPU-10,21.32065,252.44753
PTPU-10,21.34717,252.73068
PTPU-10,21.37534,253.12748
PTPU-10,21.4043,253.51121
PTPU-10,21.43076,253.92289
PTPU-10,21.4583,254.2433
PTPU-10,21.4873,254.60098
PTPU-10,21.51382,254.98657
PTPU-10,21.54199,255.29394
PTPU-10,21.57119,255.6777
PTPU-10,21.59751,256.03721
PTPU-10,21.62466,256.37066
PTPU-10,21.65386,256.62773
PTPU-10,21.68047,257.08971
PTPU-10,21.70864,257.38404
PTPU-10,21.73774,257.8572
PTPU-10,21.76416,258.21674
PTPU-10,21.79141,258.52411
PTPU-10,21.82046,258.9097
PTPU-10,21.84712,259.28042
PTPU-10,21.87529,259.65297
PTPU-10,21.9043,260.10191
PTPU-10,21.93086,260.49871
PTPU-10,21.95815,260.97374
PTPU-10,21.98726,261.37052
PTPU-10,22.01377,261.78033
PTPU-10,22.04111,262.17899
PTPU-10,22.07104,262.57577
PTPU-10,22.09697,263.03775
PTPU-10,22.12505,263.47365
PTPU-10,22.154,263.90955
PTPU-10,22.18052,264.26909
PTPU-10,22.20864,264.6137
PTPU-10,22.23765,264.99932
PTPU-10,22.26426,265.38305
PTPU-10,22.29155,265.832
PTPU-10,22.32065,266.2679
PTPU-10,22.34717,266.78205
PTPU-10,22.37549,267.15274
PTPU-10,22.40444,267.56258
PTPU-10,22.43061,267.96122
PTPU-10,22.4582,268.44742
PTPU-10,22.48745,268.83302
PTPU-10,22.51382,269.2559
PTPU-10,22.54204,269.6918
PTPU-10,22.57104,270.08858
PTPU-10,22.59741,270.37172
PTPU-10,22.62466,270.84489
PTPU-10,22.65396,271.23048
PTPU-10,22.68047,271.65337
PTPU-10,22.70801,272.0371
PTPU-10,22.73726,272.37055
PTPU-10,22.76382,272.79341
PTPU-10,22.79126,273.02439
PTPU-10,22.8209,273.38393
PTPU-10,22.84673,273.70434
PTPU-10,22.8749,273.93532
PTPU-10,22.90405,274.2166
PTPU-10,22.93066,274.53701
PTPU-10,22.95859,274.88351
PTPU-10,22.9876,275.24304
PTPU-10,23.01406,275.61374
PTPU-10,23.0415,275.98631
PTPU-10,23.07065,276.33278
PTPU-10,23.09712,276.72958
PTPU-10,23.12529,277.04999
PTPU-10,23.1543,277.45981
PTPU-10,23.18091,277.78022
PTPU-10,23.2083,278.12672
PTPU-10,23.23706,278.53839
PTPU-10,23.26372,278.883
PTPU-10,23.29214,279.31893
PTPU-10,23.32104,279.71756
PTPU-10,23.34756,280.12738
PTPU-10,23.37495,280.55024
PTPU-10,23.40386,280.92282
PTPU-10,23.43027,281.30655
PTPU-10,23.45864,281.57668
PTPU-10,23.48765,281.91011
PTPU-10,23.51416,282.20444
PTPU-10,23.5415,282.49876
PTPU-10,23.57065,282.84526
PTPU-10,23.59702,283.12654
PTPU-10,23.62432,283.46
PTPU-10,23.65444,283.88286
PTPU-10,23.68018,284.21631
PTPU-10,23.70835,284.5125
PTPU-10,23.7375,284.87017
PTPU-10,23.76387,285.16636
PTPU-10,23.79189,285.48677
PTPU-10,23.8209,285.8202
PTPU-10,23.84673,286.14061
PTPU-10,23.87495,286.38279
PTPU-10,23.904,286.72926
PTPU-10,23.93052,287.04967
PTPU-10,23.95864,287.42225
PTPU-10,23.9877,287.76872
PTPU-10,24.01416,288.1916
PTPU-10,24.04141,288.60142
PTPU-10,24.07051,288.92183
PTPU-10,24.09727,289.29439
PTPU-10,24.12544,289.65206
PTPU-10,24.1543,290.03766
PTPU-10,24.18091,290.35807
PTPU-10,24.20815,290.75487
PTPU-10,24.23726,291.12742
PTPU-10,24.26392,291.40871
PTPU-10,24.29199,291.85765
PTPU-10,24.32104,292.12778
PTPU-10,24.34751,292.39602
PTPU-10,24.37505,292.67917
PTPU-10,24.404,292.91015
PTPU-10,24.43023,293.20447
PTPU-10,24.45796,293.43548
PTPU-10,24.48735,293.71676
PTPU-10,24.51382,293.88442
PTPU-10,24.54141,294.02413
PTPU-10,24.57119,294.19179
PTPU-10,24.59668,294.30728
PTPU-10,24.62481,294.40973
PTPU-10,24.654,294.60161
PTPU-10,24.68047,294.79349
PTPU-10,24.70869,295.06359
PTPU-10,24.73774,295.33184
PTPU-10,24.76426,295.6392
PTPU-10,24.7915,295.90931
PTPU-10,24.82046,296.20364
PTPU-10,24.84702,296.57621
PTPU-10,24.87524,296.87054
PTPU-10,24.90435,297.16487
PTPU-10,24.93096,297.46106
PTPU-10,24.9582,297.7293
PTPU-10,24.98716,297.94726
PTPU-10,25.01372,298.21737
PTPU-10,25.04194,298.55082
PTPU-10,25.071,298.76876
PTPU-10,25.09751,299.07613
PTPU-10,25.1249,299.35741
PTPU-10,25.15391,299.66664
PTPU-10,25.18052,299.96097
PTPU-10,25.20864,300.32051
PTPU-10,25.23745,300.62788
PTPU-10,25.26406,300.93524
PTPU-10,25.2916,301.28174
PTPU-10,25.32065,301.49968
PTPU-10,25.34712,301.74186
PTPU-10,25.37471,302.03805
PTPU-10,25.40439,302.38452
PTPU-10,25.43008,302.8074
PTPU-10,25.4584,303.11477
PTPU-10,25.48735,303.52459
PTPU-10,25.51387,303.80588
PTPU-10,25.54121,304.12815
PTPU-10,25.57124,304.47276
PTPU-10,25.59673,304.80621
PTPU-10,25.62471,305.12662
PTPU-10,25.65391,305.4992
PTPU-10,25.68047,305.88293
PTPU-10,25.70864,306.24247
PTPU-10,25.73779,306.58894
PTPU-10,25.76426,306.88326
PTPU-10,25.79136,307.15339
PTPU-10,25.82046,307.57625
PTPU-10,25.84717,307.89666
PTPU-10,25.87539,308.24313
PTPU-10,25.90439,308.5505
PTPU-10,25.93091,308.83179
PTPU-10,25.95825,309.11496
PTPU-10,25.9873,309.40928
PTPU-10,26.01377,309.71665
PTPU-10,26.0418,310.07617
PTPU-10,26.07095,310.26804
PTPU-10,26.09766,310.61454
PTPU-10,26.125,310.93495
PTPU-10,26.15391,311.16593
PTPU-10,26.18042,311.48634
PTPU-10,26.20791,311.78067
PTPU-10,26.23716,312.12716
PTPU-10,26.26377,312.35814
PTPU-10,26.29126,312.65247
PTPU-10,26.32114,312.85739
PTPU-10,26.34756,313.06229
PTPU-10,26.3751,313.28025
PTPU-10,26.40405,313.42182
PTPU-10,26.43027,313.6137
PTPU-10,26.45864,313.80742
PTPU-10,26.48789,314.06264
PTPU-10,26.51426,314.17813
PTPU-10,26.54165,314.33275
PTPU-10,26.5707,314.42215
PTPU-10,26.59702,314.51159
PTPU-10,26.62519,314.69228
PTPU-10,26.65439,314.81895
PTPU-10,26.68086,315.01267
PTPU-10,26.7082,315.11514
PTPU-10,26.73726,314.16509
PTPU-10,26.76387,311.81979
PTPU-10,26.79185,310.64062
PTPU-10,26.8207,309.94763
PTPU-10,26.84663,309.57506
PTPU-10,26.87481,309.40928
PTPU-10,26.90391,309.20436
PTPU-10,26.93047,309.25467
PTPU-10,26.95781,309.26771
PTPU-10,26.98696,309.28073
PTPU-10,27.01348,309.42233
PTPU-10,27.0416,309.48565
PTPU-10,27.07065,309.5881
PTPU-10,27.09712,309.69057
PTPU-10,27.12524,309.78184
PTPU-10,27.15342,309.89733
PTPU-10,27.18081,309.93459
PTPU-10,27.20811,309.92155
PTPU-10,27.23682,309.93459
PTPU-10,27.26343,310.01098
PTPU-10,27.2918,310.05008
PTPU-10,27.31987,310.2047
PTPU-10,27.34717,310.33325
PTPU-10,27.37705,310.48598
PTPU-10,27.40351,310.65364
PTPU-10,27.43076,310.88278
PTPU-10,27.4583,311.1268
PTPU-10,27.48647,311.33173
PTPU-10,27.51377,311.58879
PTPU-10,27.54365,311.7434
PTPU-10,27.57031,311.96136
PTPU-10,27.59746,312.12716
PTPU-10,27.62461,312.28178
PTPU-10,27.65303,312.49971
PTPU-10,27.68042,312.66551
PTPU-10,27.71025,312.84435
PTPU-10,27.73691,313.07533
PTPU-10,27.76411,313.24298
PTPU-10,27.79136,313.37152
PTPU-10,27.81948,313.63978
PTPU-10,27.84697,313.71615
PTPU-10,27.87681,313.88381
PTPU-10,27.90337,314.07568
PTPU-10,27.93071,314.21726
PTPU-10,27.95801,314.40911
PTPU-10,27.98628,314.55071
PTPU-10,28.01367,314.75561
PTPU-10,28.04336,314.96053
PTPU-10,28.06987,315.13937
PTPU-10,28.09683,315.33308
PTPU-10,28.12661,315.538
PTPU-10,28.15298,315.69076
PTPU-10,28.18032,315.75596
PTPU-10,28.20762,315.89565
PTPU-10,28.23662,315.93478
PTPU-10,28.26328,316.01117
PTPU-10,28.29312,316.1397
PTPU-10,28.31968,316.21792
PTPU-10,28.34692,316.43589
PTPU-10,28.3769,316.42284
PTPU-10,28.40337,316.49923
PTPU-10,28.43037,316.5756
PTPU-10,28.45962,316.65385
PTPU-10,28.48638,316.69109
PTPU-10,28.51357,316.80658
PTPU-10,28.54346,316.87179
PTPU-10,28.57002,316.89601
PTPU-10,28.59717,316.90905
PTPU-10,28.62612,316.97423
PTPU-10,28.65288,317.10091
PTPU-10,28.68018,317.10091
PTPU-10,28.71001,317.12699
PTPU-10,28.73652,317.06367
PTPU-10,28.76397,317.08975
PTPU-10,28.79292,317.03758
PTPU-10,28.81929,317.11395
PTPU-10,28.84673,317.12699
PTPU-10,28.87656,317.17916
PTPU-10,28.90322,317.16611
PTPU-10,28.93061,317.2425
PTPU-10,28.95947,317.30769
PTPU-10,28.98599,317.39712
PTPU-10,29.01328,317.4474
PTPU-10,29.04321,317.53683
PTPU-10,29.06982,317.63928
PTPU-10,29.09712,317.69145
PTPU-10,29.12617,317.79389
PTPU-10,29.15269,317.83302
PTPU-10,29.18013,317.79389
PTPU-10,29.20762,317.85722
PTPU-10,29.23638,317.8833
PTPU-10,29.26309,317.93547
PTPU-10,29.29321,318.01183
PTPU-10,29.31968,318.1143
PTPU-10,29.34697,318.19067
PTPU-10,29.37686,318.25588
PTPU-10,29.40322,318.08822
PTPU-10,29.43052,317.94851
PTPU-10,29.45977,318.01183
PTPU-10,29.48628,318.02487
PTPU-10,29.51357,318.10126
PTPU-10,29.54346,318.19067
PTPU-10,29.57007,318.28196
PTPU-10,29.59727,318.4608
PTPU-10,29.62603,318.58933
PTPU-10,29.65283,318.82031
PTPU-10,29.68018,318.97306
PTPU-10,29.71001,319.1016
PTPU-10,29.73667,319.26739
PTPU-10,29.76392,319.43505
PTPU-10,29.79282,319.55054
PTPU-10,29.81934,319.79458
PTPU-10,29.84683,319.99948
PTPU-10,29.87671,320.11499
PTPU-10,29.90327,320.35716
PTPU-10,29.93061,320.47265
PTPU-10,29.95967,320.6403
PTPU-10,29.98618,320.74275
PTPU-10,30.01348,320.88432
PTPU-10,30.04087,321.13955
PTPU-10,30.06934,321.28112
PTPU-10,30.09697,321.52514
PTPU-10,30.12446,321.81947
PTPU-10,30.15337,322.1138
PTPU-10,30.17998,322.30754
PTPU-10,30.20977,322.60187
PTPU-10,30.23628,322.90924
PTPU-10,30.26372,323.14022
PTPU-10,30.29102,323.40848
PTPU-10,30.32007,323.66555
PTPU-10,30.34741,323.85743
PTPU-10,30.37656,323.98596
PTPU-10,30.40303,324.17781
PTPU-10,30.43003,324.30637
PTPU-10,30.46006,324.47402
PTPU-10,30.48677,324.56343
PTPU-10,30.51401,324.57647
PTPU-10,30.54312,324.58951
PTPU-10,30.56958,324.10145
PTPU-10,30.59678,323.34514
PTPU-10,30.62651,322.17901
PTPU-10,30.65317,320.97375
PTPU-10,30.67983,320.35716
PTPU-10,30.70972,320.11499
PTPU-10,30.73623,319.94734
PTPU-10,30.76353,319.87095
PTPU-10,30.79321,319.83182
PTPU-10,30.81963,319.88399
PTPU-10,30.84634,319.94734
PTPU-10,30.87622,319.9734
PTPU-10,30.90278,320.02556
PTPU-10,30.93018,320.11499
PTPU-10,30.95757,320.15224
PTPU-10,30.98569,320.19136
PTPU-10,31.01387,320.21744
PTPU-10,31.04292,320.30685
PTPU-10,31.06948,320.34597
PTPU-10,31.09673,320.44842
PTPU-10,31.12686,320.56394
PTPU-10,31.15244,320.71667
PTPU-10,31.18076,320.84522
PTPU-10,31.20977,320.97375
PTPU-10,31.23608,321.15259
PTPU-10,31.26353,321.33327
PTPU-10,31.2936,321.52514
PTPU-10,31.31924,321.66486
PTPU-10,31.34741,321.88282
PTPU-10,31.37646,322.10076
PTPU-10,31.40278,322.30754
PTPU-10,31.43013,322.46029
PTPU-10,31.46016,322.70432
PTPU-10,31.48584,322.89619
PTPU-10,31.51406,323.05081
PTPU-10,31.54302,323.24269
PTPU-10,31.56968,323.40848
PTPU-10,31.59687,323.52397
PTPU-10,31.62651,323.74191
PTPU-10,31.65244,323.88349
PTPU-10,31.68066,324.11449
PTPU-10,31.70967,324.24302
PTPU-10,31.73633,324.53735
PTPU-10,31.76357,324.74227
PTPU-10,31.79258,324.89688
PTPU-10,31.81919,325.14091
PTPU-10,31.84658,325.26758
PTPU-10,31.87646,325.46132
PTPU-10,31.90298,325.58799
PTPU-10,31.93032,325.78173
PTPU-10,31.95938,326.01271
PTPU-10,31.98589,326.1785
PTPU-10,32.01313,326.3443
PTPU-10,32.04287,326.5753
PTPU-10,32.06948,326.67775
PTPU-10,32.09702,326.89569
PTPU-10,32.12695,327.07639
PTPU-10,32.15249,327.29435
PTPU-10,32.18066,327.53837
PTPU-10,32.20967,327.78056
PTPU-10,32.23623,328.0879
PTPU-10,32.26367,328.29468
PTPU-10,32.29351,328.65236
PTPU-10,32.31924,328.88334
PTPU-10,32.34736,329.15344
PTPU-10,32.37656,329.35836
PTPU-10,32.40298,329.55024
PTPU-10,32.43003,329.82035
PTPU-10,32.46011,329.99918
PTPU-10,32.48598,330.24321
PTPU-10,32.51406,330.42204
PTPU-10,32.54316,330.70333
PTPU-10,32.56973,330.89707
PTPU-10,32.59682,331.13923
PTPU-10,32.62666,331.37023
PTPU-10,32.65254,331.61426
PTPU-10,32.68008,331.84526
PTPU-10,32.70991,332.0632
PTPU-10,32.73584,332.16565
PTPU-10,32.76343,332.47302
PTPU-10,32.79316,332.53822
PTPU-10,32.81953,332.7692
PTPU-10,32.84692,332.97412
PTPU-10,32.87603,333.11384
PTPU-10,32.90264,333.30758
PTPU-10,32.92998,333.61495
PTPU-10,32.95972,333.78074
PTPU-10,32.98618,333.92231
PTPU-10,33.01353,334.2036
PTPU-10,33.04346,334.35822
PTPU-10,33.06919,334.5892
PTPU-10,33.09731,334.85744
PTPU-10,33.12637,335.11453
PTPU-10,33.15283,335.31942
PTPU-10,33.18032,335.56347
PTPU-10,33.21011,335.75535
PTPU-10,33.2355,335.96025
PTPU-10,33.26392,336.07574
PTPU-10,33.29311,336.25457
PTPU-10,33.31953,336.2937
PTPU-10,33.34687,336.44831
PTPU-10,33.37676,336.5638
PTPU-10,33.40239,336.75568
PTPU-10,33.43052,336.92148
PTPU-10,33.45972,337.12637
PTPU-10,33.48618,337.32011
PTPU-10,33.51348,337.42259
PTPU-10,33.54272,337.67779
PTPU-10,33.56944,337.84544
PTPU-10,33.59658,338.01124
PTPU-10,33.62617,338.19191
PTPU-10,33.65293,338.35771
PTPU-10,33.68032,338.52537
PTPU-10,33.70937,338.58871
PTPU-10,33.73603,338.73029
PTPU-10,33.76323,338.76753
PTPU-10,33.79297,338.80665
PTPU-10,33.81948,338.88304
PTPU-10,33.84692,338.88304
PTPU-10,33.87681,338.96127
PTPU-10,33.90249,338.96127
PTPU-10,33.93071,338.99853
PTPU-10,33.95972,339.03766
PTPU-10,33.98628,338.93518
PTPU-10,34.01357,338.90913
PTPU-10,34.04336,338.92217
PTPU-10,34.06909,338.88304
PTPU-10,34.09756,338.80665
PTPU-10,34.12651,338.87
PTPU-10,34.15288,338.81969
PTPU-10,34.18032,338.89608
PTPU-10,34.21016,338.92217
PTPU-10,34.23579,338.98549
PTPU-10,34.26411,338.98549
PTPU-10,34.29307,339.03766
PTPU-10,34.31963,339.06374
PTPU-10,34.34692,339.06374
PTPU-10,34.37695,339.0507
PTPU-10,34.40254,339.12706
PTPU-10,34.43042,339.02462
PTPU-10,34.45967,339.10098
PTPU-10,34.48638,339.14011
PTPU-10,34.51362,339.03766
PTPU-10,34.54351,339.0507
PTPU-10,34.56924,338.98549
PTPU-10,34.59658,338.90913
PTPU-10,34.62637,338.87
PTPU-10,34.65244,338.84578
PTPU-10,34.68052,338.81969
PTPU-10,34.70952,338.80665
PTPU-10,34.73598,338.81969
PTPU-10,34.76333,338.85882
PTPU-10,34.79307,338.69116
PTPU-10,34.81939,338.76753
PTPU-10,34.84682,338.66508
PTPU-10,34.87583,338.62784
PTPU-10,34.90249,338.62784
PTPU-10,34.93066,338.69116
PTPU-10,34.95947,338.69116
PTPU-10,34.98594,338.79361
PTPU-10,35.01323,338.62784
PTPU-10,35.04229,338.46018
PTPU-10,35.06968,338.38379
PTPU-10,35.09692,338.44714
PTPU-10,35.12593,338.42292
PTPU-10,35.15239,338.48624
PTPU-10,35.18252,338.39684
PTPU-10,35.20898,338.46018
PTPU-10,35.23598,338.46018
PTPU-10,35.26338,338.39684
PTPU-10,35.29263,338.32047
PTPU-10,35.31904,338.12673
PTPU-10,35.34883,337.88455
PTPU-10,35.37534,337.65357
PTPU-10,35.40249,337.32011
PTPU-10,35.43223,337.03697
PTPU-10,35.45889,336.80599
PTPU-10,35.48618,336.44831
PTPU-10,35.51519,336.21733
PTPU-10,35.5417,335.79445
PTPU-10,35.56904,335.49826
PTPU-10,35.59868,335.17785
PTPU-10,35.6249,334.84442
PTPU-10,35.65249,334.51097
PTPU-10,35.68154,334.12721
PTPU-10,35.70801,333.73044
PTPU-10,35.73623,333.39698
PTPU-10,35.76509,333.11384
PTPU-10,35.7914,332.7301
PTPU-10,35.8187,332.44693
PTPU-10,35.84893,332.16565
PTPU-10,35.87456,331.79309
PTPU-10,35.90278,331.51181
PTPU-10,35.93179,331.23052
PTPU-10,35.95825,330.91011
PTPU-10,35.9856,330.57666
PTPU-10,36.01533,330.23016
PTPU-10,36.04092,329.9731
PTPU-10,36.06914,329.65269
PTPU-10,36.09834,329.42171
PTPU-10,36.12481,329.12738
PTPU-10,36.15283,328.82001
PTPU-10,36.18188,328.4344
PTPU-10,36.20766,328.10094
PTPU-10,36.23584,327.60172
PTPU-10,36.26494,327.07639
PTPU-10,36.2914,326.69079
PTPU-10,36.31958,326.28098
PTPU-10,36.3479,325.96056
PTPU-10,36.37539,325.58799
PTPU-10,36.40259,325.31974
PTPU-10,36.43125,325.04964
PTPU-10,36.45796,324.83168
PTPU-10,36.48565,324.57647
PTPU-10,36.5146,324.39578
PTPU-10,36.54199,324.19086
PTPU-10,36.56924,324.02508
PTPU-10,36.59805,323.92261
PTPU-10,36.62451,323.8332
PTPU-10,36.65459,323.69163
PTPU-10,36.68101,323.52397
PTPU-10,36.7083,323.44759
PTPU-10,36.7356,323.29483
PTPU-10,36.7646,323.1663
PTPU-10,36.79185,322.94836
PTPU-10,36.82075,322.7807
PTPU-10,36.84727,322.67823
PTPU-10,36.87456,322.49942
PTPU-10,36.90464,322.44725
PTPU-10,36.9312,322.3839
PTPU-10,36.95835,322.2945
PTPU-10,36.98726,322.06352
PTPU-10,37.01377,322.03743
PTPU-10,37.04111,321.89586
PTPU-10,37.07095,321.80643
PTPU-10,37.09741,321.78035
PTPU-10,37.12476,321.60153
PTPU-10,37.15454,321.53819
PTPU-10,37.18027,321.37053
PTPU-10,37.2084,321.33327
PTPU-10,37.23716,321.28112
PTPU-10,37.26382,321.29416
PTPU-10,37.29126,321.30721
PTPU-10,37.32109,321.37053
PTPU-10,37.34673,321.39661
PTPU-10,37.3749,321.43574
PTPU-10,37.40371,321.49906
PTPU-10,37.43018,321.43574
PTPU-10,37.4585,321.45996
PTPU-10,37.48745,321.37053
PTPU-10,37.51333,321.39661
PTPU-10,37.5415,321.35749
PTPU-10,37.57061,321.29416
PTPU-10,37.59692,321.29416
PTPU-10,37.62486,321.28112
PTPU-10,37.65342,321.28112
PTPU-10,37.68081,321.25504
PTPU-10,37.70811,321.242
PTPU-10,37.73726,321.30721
PTPU-10,37.76362,321.32025
PTPU-10,37.79346,321.33327
PTPU-10,37.81997,321.38357
PTPU-10,37.84741,321.44692
PTPU-10,37.87471,321.37053
PTPU-10,37.90366,321.4227
PTPU-10,37.93018,321.33327
PTPU-10,37.96006,321.34445
PTPU-10,37.98652,321.30721
PTPU-10,38.01372,321.21778
PTPU-10,38.04082,321.28112
PTPU-10,38.06997,321.13955
PTPU-10,38.09746,321.11533
PTPU-10,38.12651,321.05012
PTPU-10,38.15283,320.93463
PTPU-10,38.18013,320.87131
PTPU-10,38.21011,320.8061
PTPU-10,38.23657,320.75579
PTPU-10,38.26392,320.72971
PTPU-10,38.29292,320.72971
PTPU-10,38.31944,320.69061
PTPU-10,38.34668,320.61422
PTPU-10,38.37666,320.60118
PTPU-10,38.40298,320.60118
PTPU-10,38.42998,320.66638
PTPU-10,38.45923,320.75579
PTPU-10,38.48589,320.92159
PTPU-10,38.51397,320.92159
PTPU-10,38.54302,321.12651
PTPU-10,38.56953,321.19169
PTPU-10,38.59668,321.33327
PTPU-10,38.62656,321.43574
PTPU-10,38.65244,321.56241
PTPU-10,38.68061,321.64063
PTPU-10,38.70962,321.66486
PTPU-10,38.73618,321.76919
PTPU-10,38.76357,321.84556
PTPU-10,38.79272,321.948
PTPU-10,38.81914,322.08958
PTPU-10,38.84649,322.2945
PTPU-10,38.87642,322.48638
PTPU-10,38.90244,322.58883
PTPU-10,38.93003,322.84589
PTPU-10,38.95972,322.90924
PTPU-10,38.98618,323.08807
PTPU-10,39.01348,323.25573
PTPU-10,39.04258,323.43454
PTPU-10,39.06919,323.61524
PTPU-10,39.09731,323.70467
PTPU-10,39.12632,323.89653
PTPU-10,39.15278,323.98596
PTPU-10,39.18023,324.10145
PTPU-10,39.21006,324.2039
PTPU-10,39.23545,324.35851
PTPU-10,39.26382,324.40882
PTPU-10,39.29307,324.53735
PTPU-10,39.31944,324.61374
PTPU-10,39.34678,324.69196
PTPU-10,39.37671,324.72923
PTPU-10,39.40229,324.74227
PTPU-10,39.43042,324.84472
PTPU-10,39.45967,324.83168
PTPU-10,39.48618,324.74227
PTPU-10,39.51348,324.76835
PTPU-10,39.54336,324.60256
PTPU-10,39.56919,324.49822
PTPU-10,39.59722,324.31941
PTPU-10,39.62603,324.11449
PTPU-10,39.65269,323.90957
PTPU-10,39.68003,323.63946
PTPU-10,39.71006,323.40848
PTPU-10,39.73584,323.22965
PTPU-10,39.76392,322.94836
PTPU-10,39.79282,322.75462
PTPU-10,39.81924,322.49942
PTPU-10,39.84668,322.22929
PTPU-10,39.87651,321.93496
PTPU-10,39.90215,321.61458
PTPU-10,39.93037,321.43574
PTPU-10,39.95933,321.17865
PTPU-10,39.98584,321.01099
PTPU-10,40.01397,320.83218
PTPU-10,40.04282,320.72971
PTPU-10,40.0687,320.65334
PTPU-10,40.09712,320.46146
PTPU-10,40.12608,320.44842
PTPU-10,40.15244,320.29381
PTPU-10,40.18003,320.12801
PTPU-10,40.20893,319.9734
PTPU-10,40.23623,319.79458
PTPU-10,40.26362,319.58966
PTPU-10,40.29263,319.47417
PTPU-10,40.31914,319.34564
PTPU-10,40.34912,319.16494
PTPU-10,40.37573,319.01219
PTPU-10,40.40293,318.87062
PTPU-10,40.42988,318.69178
PTPU-10,40.45913,318.61353
PTPU-10,40.48579,318.47382
PTPU-10,40.51553,318.29314
PTPU-10,40.54204,318.21675
PTPU-10,40.56934,318.15343
PTPU-10,40.59644,317.97273
PTPU-10,40.62534,317.84606
PTPU-10,40.65293,317.7175
PTPU-10,40.68193,317.52379
PTPU-10,40.70845,317.37103
PTPU-10,40.73569,317.14003
PTPU-10,40.76582,316.90905
PTPU-10,40.79214,316.49923
PTPU-10,40.81929,316.17882
PTPU-10,40.84844,315.84537
PTPU-10,40.8749,315.34612
PTPU-10,40.90234,314.9214
PTPU-10,40.93218,314.47432
PTPU-10,40.9585,313.97321
PTPU-10,40.98579,313.52427
PTPU-10,41.01558,313.02505
PTPU-10,41.04131,312.53698
PTPU-10,41.06953,312.05077
PTPU-10,41.09849,311.56271
PTPU-10,41.12495,311.11376
PTPU-10,41.15224,310.61454
PTPU-10,41.18213,310.2047
PTPU-10,41.20781,309.85823
PTPU-10,41.23565,309.51173
PTPU-10,41.26479,309.30681
PTPU-10,41.2915,309.03671
PTPU-10,41.31958,308.83179
PTPU-10,41.34853,308.60081
PTPU-10,41.37451,308.42197
PTPU-10,41.40249,308.2804
PTPU-10,41.4314,308.21707
PTPU-10,41.45811,308.1146
PTPU-10,41.48623,307.94694
PTPU-10,41.5146,307.9097
PTPU-10,41.54116,307.75509
PTPU-10,41.56934,307.72901
PTPU-10,41.59814,307.62653
PTPU-10,41.62437,307.51104
PTPU-10,41.65215,307.53713
PTPU-10,41.6812,307.44772
PTPU-10,41.70855,307.4086
PTPU-10,41.73598,307.42164
PTPU-10,41.76489,307.38437
PTPU-10,41.79121,307.37133
PTPU-10,41.82124,307.4738
PTPU-10,41.8479,307.56321
PTPU-10,41.87514,307.62653
PTPU-10,41.90244,307.80723
PTPU-10,41.93145,307.85754
PTPU-10,41.95791,308.07548
PTPU-10,41.98774,308.1146
PTPU-10,42.01426,308.23011
PTPU-10,42.04145,308.47414
PTPU-10,42.06885,308.53746
PTPU-10,42.09809,308.75542
PTPU-10,42.12461,308.92308
PTPU-10,42.15435,308.99944
PTPU-10,42.18096,309.1522
PTPU-10,42.20815,309.29377
PTPU-10,42.2355,309.42233
PTPU-10,42.2646,309.57506
PTPU-10,42.29111,309.71665
PTPU-10,42.321,309.88431
PTPU-10,42.34751,310.06312
PTPU-10,42.37495,310.22892
PTPU-10,42.40215,310.45992
PTPU-10,42.43091,310.57541
PTPU-10,42.45845,310.83248
PTPU-10,42.48765,310.98709
PTPU-10,42.51411,311.25534
PTPU-10,42.5415,311.43417
PTPU-10,42.57129,311.66518
PTPU-10,42.59761,311.9092
PTPU-10,42.6249,312.16626
PTPU-10,42.65415,312.39727
PTPU-10,42.68061,312.56306
PTPU-10,42.70796,312.88347
PTPU-10,42.73784,312.98592
PTPU-10,42.76435,313.25603
PTPU-10,42.7916,313.33241
PTPU-10,42.82051,313.6137
PTPU-10,42.84712,313.88381
PTPU-10,42.87446,314.08873
PTPU-10,42.90215,314.37001
PTPU-10,42.93061,314.58795
PTPU-10,42.95786,314.76865
PTPU-10,42.98535,315.03689
PTPU-10,43.01435,315.28094
PTPU-10,43.04175,315.55104
PTPU-10,43.0709,315.76898
PTPU-10,43.09736,316.02421
PTPU-10,43.12476,316.24215
PTPU-10,43.15449,316.48619
PTPU-10,43.18105,316.70413
PTPU-10,43.20835,316.93513
PTPU-10,43.23716,317.17916
PTPU-10,43.26382,317.42132
PTPU-10,43.29131,317.7175
PTPU-10,43.32114,318.05096
PTPU-10,43.34761,318.38441
PTPU-10,43.375,318.67874
PTPU-10,43.40386,319.02523
PTPU-10,43.43037,319.38288
PTPU-10,43.45786,319.71633
PTPU-10,43.48769,320.02556
PTPU-10,43.51426,320.43538
PTPU-10,43.54155,320.72971
PTPU-10,43.57075,321.11533
PTPU-10,43.59712,321.5121
PTPU-10,43.62422,321.81947
PTPU-10,43.65195,322.24233
PTPU-10,43.68105,322.58883
PTPU-10,43.70762,322.88315
PTPU-10,43.7376,323.30601
PTPU-10,43.76402,323.6022
PTPU-10,43.79116,323.87047
PTPU-10,43.8185,324.22998
PTPU-10,43.84771,324.53735
PTPU-10,43.8751,324.79441
PTPU-10,43.90415,325.17817
PTPU-10,43.93066,325.55072
PTPU-10,43.95801,325.92144
PTPU-10,43.98784,326.24185
PTPU-10,44.01431,326.6144
PTPU-10,44.0415,327.02425
PTPU-10,44.07066,327.3968
PTPU-10,44.09736,327.79357
PTPU-10,44.12466,328.19223
PTPU-10,44.1544,328.58901
PTPU-10,44.18091,329.01187
PTPU-10,44.2082,329.40867
PTPU-10,44.23726,329.9228
PTPU-10,44.26387,330.25625
PTPU-10,44.29116,330.71637
PTPU-10,44.31875,331.12805
PTPU-10,44.34702,331.4615
PTPU-10,44.37461,331.83222
PTPU-10,44.40449,332.20477
PTPU-10,44.43076,332.62763
PTPU-10,44.4583,333.06353
PTPU-10,44.48755,333.42307
PTPU-10,44.51397,333.7677
PTPU-10,44.54136,334.17938
PTPU-10,44.57119,334.48675
PTPU-10,44.59746,334.8202
PTPU-10,44.62486,335.15365
PTPU-10,44.6541,335.49826
PTPU-10,44.68056,335.87084
PTPU-10,44.70786,336.28066
PTPU-10,44.73769,336.64019
PTPU-10,44.76431,337.03697
PTPU-10,44.7915,337.29403
PTPU-10,44.82041,337.69083
PTPU-10,44.84702,338.08947
PTPU-10,44.87437,338.44714
PTPU-10,44.90435,338.84578
PTPU-10,44.93091,339.24255
PTPU-10,44.95815,339.62817
PTPU-10,44.98716,340.03799
PTPU-10,45.01367,340.44781
PTPU-10,45.04107,340.80734
PTPU-10,45.06865,341.16502
PTPU-10,45.09766,341.52453
PTPU-10,45.12417,341.93435
PTPU-10,45.1541,342.31997
PTPU-10,45.18076,342.71674
PTPU-10,45.20806,342.98687
PTPU-10,45.23501,343.33148
PTPU-10,45.26431,343.64071
PTPU-10,45.29189,343.922
PTPU-10,45.3208,344.3188
PTPU-10,45.34736,344.54978
PTPU-10,45.37471,344.88323
PTPU-10,45.40444,345.16637
PTPU-10,45.43086,345.52405
PTPU-10,45.4584,345.8966
PTPU-10,45.48735,346.14065
PTPU-10,45.51387,346.46103
PTPU-10,45.54121,346.66595
PTPU-10,45.57124,347.03667
PTPU-10,45.59761,347.29373
PTPU-10,45.62476,347.65327
PTPU-10,45.65395,347.99974
PTPU-10,45.68056,348.35742
PTPU-10,45.70786,348.6536
PTPU-10,45.73779,349.07646
PTPU-10,45.76426,349.39687
PTPU-10,45.7915,349.75641
PTPU-10,45.82046,350.14014
PTPU-10,45.84712,350.49968
PTPU-10,45.87446,350.76792
PTPU-10,45.902,351.03803
PTPU-10,45.93047,351.38452
PTPU-10,45.95781,351.67885
PTPU-10,45.9854,351.98622
PTPU-10,46.0144,352.2675
PTPU-10,46.04165,352.53761
PTPU-10,46.07075,352.79467
PTPU-10,46.09751,353.06294
PTPU-10,46.12476,353.45972
PTPU-10,46.15454,353.72982
PTPU-10,46.18105,354.01111
PTPU-10,46.20835,354.26819
PTPU-10,46.23735,354.56252
PTPU-10,46.26397,354.90899
PTPU-10,46.29126,355.13999
PTPU-10,46.32109,355.42128
PTPU-10,46.34756,355.69139
PTPU-10,46.37505,355.90935
PTPU-10,46.40395,356.19063
PTPU-10,46.43018,356.34525
PTPU-10,46.45776,356.56319
PTPU-10,46.48779,356.72898
PTPU-10,46.51416,356.90968
PTPU-10,46.54155,357.12764
PTPU-10,46.57061,357.30646
PTPU-10,46.59697,357.53746
PTPU-10,46.62422,357.63991
PTPU-10,46.65195,357.97336
PTPU-10,46.68096,358.14102
PTPU-10,46.70757,358.34591
PTPU-10,46.73745,358.4223
PTPU-10,46.76406,358.57692
PTPU-10,46.79126,358.65328
PTPU-10,46.82095,358.80604
PTPU-10,46.84761,358.99978
PTPU-10,46.875,359.10223
PTPU-10,46.90415,359.2289
PTPU-10,46.93076,359.33323
PTPU-10,46.95786,359.42264
PTPU-10,46.98774,359.55117
PTPU-10,47.01421,359.74305
PTPU-10,47.04165,359.93493
PTPU-10,47.07075,360.06346
PTPU-10,47.09722,360.2423
PTPU-10,47.1544,360.5124
PTPU-10,47.1544,360.5124
PTPU-10,47.18101,360.57575
PTPU-10,47.20835,360.70428
PTPU-10,47.23706,360.9483
PTPU-10,47.26372,360.9483
PTPU-10,47.29131,361.16626
PTPU-10,47.32104,361.29479
PTPU-10,47.34751,361.42147
PTPU-10,47.37495,361.70461
PTPU-10,47.40386,361.8201
PTPU-10,47.43027,362.03806
PTPU-10,47.45781,362.256
PTPU-10,47.48535,362.39572
PTPU-10,47.51377,362.63976
PTPU-10,47.54116,362.82046
PTPU-10,47.5688,362.9993
PTPU-10,47.59771,363.19115
PTPU-10,47.62402,363.34577
PTPU-10,47.65415,363.62705
PTPU-10,47.68071,363.75558
PTPU-10,47.70806,363.97355
PTPU-10,47.73804,364.16543
PTPU-10,47.7644,364.35728
PTPU-10,47.7916,364.5119
PTPU-10,47.82056,364.67769
PTPU-10,47.84727,364.9087
PTPU-10,47.87461,365.02419
PTPU-10,47.90444,365.21792
PTPU-10,47.93096,365.33155
PTPU-10,47.9583,365.48617
PTPU-10,47.9873,365.57558
PTPU-10,48.01382,365.67805
PTPU-10,48.04102,365.89599
PTPU-10,48.07095,365.93511
PTPU-10,48.09771,366.16609
PTPU-10,48.125,366.2816
PTPU-10,48.15391,366.4474
PTPU-10,48.18047,366.61506
PTPU-10,48.20771,366.70446
PTPU-10,48.23755,366.87026
PTPU-10,48.26421,366.93544
PTPU-10,48.2915,367.07516
PTPU-10,48.32061,367.24281
PTPU-10,48.34707,367.3192
PTPU-10,48.37451,367.37134
PTPU-10,48.40195,367.48686
PTPU-10,48.43066,367.55018
PTPU-10,48.45747,367.65265
PTPU-10,48.4875,367.76814
PTPU-10,48.51397,367.84451
PTPU-10,48.5414,367.96
PTPU-10,48.57119,368.04943
PTPU-10,48.59751,368.16492
PTPU-10,48.62481,368.24317
PTPU-10,48.65405,368.33258
PTPU-10,48.68056,368.31954
PTPU-10,48.70796,368.46111
PTPU-10,48.73779,368.46111
PTPU-10,48.76435,368.48533
PTPU-10,48.7916,368.40897
PTPU-10,48.82056,368.40897
PTPU-10,48.84717,368.42198
PTPU-10,48.87451,368.34562
PTPU-10,48.90449,368.31954
PTPU-10,48.9311,368.26737
PTPU-10,48.9583,368.12766
PTPU-10,48.98721,368.03825
PTPU-10,49.01372,367.92276
PTPU-10,49.04107,367.85755
PTPU-10,49.06865,367.57627
PTPU-10,49.09697,367.42165
PTPU-10,49.12437,367.11428
PTPU-10,49.1541,366.8833
PTPU-10,49.18071,366.61506
PTPU-10,49.20796,366.30769
PTPU-10,49.23755,366.01148
PTPU-10,49.26333,365.66501
PTPU-10,49.29165,365.39676
PTPU-10,49.32061,365.13968
PTPU-10,49.34707,364.76898
PTPU-10,49.37441,364.47279
PTPU-10,49.40405,364.17847
PTPU-10,49.42969,363.83197
PTPU-10,49.45801,363.5246
PTPU-10,49.48696,363.07566
PTPU-10,49.51343,362.69193
PTPU-10,49.54155,362.06229
PTPU-10,49.57066,361.60216
PTPU-10,49.59634,361.06379
PTPU-10,49.62432,360.42299
PTPU-10,49.65347,359.8958
PTPU-10,49.68003,359.2289
PTPU-10,49.70757,358.55083
PTPU-10,49.73755,357.97336
PTPU-10,49.76397,357.26922
PTPU-10,49.79107,356.4477
PTPU-10,49.82017,355.63922
PTPU-10,49.84682,354.76742
PTPU-10,49.87514,353.89562
PTPU-10,49.90351,353.089
PTPU-10,49.93003,352.28055
PTPU-10,49.95815,351.53728
PTPU-10,49.98706,350.74184
PTPU-10,50.01353,350.08798
PTPU-10,50.04155,349.53845
PTPU-10,50.06982,348.98705
PTPU-10,50.09668,348.49899
PTPU-10,50.12486,348.15249
PTPU-10,50.15371,347.806
PTPU-10,50.18023,347.51167
PTPU-10,50.21001,347.17824
PTPU-10,50.23652,346.98637
PTPU-10,50.26323,346.66595
PTPU-10,50.29131,346.44802
PTPU-10,50.32036,346.23005
PTPU-10,50.34678,345.92268
PTPU-10,50.37446,345.74199
PTPU-10,50.40337,345.43462
PTPU-10,50.43042,345.33217
PTPU-10,50.45796,345.22972
PTPU-10,50.48652,345.0248
PTPU-10,50.51377,344.94843
PTPU-10,50.5436,344.83292
PTPU-10,50.57012,344.69135
PTPU-10,50.59717,344.56282
PTPU-10,50.62451,344.49947
PTPU-10,50.65278,344.42124
PTPU-10,50.68013,344.3579
PTPU-10,50.70991,344.24241
PTPU-10,50.73638,344.12692
PTPU-10,50.76377,344.08965
PTPU-10,50.79346,343.83259
PTPU-10,50.81899,343.73014
PTPU-10,50.84717,343.64071
PTPU-10,50.87617,343.44697
PTPU-10,50.90278,343.43581
PTPU-10,50.93008,343.42277
PTPU-10,50.95982,343.3706
PTPU-10,50.9854,343.35756
PTPU-10,51.01353,343.39669
PTPU-10,51.04258,343.3706
PTPU-10,51.06909,343.34452
PTPU-10,51.09722,343.40973
PTPU-10,51.12622,343.38365
PTPU-10,51.15205,343.42277
PTPU-10,51.18032,343.29422
PTPU-10,51.20923,343.30726
PTPU-10,51.2354,343.34452
PTPU-10,51.26372,343.25511
PTPU-10,51.29297,343.24207
PTPU-10,51.31865,343.2812
PTPU-10,51.34682,343.26816
PTPU-10,51.37588,343.2812
PTPU-10,51.40224,343.29422
PTPU-10,51.42969,343.21785
PTPU-10,51.45908,343.26816
PTPU-10,51.48555,343.2812
PTPU-10,51.51362,343.33148
PTPU-10,51.54263,343.2812
PTPU-10,51.56924,343.38365
PTPU-10,51.59722,343.33148
PTPU-10,51.62524,343.39669
PTPU-10,51.65273,343.43581
PTPU-10,51.68013,343.42277
PTPU-10,51.70913,343.44697
PTPU-10,51.73579,343.57553
PTPU-10,51.76582,343.54944
PTPU-10,51.79219,343.66493
PTPU-10,51.81944,343.67797
PTPU-10,51.84687,343.7562
PTPU-10,51.87593,343.80651
PTPU-10,51.90249,343.88287
PTPU-10,51.93247,343.84563
PTPU-10,51.95889,343.99838
PTPU-10,51.98623,343.97416
PTPU-10,52.01357,344.01143
PTPU-10,52.04243,344.20328
PTPU-10,52.06899,344.21632
PTPU-10,52.09912,344.33184
PTPU-10,52.12559,344.3579
PTPU-10,52.15278,344.46037
PTPU-10,52.18018,344.57586
PTPU-10,52.20913,344.62802
PTPU-10,52.23565,344.83292
PTPU-10,52.26567,344.90931
PTPU-10,52.29214,345.11421
PTPU-10,52.31948,345.20364
PTPU-10,52.34678,345.26882
PTPU-10,52.37588,345.29305
PTPU-10,52.40229,345.29305
PTPU-10,52.42959,345.28186
PTPU-10,52.45889,345.29305
PTPU-10,52.4856,345.33217
PTPU-10,52.51367,345.33217
PTPU-10,52.54272,345.35825
PTPU-10,52.56929,345.30609
PTPU-10,52.59649,345.29305
PTPU-10,52.62549,345.33217
PTPU-10,52.6522,345.35825
PTPU-10,52.68037,345.34521
PTPU-10,52.70942,345.38434
PTPU-10,52.73594,345.44766
PTPU-10,52.76592,345.47374
PTPU-10,52.79229,345.52405
PTPU-10,52.81948,345.48678
PTPU-10,52.84687,345.56315
PTPU-10,52.87593,345.55011
PTPU-10,52.90259,345.53709
PTPU-10,52.93257,345.58923
PTPU-10,52.95889,345.53709
PTPU-10,52.98618,345.43462
PTPU-10,53.01343,345.44766
PTPU-10,53.04253,345.44766
PTPU-10,53.06909,345.34521
PTPU-10,53.09658,345.37129
PTPU-10,53.12563,345.40854
PTPU-10,53.15288,345.31913
PTPU-10,53.18032,345.38434
PTPU-10,53.20869,345.28186
PTPU-10,53.23569,345.34521
PTPU-10,53.26567,345.33217
PTPU-10,53.29234,345.38434
PTPU-10,53.31953,345.43462
PTPU-10,53.34687,345.40854
PTPU-10,53.37505,345.38434
PTPU-10,53.40224,345.33217
PTPU-10,53.43198,345.31913
PTPU-10,53.45864,345.28186
PTPU-10,53.48589,345.31913
PTPU-10,53.51318,345.30609
PTPU-10,53.54136,345.30609
PTPU-10,53.56958,345.30609
PTPU-10,53.59844,345.17941
PTPU-10,53.62466,345.12725
PTPU-10,53.6522,345.03784
PTPU-10,53.68213,344.97263
PTPU-10,53.70771,344.85714
PTPU-10,53.73598,344.81988
PTPU-10,53.76484,344.70439
PTPU-10,53.79116,344.56282
PTPU-10,53.81924,344.49947
PTPU-10,53.84839,344.42124
PTPU-10,53.87427,344.33184
PTPU-10,53.90244,344.20328
PTPU-10,53.9314,344.10083
PTPU-10,53.95786,343.98534
PTPU-10,53.9854,343.85867
PTPU-10,54.01514,343.7562
PTPU-10,54.04155,343.74318
PTPU-10,54.06895,343.56248
PTPU-10,54.09819,343.48609
PTPU-10,54.12466,343.49914
PTPU-10,54.15205,343.47305
PTPU-10,54.1813,343.51218
PTPU-10,54.20766,343.39669
PTPU-10,54.23579,343.05019
PTPU-10,54.26494,342.83226
PTPU-10,54.29136,342.75587
PTPU-10,54.31958,342.67762
PTPU-10,54.34771,342.71674
PTPU-10,54.37519,342.67762
PTPU-10,54.40239,342.72978
PTPU-10,54.43105,342.79313
PTPU-10,54.45776,342.78195
PTPU-10,54.48608,342.81921
PTPU-10,54.51416,342.80617
PTPU-10,54.5416,342.79313
PTPU-10,54.57134,342.89558
PTPU-10,54.59766,342.90862
PTPU-10,54.62486,342.98687
PTPU-10,54.65239,343.08932
PTPU-10,54.68052,343.06324
PTPU-10,54.70786,343.07628
PTPU-10,54.73769,343.01107
PTPU-10,54.76421,342.98687
PTPU-10,54.7914,342.87136
PTPU-10,54.8186,342.81921
PTPU-10,54.84682,342.76891
PTPU-10,54.87505,342.64038
PTPU-10,54.9041,342.4988
PTPU-10,54.93071,342.42241
PTPU-10,54.95781,342.30692
PTPU-10,54.98755,342.11504
PTPU-10,55.01323,342.02564
PTPU-10,55.0414,341.80768
PTPU-10,55.07041,341.61396
PTPU-10,55.09687,341.53757
PTPU-10,55.1251,341.34569
PTPU-10,55.154,341.24324
PTPU-10,55.18056,340.99922
PTPU-10,55.20781,340.90979
PTPU-10,55.23662,340.78126
PTPU-10,55.26323,340.57636
PTPU-10,55.29155,340.44781
PTPU-10,55.32051,340.25595
PTPU-10,55.34697,339.99887
PTPU-10,55.37514,339.80701
PTPU-10,55.40313,339.47356
PTPU-10,55.43047,339.2556
PTPU-10,55.45791,339.08794
PTPU-10,55.48692,338.84578
PTPU-10,55.51343,338.71725
PTPU-10,55.54155,338.42292
PTPU-10,55.56987,338.32047
PTPU-10,55.59707,338.17887
PTPU-10,55.62417,338.01124
PTPU-10,55.65332,338.02426
PTPU-10,55.68076,337.88455
PTPU-10,55.70806,337.80632
PTPU-10,55.73633,337.80632
PTPU-10,55.76357,337.72993
PTPU-10,55.79336,337.69083
PTPU-10,55.81987,337.64052
PTPU-10,55.84731,337.58836
PTPU-10,55.87627,337.55112
PTPU-10,55.90273,337.56227
PTPU-10,55.93003,337.53808
PTPU-10,55.95982,337.61444
PTPU-10,55.98628,337.49895
PTPU-10,56.01353,337.56227
PTPU-10,56.04326,337.61444
PTPU-10,56.06895,337.51199
PTPU-10,56.09731,337.57532
PTPU-10,56.12627,337.55112
PTPU-10,56.15264,337.49895
PTPU-10,56.17993,337.58836
PTPU-10,56.20972,337.55112
PTPU-10,56.23535,337.58836
PTPU-10,56.26362,337.6014
PTPU-10,56.29258,337.61444
PTPU-10,56.31909,337.65357
PTPU-10,56.34717,337.58836
PTPU-10,56.37632,337.67779
PTPU-10,56.40205,337.72993
PTPU-10,56.42993,337.78024
PTPU-10,56.45918,337.84544
PTPU-10,56.48589,337.93485
PTPU-10,56.51397,337.94789
PTPU-10,56.54302,338.08947
PTPU-10,56.56963,338.10251
PTPU-10,56.59678,338.24222
PTPU-10,56.62583,338.32047
PTPU-10,56.65254,338.4341
PTPU-10,56.68071,338.54959
PTPU-10,56.70972,338.60176
PTPU-10,56.73623,338.69116
PTPU-10,56.76367,338.73029
PTPU-10,56.79258,338.76753
PTPU-10,56.81904,338.87
PTPU-10,56.84663,338.98549
PTPU-10,56.87588,339.03766
PTPU-10,56.90254,339.16619
PTPU-10,56.93008,339.2556
PTPU-10,56.95982,339.39717
PTPU-10,56.98545,339.47356
PTPU-10,57.01357,339.57601
PTPU-10,57.04263,339.75484
PTPU-10,57.06919,339.88338
PTPU-10,57.09731,340.0883
PTPU-10,57.12637,340.24291
PTPU-10,57.15288,340.37144
PTPU-10,57.18037,340.5242
PTPU-10,57.20937,340.71794
PTPU-10,57.23555,340.84461
PTPU-10,57.26392,340.98618
PTPU-10,57.29321,341.16502
PTPU-10,57.31958,341.30659
PTPU-10,57.34692,341.49845
PTPU-10,57.37603,341.69219
PTPU-10,57.40244,341.88406
PTPU-10,57.43052,342.03682
PTPU-10,57.45972,342.21752
PTPU-10,57.48623,342.34605
PTPU-10,57.51353,342.53793
PTPU-10,57.54258,342.7037
PTPU-10,57.56929,342.92166
PTPU-10,57.59731,342.99989
PTPU-10,57.62608,343.20481
PTPU-10,57.65278,343.3706
PTPU-10,57.68023,343.53826
PTPU-10,57.70923,343.62767
PTPU-10,57.73589,343.81955
PTPU-10,57.76333,343.96112
PTPU-10,57.79311,344.07661
PTPU-10,57.81875,344.24241
PTPU-10,57.84702,344.46037
PTPU-10,57.87608,344.57586
PTPU-10,57.90259,344.81988
PTPU-10,57.92993,344.93539
PTPU-10,57.95977,345.1906
PTPU-10,57.98633,345.31913
PTPU-10,58.01367,345.48678
PTPU-10,58.04253,345.78111
PTPU-10,58.06909,345.92268
PTPU-10,58.09751,346.12761
PTPU-10,58.12646,346.42193
PTPU-10,58.15288,346.58959
PTPU-10,58.18032,346.88392
PTPU-10,58.20928,347.12794
PTPU-10,58.23574,347.3701
PTPU-10,58.26406,347.65327
PTPU-10,58.29302,347.87121
PTPU-10,58.3189,348.13945
PTPU-10,58.34712,348.34437
PTPU-10,58.37627,348.49899
PTPU-10,58.40269,348.72997
PTPU-10,58.42969,348.99821
PTPU-10,58.45918,349.17891
PTPU-10,58.48589,349.43414
PTPU-10,58.51333,349.60179
PTPU-10,58.54316,349.84581
PTPU-10,58.5689,350.10102
PTPU-10,58.59687,350.22955
PTPU-10,58.62578,350.54996
PTPU-10,58.65254,350.71762
PTPU-10,58.68066,350.92254
PTPU-10,58.70972,351.16656
PTPU-10,58.73623,351.3454
PTPU-10,58.76367,351.57638
PTPU-10,58.79258,351.65277
PTPU-10,58.81899,351.8707
PTPU-10,58.84727,352.08867
PTPU-10,58.87632,352.2172
PTPU-10,58.90298,352.38299
PTPU-10,58.93037,352.64006
PTPU-10,58.95923,352.8841
PTPU-10,58.98574,353.03686
PTPU-10,59.01318,353.33304
PTPU-10,59.04316,353.51188
PTPU-10,59.0689,353.70374
PTPU-10,59.09702,353.93474
PTPU-10,59.12608,354.11355
PTPU-10,59.15249,354.06327
PTPU-10,59.17998,354.06327
PTPU-10,59.20982,354.15268
PTPU-10,59.23603,354.32034
PTPU-10,59.26357,354.38368
PTPU-10,59.29287,354.60162
PTPU-10,59.31929,354.71714
PTPU-10,59.34741,354.84567
PTPU-10,59.37651,354.9742
PTPU-10,59.40288,355.05056
PTPU-10,59.43018,355.20332
PTPU-10,59.45937,355.35793
PTPU-10,59.48589,355.49951
PTPU-10,59.51411,355.73051
PTPU-10,59.54316,355.87022
PTPU-10,59.56977,356.02484
PTPU-10,59.59697,356.21672
PTPU-10,59.62573,356.30612
PTPU-10,59.65249,356.58927
PTPU-10,59.68076,356.66566
PTPU-10,59.70972,356.85751
PTPU-10,59.73643,356.97303
PTPU-10,59.76362,357.19097
PTPU-10,59.79253,357.3195
PTPU-10,59.81904,357.5505
PTPU-10,59.84673,357.72932
PTPU-10,59.87593,357.84483
PTPU-10,59.90249,358.07581
PTPU-10,59.92998,358.17828
PTPU-10,59.95982,358.40926
PTPU-10,59.9855,358.52475
PTPU-10,60.01367,358.70359
PTPU-10,60.04253,358.89733
PTPU-10,60.06904,359.01282
PTPU-10,60.09746,359.08921
PTPU-10,60.12646,359.15253
PTPU-10,60.15283,359.26802
PTPU-10,60.18027,359.40959
PTPU-10,60.20918,359.47294
PTPU-10,60.23574,359.58843
PTPU-10,60.26406,359.60147
PTPU-10,60.29302,359.75609
PTPU-10,60.31958,359.71696
PTPU-10,60.34692,359.78031
PTPU-10,60.37603,359.71696
PTPU-10,60.40244,359.70392
PTPU-10,60.43037,359.56235
PTPU-10,60.45962,359.49903
PTPU-10,60.48628,359.40959
PTPU-10,60.51357,359.15253
PTPU-10,60.54263,359.01282
PTPU-10,60.56909,358.69055
PTPU-10,60.59727,358.38318
PTPU-10,60.62617,357.91001
PTPU-10,60.65283,357.20401
PTPU-10,60.68013,354.29425
PTPU-10,60.70918,349.70424
PTPU-10,60.73569,347.70355
PTPU-10,60.76392,346.26918
PTPU-10,60.79277,345.05088
PTPU-10,60.81919,344.13996
PTPU-10,60.84653,343.35756
PTPU-10,60.87559,342.55095
PTPU-10,60.90303,341.91015
PTPU-10,60.93042,341.42208
PTPU-10,60.95928,340.89675
PTPU-10,60.98569,340.47389
PTPU-10,61.01572,340.19074
PTPU-10,61.04224,339.99887
PTPU-10,61.06958,339.6915
PTPU-10,61.09682,339.47356
PTPU-10,61.12524,339.16619
PTPU-10,61.15244,339.03766
PTPU-10,61.18237,338.80665
PTPU-10,61.20879,338.64086
PTPU-10,61.23521,338.60176
PTPU-10,61.26514,338.44714
PTPU-10,61.29185,338.37075
PTPU-10,61.31904,338.38379
PTPU-10,61.34878,338.37075
PTPU-10,61.37529,338.28135
PTPU-10,61.40264,338.28135
PTPU-10,61.43164,338.25526
PTPU-10,61.4583,338.29439
PTPU-10,61.48555,338.38379
PTPU-10,61.51308,338.48624
PTPU-10,61.54145,338.52537
PTPU-10,61.5689,338.57567
PTPU-10,61.59858,338.69116
PTPU-10,61.62481,338.83274
PTPU-10,61.65234,338.85882
PTPU-10,61.68227,339.11402
PTPU-10,61.70786,339.17923
PTPU-10,61.73613,339.38413
PTPU-10,61.76504,339.4866
PTPU-10,61.79136,339.67845
PTPU-10,61.81875,340.03799
PTPU-10,61.84809,340.19074
PTPU-10,61.87461,340.49997
PTPU-10,61.90191,340.78126
PTPU-10,61.93179,340.98618
PTPU-10,61.95825,341.25628
PTPU-10,61.98565,341.47425
PTPU-10,62.0146,341.72945
PTPU-10,62.04097,342.08896
PTPU-10,62.06841,342.31997
PTPU-10,62.09844,342.57517
PTPU-10,62.12495,342.92166
PTPU-10,62.1522,343.12658
PTPU-10,62.18208,343.39669
PTPU-10,62.20771,343.66493
PTPU-10,62.23594,343.87171
PTPU-10,62.26504,344.11387
PTPU-10,62.29155,344.46037
PTPU-10,62.31895,344.73047
PTPU-10,62.34878,345.03784
PTPU-10,62.37461,345.31913
PTPU-10,62.40269,345.49983
PTPU-10,62.4314,345.70472
PTPU-10,62.45815,345.93573
PTPU-10,62.48569,346.16485
PTPU-10,62.51543,346.39585
PTPU-10,62.54126,346.69204
PTPU-10,62.56944,346.98637
PTPU-10,62.59824,347.23039
PTPU-10,62.62471,347.5508
PTPU-10,62.65224,347.74268
PTPU-10,62.68208,348.02396
PTPU-10,62.70781,348.28103
PTPU-10,62.7354,348.4226
PTPU-10,62.76533,348.74301
PTPU-10,62.7917,348.88458
PTPU-10,62.81895,349.13981
PTPU-10,62.84805,349.38383
PTPU-10,62.87461,349.53845
PTPU-10,62.90205,349.76757
PTPU-10,62.93193,350.02465
PTPU-10,62.95835,350.24259
PTPU-10,62.98565,350.48664
PTPU-10,63.01548,350.80705
PTPU-10,63.04121,351.02499
PTPU-10,63.09849,351.70493
PTPU-10,63.09849,351.70493
PTPU-10,63.125,351.92287
PTPU-10,63.15234,352.25632
PTPU-10,63.18227,352.43516
PTPU-10,63.20796,352.80585
PTPU-10,63.23584,353.12812
PTPU-10,63.26509,353.42245
PTPU-10,63.29185,353.74286
PTPU-10,63.31904,354.13964
PTPU-10,63.34888,354.48613
PTPU-10,63.37461,354.90899
PTPU-10,63.40273,355.30765
PTPU-10,63.43169,355.63922
PTPU-10,63.4584,356.05092
PTPU-10,63.48565,356.51104
PTPU-10,63.51553,356.93576
